"show_id","type","title","director","cast","country","date_added","release_year","rating","duration_num","duration_unit","listed_in","description","year_added","month_added"
"s8","Movie","Sankofa","Haile Gerima","Kofi Ghanaba, Oyafunmike Ogunlano, Alexandra Duah, Nick Medley, Mutabaruka, Afemo Omilami, Reggie Carter, Mzuri","United States, Ghana, Burkina Faso, United Kingdom, Germany, Ethiopia",2021-09-24,1993,"TV-MA",125,"min","Dramas, Independent Movies, International Movies","On a photo shoot in Ghana, an American model slips back in time, becomes enslaved on a plantation and bears witness to the agony of her ancestral past.",2021,"Sep"
"s9","Tv Show","The Great British Baking Show","Andy Devonshire","Mel Giedroyc, Sue Perkins, Mary Berry, Paul Hollywood","United Kingdom",2021-09-24,2021,"TV-14",9,"Seasons","British TV Shows, Reality TV","A talented batch of amateur bakers face off in a 10-week competition, whipping up their best dishes in the hopes of being named the U.K.'s best.",2021,"Sep"
"s10","Movie","The Starling","Theodore Melfi","Melissa McCarthy, Chris O'Dowd, Kevin Kline, Timothy Olyphant, Daveed Diggs, Skyler Gisondo, Laura Harrier, Rosalind Chao, Kimberly Quinn, Loretta Devine, Ravi Kapoor","United States",2021-09-24,2021,"PG-13",104,"min","Comedies, Dramas","A woman adjusting to life after a loss contends with a feisty bird that's taken over her garden — and a husband who's struggling to find a way forward.",2021,"Sep"
"s13","Movie","Je Suis Karl","Christian Schwochow","Luna Wedler, Jannis Niewöhner, Milan Peschel, Edin Hasanović, Anna Fialová, Marlon Boess, Victor Boccard, Fleur Geffrier, Aziz Dyab, Mélanie Fouché, Elizaveta Maximová","Germany, Czech Republic",2021-09-23,2021,"TV-MA",127,"min","Dramas, International Movies","After most of her family is murdered in a terrorist bombing, a young woman is unknowingly lured into joining the very group that killed them.",2021,"Sep"
"s25","Movie","Jeans","S. Shankar","Prashanth, Aishwarya Rai Bachchan, Sri Lakshmi, Nassar","India",2021-09-21,1998,"TV-14",166,"min","Comedies, International Movies, Romantic Movies","When the father of the man she loves insists that his twin sons marry twin sisters, a woman creates an alter ego that might be a bit too convincing.",2021,"Sep"
"s28","Movie","Grown Ups","Dennis Dugan","Adam Sandler, Kevin James, Chris Rock, David Spade, Rob Schneider, Salma Hayek, Maria Bello, Maya Rudolph, Colin Quinn, Tim Meadows, Joyce Van Patten","United States",2021-09-20,2010,"PG-13",103,"min","Comedies","Mourning the loss of their beloved junior high basketball coach, five middle-aged pals reunite at a lake house and rediscover the joys of being a kid.",2021,"Sep"
"s29","Movie","Dark Skies","Scott Stewart","Keri Russell, Josh Hamilton, J.K. Simmons, Dakota Goyo, Kadan Rockett, L.J. Benet, Rich Hutchman, Myndy Crist, Annie Thurman, Jake Brennan","United States",2021-09-19,2013,"PG-13",97,"min","Horror Movies, Sci-Fi & Fantasy","A family’s idyllic suburban life shatters when an alien force invades their home, and as they struggle to convince others of the deadly threat.",2021,"Sep"
"s30","Movie","Paranoia","Robert Luketic","Liam Hemsworth, Gary Oldman, Amber Heard, Harrison Ford, Lucas Till, Embeth Davidtz, Julian McMahon, Josh Holloway, Richard Dreyfuss, Angela Sarafyan","United States, India, France",2021-09-19,2013,"PG-13",106,"min","Thrillers","Blackmailed by his company's CEO, a low-level employee finds himself forced to spy on the boss's rival and former mentor.",2021,"Sep"
"s39","Movie","Birth of the Dragon","George Nolfi","Billy Magnussen, Ron Yuan, Qu Jingjing, Terry Chen, Vanness Wu, Jin Xing, Philip Ng, Xia Yu, Yu Xia","China, Canada, United States",2021-09-16,2017,"PG-13",96,"min","Action & Adventure, Dramas","A young Bruce Lee angers kung fu traditionalists by teaching outsiders, leading to a showdown with a Shaolin master in this film based on real events.",2021,"Sep"
"s42","Movie","Jaws","Steven Spielberg","Roy Scheider, Robert Shaw, Richard Dreyfuss, Lorraine Gary, Murray Hamilton, Carl Gottlieb, Jeffrey Kramer, Susan Backlinie, Jonathan Filley, Ted Grossman","United States",2021-09-16,1975,"PG",124,"min","Action & Adventure, Classic Movies, Dramas","When an insatiable great white shark terrorizes Amity Island, a police chief, an oceanographer and a grizzled shark hunter seek to destroy the beast.",2021,"Sep"
"s43","Movie","Jaws 2","Jeannot Szwarc","Roy Scheider, Lorraine Gary, Murray Hamilton, Joseph Mascolo, Jeffrey Kramer, Collin Wilcox Paxton, Ann Dusenberry, Mark Gruner, Barry Coe, Susan French","United States",2021-09-16,1978,"PG",116,"min","Dramas, Horror Movies, Thrillers","Four years after the last deadly shark attacks, police chief Martin Brody fights to protect Amity Island from another killer great white.",2021,"Sep"
"s44","Movie","Jaws 3","Joe Alves","Dennis Quaid, Bess Armstrong, Simon MacCorkindale, Louis Gossett Jr., John Putch, Lea Thompson, P.H. Moriarty, Dan Blasko, Liz Morris, Lisa Maurer","United States",2021-09-16,1983,"PG",98,"min","Action & Adventure, Horror Movies, Thrillers","After the staff of a marine theme park try to capture a young great white shark, they discover its mother has invaded the enclosure and is out for blood.",2021,"Sep"
"s45","Movie","Jaws: The Revenge","Joseph Sargent","Lorraine Gary, Lance Guest, Mario Van Peebles, Karen Young, Michael Caine, Judith Barsi, Mitchell Anderson, Lynn Whitfield","United States",2021-09-16,1987,"PG-13",91,"min","Action & Adventure, Horror Movies, Thrillers","After another deadly shark attack, Ellen Brody has had enough of Amity Island and moves to the Caribbean – but a great white shark follows her there.",2021,"Sep"
"s47","Movie","Safe House","Daniel Espinosa","Denzel Washington, Ryan Reynolds, Vera Farmiga, Brendan Gleeson, Sam Shepard, Rubén Blades, Nora Arnezeder, Robert Patrick, Liam Cunningham, Joel Kinnaman","South Africa, United States, Japan",2021-09-16,2012,"R",115,"min","Action & Adventure","Young CIA operative Matt Weston must get a dangerous criminal out of an agency safe house that's come under attack and get him to a securer location.",2021,"Sep"
"s49","Movie","Training Day","Antoine Fuqua","Denzel Washington, Ethan Hawke, Scott Glenn, Tom Berenger, Harris Yulin, Raymond J. Barry, Cliff Curtis, Dr. Dre, Snoop Dogg, Macy Gray, Eva Mendes","United States",2021-09-16,2001,"R",122,"min","Dramas, Thrillers","A rookie cop with one day to prove himself to a veteran LAPD narcotics officer receives a crash course in his mentor's questionable brand of justice.",2021,"Sep"
"s52","Movie","InuYasha the Movie 2: The Castle Beyond the Looking Glass","Toshiya Shinohara","Kappei Yamaguchi, Satsuki Yukino, Mieko Harada, Koji Tsujitani, Houko Kuwashima, Kumiko Watanabe, Noriko Hidaka, Kenichi Ogata, Toshiyuki Morikawa, Izumi Ogami","Japan",2021-09-15,2002,"TV-14",99,"min","Action & Adventure, Anime Features, International Movies","With their biggest foe seemingly defeated, InuYasha and his friends return to everyday life. But the peace is soon shattered by an emerging new enemy.",2021,"Sep"
"s53","Movie","InuYasha the Movie 3: Swords of an Honorable Ruler","Toshiya Shinohara","Kappei Yamaguchi, Satsuki Yukino, Koji Tsujitani, Houko Kuwashima, Kumiko Watanabe, Ken Narita, Akio Otsuka, Kikuko Inoue","Japan",2021-09-15,2003,"TV-14",99,"min","Action & Adventure, Anime Features, International Movies","The Great Dog Demon beaqueathed one of the Three Swords of the Fang to each of his two sons. Now the evil power of the third sword has been awakened.",2021,"Sep"
"s54","Movie","InuYasha the Movie 4: Fire on the Mystic Island","Toshiya Shinohara","Kappei Yamaguchi, Satsuki Yukino, Koji Tsujitani, Houko Kuwashima, Kumiko Watanabe, Noriko Hidaka, Ken Narita, Cho, Mamiko Noto, Nobutoshi Canna","Japan",2021-09-15,2004,"TV-PG",88,"min","Action & Adventure, Anime Features, International Movies","Ai, a young half-demon who has escaped from Horai Island to try to help her people, returns with potential saviors InuYasha, Sesshomaru and Kikyo.",2021,"Sep"
"s55","Movie","InuYasha the Movie: Affections Touching Across Time","Toshiya Shinohara","Kappei Yamaguchi, Satsuki Yukino, Koji Tsujitani, Houko Kuwashima, Kumiko Watanabe, Kenichi Ogata, Noriko Hidaka, Hisako Kyoda, Ken Narita, Tomokazu Seki","Japan",2021-09-15,2001,"TV-PG",100,"min","Action & Adventure, Anime Features, International Movies","A powerful demon has been sealed away for 200 years. But when the demon's son is awakened, the fate of the world is in jeopardy.",2021,"Sep"
"s57","Movie","Naruto Shippuden the Movie: Blood Prison","Masahiko Murata","Junko Takeuchi, Chie Nakamura, Rikiya Koyama, Kazuhiko Inoue, Masaki Terasoma, Mie Sonozaki, Yuichi Nakamura, Kengo Kawanishi, Kosei Hirota, Masako Katsuki","Japan",2021-09-15,2011,"TV-14",102,"min","Action & Adventure, Anime Features, International Movies","Mistakenly accused of an attack on the Fourth Raikage, ninja Naruto is imprisoned in the impenetrable Hozuki Castle and his powers are sealed.",2021,"Sep"
"s58","Movie","Naruto Shippûden the Movie: Bonds","Hajime Kamegaki","Junko Takeuchi, Chie Nakamura, Noriaki Sugiyama, Unsho Ishizuka, Motoko Kumai, Kazuhiko Inoue, Rikiya Koyama, Showtaro Morikubo, Nana Mizuki, Satoshi Hino, Shinji Kawada","Japan",2021-09-15,2008,"TV-PG",93,"min","Action & Adventure, Anime Features, International Movies","When strange ninjas ambush the village of Konohagakure, it's up to adolescent ninja Naruto and his long-missing pal, Sasuke, to save the planet.",2021,"Sep"
"s59","Movie","Naruto Shippûden the Movie: The Will of Fire","Masahiko Murata","Junko Takeuchi, Chie Nakamura, Kazuhiko Inoue, Satoshi Hino, Showtaro Morikubo, Kentaro Ito, Ryoka Yuzuki, Kohsuke Toriumi, Nana Mizuki, Shinji Kawada, Yoichi Masukawa, Koichi Tochika, Yukari Tamura","Japan",2021-09-15,2009,"TV-PG",96,"min","Action & Adventure, Anime Features, International Movies","When four out of five ninja villages are destroyed, the leader of the one spared tries to find the true culprit and protect his land.",2021,"Sep"
"s60","Movie","Naruto Shippuden: The Movie","Hajime Kamegaki","Junko Takeuchi, Chie Nakamura, Yoichi Masukawa, Koichi Tochika, Ayumi Fujimura, Keisuke Oda, Daisuke Kishio, Fumiko Orikasa, Hidetoshi Nakamura, Tetsuya Kakihara, Kisho Taniyama, Miyuki Sawashiro, Katsuyuki Konishi, Masako Katsuki, Keiko Nemoto, Masashi Ebara, Kazuhiko Inoue, Showtaro Morikubo, Romi Park, Daisuke Ono, Seizo Kato","Japan",2021-09-15,2007,"TV-PG",95,"min","Action & Adventure, Anime Features, International Movies","The adventures of adolescent ninja Naruto Uzumaki continue as he's tasked with protecting a priestess from a demon – but to do so, he must die.",2021,"Sep"
"s61","Movie","Naruto Shippuden: The Movie: The Lost Tower","Masahiko Murata","Junko Takeuchi, Chie Nakamura, Satoshi Hino, Rikiya Koyama, Nobuaki Fukuda, Kenji Hamada, Keiko Nemoto, Saori Hayami, Yumi Toma, Yuko Kobayashi, Fujiko Takimoto, Mutsumi Tamura, Mayuki Makiguchi, Toshiyuki Morikawa","Japan",2021-09-15,2010,"TV-14",85,"min","Action & Adventure, Anime Features, International Movies","When Naruto is sent to recover a missing nin, the rogue manages to send him 20 years into the past, where he unites with his father to battle evil.",2021,"Sep"
"s62","Movie","Naruto the Movie 2: Legend of the Stone of Gelel","Hirotsugu Kawasaki","Junko Takeuchi, Gamon Kaai, Chie Nakamura, Showtaro Morikubo, Akira Ishida, Yasuyuki Kase, Urara Takano, Sachiko Kojima, Houko Kuwashima, Takako Honda","Japan",2021-09-15,2005,"TV-PG",97,"min","Action & Adventure, Anime Features, International Movies","While on a mission to return a missing pet, Naruto and two fellow ninjas are ambushed by brutal knights led by the enigmatic Temujin.",2021,"Sep"
"s63","Movie","Naruto the Movie 3: Guardians of the Crescent Moon Kingdom","Toshiyuki Tsuru","Junko Takeuchi, Chie Nakamura, Yoichi Masukawa, Kazuhiko Inoue, Akio Otsuka, Kyousuke Ikeda, Marika Hayashi, Umeji Sasaki, Masashi Sugawara, Hisao Egawa","Japan",2021-09-15,2006,"TV-PG",95,"min","Action & Adventure, Anime Features, International Movies","Exuberant ninja Naruto teams up with his pals Sakura and Kakashi to escort Prince Michiru and his son, Hikaru, to the Crescent Moon kingdom.",2021,"Sep"
"s64","Movie","Naruto the Movie: Ninja Clash in the Land of Snow","Tensai Okamura","Junko Takeuchi, Noriaki Sugiyama, Chie Nakamura, Kazuhiko Inoue, Yuhko Kaida, Tsutomu Isobe, Hirotaka Suzuoki, Jun Karasawa, Harii Kaneko, Ikuo Nishikawa","Japan",2021-09-15,2004,"TV-PG",83,"min","Action & Adventure, Anime Features, International Movies","Naruto, Sasuke and Sakura learn they'll be protecting an actress from being hurt while making her next film, but it turns out she's a princess.",2021,"Sep"
"s74","Movie","King of Boys","Kemi Adetiba","Sola Sobowale, Adesua Etomi, Remilekun ""Reminisce"" Safaru, Tobechukwu ""iLLbliss"" Ejiofor, Toni Tones, Paul Sambo, Jide Kosoko, Sharon Ooja","Nigeria",2021-09-14,2018,"TV-MA",182,"min","Dramas, International Movies","When a powerful businesswoman’s political ambitions are threatened by her underworld connections, the ensuing power struggle could cost her everything.",2021,"Sep"
"s82","Movie","Kate","Cedric Nicolas-Troyan","Mary Elizabeth Winstead, Jun Kunimura, Woody Harrelson, Tadanobu Asano, Miyavi, Michiel Huisman, Miku Martineau","United States",2021-09-10,2021,"R",106,"min","Action & Adventure","Slipped a fatal poison on her final job, a ruthless assassin working in Tokyo has less than 24 hours to find out who ordered the hit and exact revenge.",2021,"Sep"
"s85","Movie","Omo Ghetto: the Saga","JJC Skillz, Funke Akindele","Funke Akindele, Ayo Makun, Chioma Chukwuka Akpotha, Yemi Eberechi Alade, Blossom Chukwujekwu, Deyemi Okanlawon, Alexx Ekubo, Zubby Michael, Tina Mba, Femi Jacobs","Nigeria",2021-09-10,2020,"TV-MA",147,"min","Action & Adventure, Comedies, Dramas","Twins are reunited as a good-hearted female gangster and her uptight rich sister take on family, crime, cops and all of the trouble that follows them.",2021,"Sep"
"s91","Movie","Paradise Hills","Alice Waddington","Emma Roberts, Danielle Macdonald, Awkwafina, Eiza González, Milla Jovovich, Jeremy Irvine, Arnaud Valois, Daniel Horvath","Spain, United States",2021-09-09,2019,"TV-MA",95,"min","Sci-Fi & Fantasy, Thrillers","Uma wakes up in a lush tropical facility designed to turn willful girls into perfect ladies. That’s bad enough, but its real purpose is even worse.",2021,"Sep"
"s95","Movie","Show Dogs","Raja Gosnell","Will Arnett, Ludacris, Natasha Lyonne, Stanley Tucci, Jordin Sparks, Gabriel Iglesias, Shaquille O'Neal, Omar Chaparro, Alan Cumming, Andy Beckwith, Delia Sheppard, Kerry Shale","United Kingdom, United States",2021-09-08,2018,"PG",90,"min","Children & Family Movies, Comedies","A rough and tough police dog must go undercover with an FBI agent as a prim and proper pet at a dog show to save a baby panda from an illegal sale.",2021,"Sep"
"s97","Movie","If I Leave Here Tomorrow: A Film About Lynyrd Skynyrd","Stephen Kijak","Ronnie Van Zandt, Gary Rossington, Allen Collins, Leon Wilkeson, Bob Burns, Billy Powell, Ed King, Artimus Pyle, Steve Gaines, Johnny Van Zant","United States",2021-09-07,2018,"TV-MA",97,"min","Documentaries, Music & Musicals","Using interviews and archival footage, this documentary charts the story of the legendary Southern rockers with a focus on front man Ronnie Van Zant.",2021,"Sep"
"s106","Movie","Angamaly Diaries","Lijo Jose Pellissery","Antony Varghese, Reshma Rajan, Binny Rinky Benjamin, Vineeth Vishwam, Kichu Tellus, Sreekanth Dasan, Sarath Kumar, Tito Wilson, Anandhu, Bitto Davis, Sinoj Varghese","India",2021-09-05,2017,"TV-14",128,"min","Action & Adventure, Comedies, Dramas","After growing up amidst the gang wars of his hometown, Vincent forms an entrepreneurial squad of his own and ends up on the wrong side of the law.",2021,"Sep"
"s108","Movie","A Champion Heart","David de Vos","Mandy Grace, David de Vos, Donna Rusch, Devan Key, Isabella Mancuso, Ariana Guido","United States",2021-09-04,2018,"G",90,"min","Children & Family Movies, Dramas","When a grieving teen must work off her debt to a ranch, she cares for a wounded horse that teaches her more about healing than she expected.",2021,"Sep"
"s115","Movie","Anjaam","Rahul Rawail","Madhuri Dixit, Shah Rukh Khan, Tinnu Anand, Johny Lever, Kalpana Iyer, Himani Shivpuri, Sudha Chandran, Beena, Kiran Kumar","India",2021-09-02,1994,"TV-14",143,"min","Dramas, International Movies, Thrillers","A wealthy industrialist’s dangerous obsession with a flight attendant destroys her world, until she takes matters into her own hands to exact revenge.",2021,"Sep"
"s116","Movie","Bright Star","Jane Campion","Abbie Cornish, Ben Whishaw, Paul Schneider, Kerry Fox, Edie Martin, Thomas Brodie-Sangster, Claudie Blakley, Gerard Monaco, Antonia Campbell-Hughes, Samuel Roukin","United Kingdom, Australia, France",2021-09-02,2009,"PG",119,"min","Dramas, Romantic Movies","This drama details the passionate three-year romance between Romantic poet John Keats – who died tragically at age 25 – and his great love and muse.",2021,"Sep"
"s117","Movie","Dhanak","Nagesh Kukunoor","Krrish Chhabria, Hetal Gada, Vipin Sharma, Gulfam Khan, Suresh Menon, Vijay Maurya, Rajiv Lakshman, Ninad Kamat","India",2021-09-02,2015,"TV-PG",114,"min","Comedies, Dramas, Independent Movies","A movie-loving 10-year-old and her blind little brother trek to meet Indian superstar Shah Rukh Khan for help in getting the boy an eye operation.",2021,"Sep"
"s119","Movie","Gurgaon","Shanker Raman","Akshay Oberoi, Pankaj Tripathi, Ragini Khanna, Aamir Bashir, Shalini Vatsa, Ashish Verma","India",2021-09-02,2017,"TV-14",106,"min","Dramas, International Movies, Thrillers","When the daughter of a wealthy family returns from college, she gets a frosty welcome from her brother, who has problems – and plans – of his own.",2021,"Sep"
"s123","Movie","In the Cut","Jane Campion","Meg Ryan, Mark Ruffalo, Jennifer Jason Leigh, Nick Damici, Sharrieff Pugh, Kevin Bacon, Yaani King Mondschein, Heather Litteer","United Kingdom, Australia, France, United States",2021-09-02,2003,"R",118,"min","Thrillers","After embarking on an affair with the cop probing the murder of a young woman, an insular schoolteacher suspects her lover was involved in the crime.",2021,"Sep"
"s127","Movie","Shikara","Vidhu Vinod Chopra","Aadil Khan, Sadia Khateeb, Zain Khan Durrani, Priyanshu Chatterjee, Bhavna Chauhan, Ashwin Dhar, Farid Azad Khan, Saghar Sehrai","India",2021-09-02,2020,"TV-14",115,"min","Dramas, International Movies, Romantic Movies","A couple must strive to remain resilient after regional hostilities drive them from their beloved home into a refugee camp.",2021,"Sep"
"s128","Movie","A Cinderella Story","Mark Rosman","Hilary Duff, Chad Michael Murray, Jennifer Coolidge, Dan Byrd, Regina King, Julie Gonzalo, Lin Shaye, Madeline Zima, Andrea Avery, Mary Pat Gleason, Paul Rodriguez, Whip Hubley, Kevin Kilner, Erica Hubbard, Simon Helberg","United States, Canada",2021-09-01,2004,"PG",95,"min","Children & Family Movies, Comedies","Teen Sam meets the boy of her dreams at a dance before returning to toil in her stepmother's diner. Can her lost cell phone bring them together?",2021,"Sep"
"s130","Movie","An Unfinished Life","Lasse Hallström","Robert Redford, Jennifer Lopez, Morgan Freeman, Josh Lucas, Damian Lewis, Camryn Manheim, Becca Gardner, Lynda Boyd, Rob Hayter, P. Lynn Johnson","Germany, United States",2021-09-01,2005,"PG-13",108,"min","Dramas","A grieving widow and her daughter move in with her estranged father-in-law in Wyoming, where time allows them to heal and forgive.",2021,"Sep"
"s132","Movie","Blade Runner: The Final Cut","Ridley Scott","Harrison Ford, Rutger Hauer, Sean Young, Edward James Olmos, M. Emmet Walsh, Daryl Hannah, William Sanderson, Brion James, Joe Turkel, Joanna Cassidy, James Hong, Morgan Paull","United States",2021-09-01,1982,"R",117,"min","Action & Adventure, Classic Movies, Cult Movies","In a smog-choked dystopian Los Angeles, blade runner Rick Deckard is called out of retirement to snuff a quartet of escaped ""replicants.""",2021,"Sep"
"s134","Movie","Chappie","Neill Blomkamp","Sharlto Copley, Hugh Jackman, Sigourney Weaver, Dev Patel, Ninja, Yo-Landi Visser, Jose Pablo Cantillo, Brandon Auret, Johnny Selema, Maurice Carpede","South Africa, United States",2021-09-01,2015,"R",121,"min","Action & Adventure, Sci-Fi & Fantasy","In a futuristic society where an indestructible robot police force keeps crime at bay, a lone droid evolves to the next level of artificial intelligence.",2021,"Sep"
"s135","Movie","Clear and Present Danger","Phillip Noyce","Harrison Ford, Willem Dafoe, Anne Archer, Joaquim de Almeida, Henry Czerny, Harris Yulin, Donald Moffat, Miguel Sandoval, Benjamin Bratt, Dean Jones, Thora Birch, James Earl Jones, Raymond Cruz","United States, Mexico",2021-09-01,1994,"PG-13",142,"min","Action & Adventure, Dramas","When the president's friend is murdered, CIA Deputy Director Jack Ryan becomes unwittingly involved in an illegal war against a Colombian drug cartel.",2021,"Sep"
"s136","Movie","Cliffhanger","Renny Harlin","Sylvester Stallone, John Lithgow, Michael Rooker, Janine Turner, Rex Linn, Caroline Goodall, Leon, Craig Fairbrass, Ralph Waite, Max Perlich, Paul Winfield","United States, Italy, France, Japan",2021-09-01,1993,"R",113,"min","Action & Adventure","Ranger Gabe Walker and his partner are called to rescue a group of stranded climbers, only to learn the climbers are actually thieving hijackers.",2021,"Sep"
"s137","Movie","Cold Mountain","Anthony Minghella","Jude Law, Nicole Kidman, Renée Zellweger, Eileen Atkins, Brendan Gleeson, Philip Seymour Hoffman, Natalie Portman, Giovanni Ribisi, Donald Sutherland, Ray Winstone","United States, Italy, Romania, United Kingdom",2021-09-01,2003,"R",154,"min","Dramas, Romantic Movies","This drama follows a wounded Civil War soldier making the long journey home, while his faraway love fights for survival on her deceased father's farm.",2021,"Sep"
"s138","Movie","Crocodile Dundee in Los Angeles","Simon Wincer","Paul Hogan, Linda Kozlowski, Jere Burns, Jonathan Banks, Aida Turturro, Alec Wilson, Gerry Skilton, Steve Rackman, Serge Cockburn, Paul Rodriguez, Mark Adair-Rios, Tiriel Mora, Grant Piro, Mike Tyson","Australia, United States",2021-09-01,2001,"PG",95,"min","Action & Adventure, Comedies","When Mick ""Crocodile"" Dundee and his family land in Los Angeles, they soon learn some lessons about American life in this comedy sequel.",2021,"Sep"
"s139","Movie","Dear John","Lasse Hallström","Channing Tatum, Amanda Seyfried, Richard Jenkins, Henry Thomas, D.J. Cotrona, Cullen Moss, Gavin McCulley, Jose Lucena Jr., Keith Robinson, Scott Porter","United States",2021-09-01,2010,"PG-13",108,"min","Dramas, Romantic Movies","While on summer leave, a U.S. soldier falls for a college student. But when he's forced to reenlist, their handwritten letters hold the lovers together.",2021,"Sep"
"s140","Movie","Do the Right Thing","Spike Lee","Danny Aiello, Ossie Davis, Ruby Dee, Richard Edson, Giancarlo Esposito, Spike Lee, Bill Nunn, John Turturro, Paul Benjamin, Frankie Faison, Samuel L. Jackson, Rosie Perez, Martin Lawrence, Miguel Sandoval","United States",2021-09-01,1989,"R",120,"min","Classic Movies, Comedies, Dramas","On a sweltering day in Brooklyn, simmering racial tensions between residents rise to the surface and ignite rage, violence and tragedy.",2021,"Sep"
"s141","Movie","El patrón, radiografía de un crimen","Sebastián Schindel","Joaquín Furriel, Luis Ziembrowski, Guillermo Pfening, Mónica Lairana, Germán de Silva, Victoria Raposo, Andrea Garrote","Argentina, Venezuela",2021-09-01,2014,"TV-MA",100,"min","Dramas, International Movies, Thrillers","A lawyer defends an illiterate man whose exploitation by a cruel boss while working as a butcher in Buenos Aires led to tragedy. Based on a true case.",2021,"Sep"
"s142","Movie","Extraction","Steven C. Miller","Bruce Willis, Kellan Lutz, Gina Carano, D.B. Sweeney, Joshua Mikel, Steve Coulter, Dan Bilzerian, Heather Johansen","United States, United Kingdom, Canada",2021-09-01,2015,"R",82,"min","Action & Adventure","When a retired CIA agent is kidnapped, his son, a government analyst, embarks on an unauthorized mission to find him and halt a terrorist plot.",2021,"Sep"
"s143","Movie","Freedom Writers","Richard LaGravenese","Hilary Swank, Patrick Dempsey, Scott Glenn, Imelda Staunton, April L. Hernandez, Mario, Kristin Herrera, Jaclyn Ngan, Sergio Montalvo, Jason Finn, Deance Wyatt, Vanetta Smith","Germany, United States",2021-09-01,2007,"PG-13",124,"min","Dramas","While her at-risk students are reading classics such as ""The Diary of Anne Frank,"" a teacher asks them to keep journals about their troubled lives.",2021,"Sep"
"s144","Movie","Green Lantern","Martin Campbell","Ryan Reynolds, Blake Lively, Peter Sarsgaard, Mark Strong, Tim Robbins, Jay O. Sanders, Taika Waititi, Angela Bassett","United States",2021-09-01,2011,"PG-13",114,"min","Action & Adventure, Sci-Fi & Fantasy","Test pilot Hal Jordan harnesses glowing new powers for good when he wears an otherworldly ring and helps an intergalactic force stop a powerful threat.",2021,"Sep"
"s145","Movie","House Party","Reginald Hudlin","Christopher Reid, Christopher Martin, Robin Harris, Tisha Campbell, A.J. Johnson, Martin Lawrence, Paul Anthony, Bowlegged Lou, B-Fine, Edith Fields, Kelly Jo Minter, Clifton Powell, Verda Bridges","United States",2021-09-01,1990,"R",104,"min","Comedies, Cult Movies","Grounded by his strict father, Kid risks life and limb to go to his best friend Play's big bash but experiences one obstacle after another.",2021,"Sep"
"s146","Movie","House Party 2","George Jackson, Doug McHenry","Christopher Reid, Christopher Martin, Martin Lawrence, Bowlegged Lou, Paul Anthony, B-Fine, Tisha Campbell, Kamron, Iman, Queen Latifah","United States",2021-09-01,1991,"R",94,"min","Comedies, Cult Movies, Music & Musicals","Kid goes off to college with scholarship money but when Play loses Kid's tuition funds to a shady music promoter, they devise a wild plan to raise cash.",2021,"Sep"
"s147","Movie","House Party 3","Eric Meza","Christopher Reid, Christopher Martin, Tisha Campbell, David Edwards, Angela Means, Ketty Lester, Bernie Mac, Michael Colyar, Chris Tucker, Khandi Alexander","United States",2021-09-01,1994,"R",94,"min","Comedies, Music & Musicals","After Kid gets engaged, Play plans to throw the biggest bachelor party ever. But every celebration for these two always comes with complications.",2021,"Sep"
"s150","Movie","I Got the Hook Up","Michael Martin","Master P, Anthony Johnson, Gretchen Palmer, Frantz Turner, Richard Keats, Joe Estevez, William Knight, Anthony Boswell, Tommy 'Tiny' Lister, Helen Martin, John Witherspoon, Mia X","United States",2021-09-01,1998,"R",93,"min","Action & Adventure, Comedies","After getting their hands on a misdirected shipment of cell phones, two hustlers try to cash in by hawking the merchandise from the back of their van.",2021,"Sep"
"s151","Movie","In Too Deep","Michael Rymer","Omar Epps, LL Cool J, Nia Long, Stanley Tucci, Pam Grier, Hill Harper, Jake Weber, David Patrick Kelly, Veronica Webb, Ron Canada, Robert LaSardo, Gano Grills, Ivonne Coll, Don Harvey, Mya, Nasir 'Nas' Jones, Jermaine Dupri","United States",2021-09-01,1999,"R",97,"min","Thrillers","Rookie cop Jeffrey Cole poses as a drug dealer to take down a crime lord and soon gets caught up in an underworld of bribery, intimidation and murder.",2021,"Sep"
"s152","Movie","Initial D","Andrew Lau Wai-keung, Alan Mak","Jay Chou, Anne Suzuki, Edison Chen, Anthony Wong Chau-sang, Shawn Yue, Chapman To, Jordan Chan, Kenny Bee","China, Hong Kong",2021-09-01,2005,"TV-14",109,"min","Action & Adventure, International Movies","By day, an 18-year-old delivers tofu for his father, a retired race car driver; but by night, it's the teen's turn to take the wheel.",2021,"Sep"
"s153","Movie","Janoskians: Untold and Untrue","Brett Weiner","Jai Brooks, Luke Brooks, James Yammouni, Daniel Sahyounie, Beau Brooks","United States",2021-09-01,2016,"TV-MA",88,"min","Comedies","Follow the story of three Australian brothers and their two friends who became an international sensation by posting pranks and gags on YouTube.",2021,"Sep"
"s156","Movie","Labyrinth","Jim Henson","David Bowie, Jennifer Connelly, Frank Oz, Kevin Clash, Anthony Asbury, Dave Goelz, Brian Henson, Ron Mueck, Karen Prell, Shari Weiser","United Kingdom, United States",2021-09-01,1986,"PG",101,"min","Action & Adventure, Children & Family Movies, Cult Movies","In Jim Henson's fantasy, teen Sarah embarks on a life-altering quest to rescue her little brother from the clutches of a treacherous goblin.",2021,"Sep"
"s157","Movie","Letters to Juliet","Gary Winick","Amanda Seyfried, Christopher Egan, Gael García Bernal, Vanessa Redgrave, Franco Nero, Luisa Ranieri, Marina Massironi, Milena Vukotic, Marcia DeBonis, Luisa De Santis, Lidia Biondi, Giordano Formenti, Chris Egan","United States",2021-09-01,2010,"PG",105,"min","Comedies, Dramas, Romantic Movies","By responding to a letter addressed to Shakespeare's tragic heroine Juliet Capulet, an American woman in Verona, Italy, is led in search of romance.",2021,"Sep"
"s158","Movie","Level 16","Danishka Esterhazy","Katie Douglas, Celina Martin, Peter Outerbridge, Sara Canning, Alexis Whelan, Amalia Williamson, Josette Halpert, Kiana Madeira","Canada",2021-09-01,2018,"TV-14",102,"min","Sci-Fi & Fantasy, Thrillers","In a bleak academy that teaches girls the virtues of passivity, two students uncover the ghastly purpose behind their training and resolve to escape.",2021,"Sep"
"s159","Movie","Love Don't Cost a Thing","Troy Byer","Nick Cannon, Christina Milian, Kenan Thompson, Kal Penn, Steve Harvey, Al Thompson, Ashley Monique Clark, Elimu Nelson, Nichole Robinson, Melissa Schuman","United States",2021-09-01,2003,"PG-13",101,"min","Comedies, Romantic Movies","A nerdy teen tries to make himself cool by association when he convinces a popular cheerleader to pose as his girlfriend.",2021,"Sep"
"s160","Movie","Love in a Puff","Pang Ho-cheung","Miriam Chin Wah Yeung, Shawn Yue, Singh Hartihan Bitto, Isabel Chan, Cheung Tat-ming, Matt Chow, Chui Tien-you, Queenie Chu, Charmaine Fong, Vincent Kok","Hong Kong",2021-09-01,2010,"TV-MA",103,"min","Comedies, Dramas, International Movies","When the Hong Kong government enacts a ban on smoking cigarettes indoors, the new law drives hard-core smokers outside, facilitating unlikely connections.",2021,"Sep"
"s162","Movie","Mars Attacks!","Tim Burton","Jack Nicholson, Glenn Close, Annette Bening, Pierce Brosnan, Danny DeVito, Martin Short, Sarah Jessica Parker, Michael J. Fox, Rod Steiger, Tom Jones, Lukas Haas, Natalie Portman","United States",2021-09-01,1996,"PG-13",106,"min","Comedies, Cult Movies, Sci-Fi & Fantasy","As flying saucers head for Earth, the president of the United States prepares to welcome alien visitors but soon learns they're not coming in peace.",2021,"Sep"
"s163","Movie","Marshall","Reginald Hudlin","Chadwick Boseman, Josh Gad, Kate Hudson, Sterling K. Brown, Dan Stevens, James Cromwell, Keesha Sharp, Roger Guenveur Smith, Derrick Baskin, Barrett Doss","United States, China, Hong Kong",2021-09-01,2017,"PG-13",118,"min","Dramas","This biopic of Thurgood Marshall, the first Black U.S. Supreme Court justice, centers on his pivotal work in a sensational case as an NAACP lawyer.",2021,"Sep"
"s164","Movie","My Boss's Daughter","David Zucker","Ashton Kutcher, Tara Reid, Jeffrey Tambor, Andy Richter, Michael Madsen, Jon Abrahams, David Koechner, Carmen Electra, Kenan Thompson, Terence Stamp, Molly Shannon","United States",2021-09-01,2003,"R",86,"min","Comedies, Romantic Movies","A young man house-sits for his mean boss, hoping to use it as an opportunity to win the heart of the boss's daughter, on whom he's long had a crush.",2021,"Sep"
"s165","Movie","Mystery Men","Kinka Usher","Ben Stiller, Hank Azaria, William H. Macy, Janeane Garofalo, Kel Mitchell, Paul Reubens, Wes Studi, Greg Kinnear, Geoffrey Rush, Lena Olin, Eddie Izzard, Artie Lange, Pras, Claire Forlani, Tom Waits","United States",2021-09-01,1999,"PG-13",121,"min","Action & Adventure, Comedies","A team of far-from-super heroes try to earn respect by springing into action when brave and dashing Captain Amazing disappears.",2021,"Sep"
"s167","Movie","Once Upon a Time in America","Sergio Leone","Robert De Niro, James Woods, Elizabeth McGovern, Treat Williams, Tuesday Weld, Burt Young, Joe Pesci, Danny Aiello, William Forsythe, James Hayden","Italy, United States",2021-09-01,1984,"R",229,"min","Classic Movies, Dramas","Director Sergio Leone's sprawling crime epic follows a group of Jewish mobsters who rise in the ranks of organized crime in 1920s New York City.",2021,"Sep"
"s168","Movie","Open Season 2","Matthew O'Callaghan, Todd Wilderman","Joel McHale, Mike Epps, Jane Krakowski, Billy Connolly, Crispin Glover, Steve Schirripa, Georgia Engel, Diedrich Bader, Cody Cameron, Fred Stoller, Olivia Hack","United States, Canada",2021-09-01,2008,"PG",76,"min","Children & Family Movies, Comedies","Elliot the buck and his forest-dwelling cohorts must rescue their dachshund pal from some spoiled pets bent on returning him to domesticity.",2021,"Sep"
"s169","Movie","Osmosis Jones","Bobby Farrelly, Peter Farrelly","Chris Rock, Laurence Fishburne, David Hyde Pierce, Brandy Norwood, William Shatner, Ron Howard, Kid Rock, Ben Stein","United States",2021-09-01,2001,"PG",95,"min","Action & Adventure, Children & Family Movies, Comedies","Peter and Bobby Farrelly outdo themselves with this partially animated tale about an out-of-shape 40-year-old man who's the host to various organisms.",2021,"Sep"
"s170","Movie","Poseidon","Wolfgang Petersen","Josh Lucas, Kurt Russell, Jacinda Barrett, Richard Dreyfuss, Emmy Rossum, Mía Maestro, Mike Vogel, Kevin Dillon, Freddy Rodríguez","United States",2021-09-01,2006,"PG-13",98,"min","Action & Adventure, Dramas","A tidal wave spells disaster for a ship of New Year's Eve revelers when it capsizes the mammoth vessel, sending passengers into a battle for survival.",2021,"Sep"
"s171","Movie","Rhyme & Reason","Peter Spirer","Too $hort, B-Real, Kurtis Blow, Da Brat, Grandmaster Caz, Sean ""P. Diddy"" Combs, Chuck D., Desiree Densiti, Dr. Dre, E-40, MC Eiht, Heavy D, Lauryn Hill, Ice-T, Wyclef Jean, Ras Kass, KRS-One, L.V., Mack 10, Craig Mack, Method Man, Keith Murray, Nasir 'Nas' Jones, The Notorious B.I.G., Master P, Q-Tip, Raekwon, Redman, Senen Reyes, Busta Rhymes, RZA, DJ Scratch, Erick Sermon, Tupac Shakur, Adario Strange, Suave","United States",2021-09-01,1997,"R",89,"min","Documentaries, Music & Musicals","The world and culture of rap song topics such as race, violence, police, family and sex are examined by hip-hop performers from both coasts.",2021,"Sep"
"s172","Movie","Same Kind of Different as Me","Michael Carney","Greg Kinnear, Renée Zellweger, Djimon Hounsou, Jon Voight, Olivia Holt","United States",2021-09-01,2017,"PG-13",120,"min","Dramas, Faith & Spirituality","A wealthy couple whose marriage is on the rocks befriends a local homeless man who changes their perspectives in this inspiring true story.",2021,"Sep"
"s173","Movie","School of Rock","Richard Linklater","Jack Black, Joan Cusack, Mike White, Sarah Silverman, Lee Wilkof, Kate McGregor-Stewart, Adam Pascal, Suzzanne Douglas, Miranda Cosgrove, Kevin Alexander Clark, Joey Gaydos Jr., Robert Tsai, Veronica Afflerbach, Jordan-Claire Green","United States, Germany",2021-09-01,2003,"PG-13",110,"min","Comedies, Music & Musicals","Musician Dewey Finn gets a job as a fourth-grade substitute teacher, where he secretly begins teaching his students the finer points of rock 'n' roll.",2021,"Sep"
"s174","Movie","Snervous Tyler Oakley","Amy Rice","Tyler Oakley","United States",2021-09-01,2015,"PG-13",83,"min","Documentaries, LGBTQ Movies","The inspiring Internet star and LGBT advocate shares an intimate view of his life and relationships during his international ""Slumber Party"" tour.",2021,"Sep"
"s175","Movie","Tears of the Sun","Antoine Fuqua","Bruce Willis, Monica Bellucci, Cole Hauser, Eamonn Walker, Johnny Messner, Nick Chinlund, Charles Ingram, Paul Francis, Chad Smith, Tom Skerritt, Malick Bowens, Awaovieyi Agie","United States",2021-09-01,2003,"R",121,"min","Action & Adventure, Dramas","A Navy SEAL is sent to a war-torn African jungle to rescue a doctor, only to realize he must also save the refugees in the physician's care.",2021,"Sep"
"s176","Movie","The Blue Lagoon","Randal Kleiser","Brooke Shields, Christopher Atkins, Leo McKern, William Daniels, Elva Josephson, Glenn Kohan, Alan Hopgood, Gus Mercurio","United States",2021-09-01,1980,"R",105,"min","Dramas, Romantic Movies","Two shipwrecked children, stranded for years on a deserted island, fall in love as teenagers and attempt to forge a life in the isolated paradise.",2021,"Sep"
"s177","Movie","The Golden Child","Michael Ritchie","Eddie Murphy, J.L. Reate, Charles Dance, Charlotte Lewis, Victor Wong, Randall Tex Cobb, James Hong, Shakti Chen, Tau Logo, Tiger Chung Lee","United States",2021-09-01,1986,"PG-13",94,"min","Action & Adventure, Comedies","A fast-talking L.A. social worker goes through a series of traps and terrors to find a kidnapped Tibetan child with mystical powers.",2021,"Sep"
"s178","Movie","The Guns of Navarone","J. Lee Thompson","Gregory Peck, David Niven, Anthony Quinn, Stanley Baker, Anthony Quayle, James Darren, Irene Papas, Gia Scala, James Robertson Justice, Richard Harris","United Kingdom, United States",2021-09-01,1961,"TV-14",156,"min","Action & Adventure, Classic Movies","During World War II, British forces launch an attack designed to take out the massive Nazi cannons that guard a critical sea channel.",2021,"Sep"
"s179","Movie","The Interview","Evan Goldberg, Seth Rogen","James Franco, Seth Rogen, Lizzy Caplan, Randall Park, Diana Bang, Timothy Simons, Reese Alexander, James Yi","United States",2021-09-01,2014,"R",112,"min","Action & Adventure, Comedies","Seth Rogen and James Franco star in this provocative comedy about two journalists recruited by the CIA after they arrange an interview with Kim Jong-un.",2021,"Sep"
"s180","Movie","The Nutty Professor","Tom Shadyac","Eddie Murphy, Jada Pinkett Smith, James Coburn, Larry Miller, Dave Chappelle, John Ales, Patricia Wilson, Jamal Mixon","United States",2021-09-01,1996,"PG-13",95,"min","Comedies, Romantic Movies","After being made fun of for his weight, a kind and brainy professor takes a dose of a revolutionary formula that changes more than just his appearance.",2021,"Sep"
"s183","Movie","Welcome Home Roscoe Jenkins","Malcolm D. Lee","Martin Lawrence, James Earl Jones, Joy Bryant, Margaret Avery, Mike Epps, Mo'Nique, Cedric the Entertainer, Nicole Ari Parker, Michael Clarke Duncan, Louis C.K.","United States",2021-09-01,2008,"PG-13",114,"min","Comedies","R.J. travels to Georgia for his parents' 50th anniversary. But after pompously flaunting his Hollywood lifestyle, he must examine what he's become.",2021,"Sep"
"s184","Movie","In the Line of Fire","Wolfgang Petersen","Clint Eastwood, John Malkovich, Rene Russo, Dylan McDermott, Gary Cole, Fred Thompson, John Mahoney, Gregory Alan Williams, Jim Curley, Sally Hughes","United States",2021-08-31,1993,"R",129,"min","Action & Adventure, Classic Movies","A twisted yet ingenious killer torments a veteran Secret Service agent who's haunted by his failure years ago to save President John F. Kennedy.",2021,"Aug"
"s189","Movie","2 Alone in Paris","Ramzy Bedia, Éric Judor","Ramzy Bedia, Éric Judor, Benoît Magimel, Kristin Scott Thomas, Élodie Bouchez, Édouard Baer, Fred Testot, Omar Sy","France",2021-08-28,2008,"TV-MA",97,"min","Comedies, International Movies","A bumbling Paris policeman is doggedly determined to capture the master thief that repeatedly eludes him, even when they're the last two men on Earth.",2021,"Aug"
"s191","Movie","Thimmarusu","Sharan Koppisetty","Satya Dev, Priyanka Jawalkar, Brahmaji","India",2021-08-28,2021,"TV-14",125,"min","Dramas, International Movies","Eight years after a young man is framed for murder, an up-and-coming lawyer re-opens the case, beginning a tricky mission to find the real culprit.",2021,"Aug"
"s192","Movie","Wind River","Taylor Sheridan","Jeremy Renner, Elizabeth Olsen, Jon Bernthal, Gil Birmingham, Kelsey Asbille, Tantoo Cardinal, Teo Briones, Matthew Del Negro, Hugh Dillon, Julia Jones, James Jordan, Eric Lange, Martin Sensmeier, Mason Davis, Graham Greene","United Kingdom, Canada, United States",2021-08-28,2017,"R",107,"min","Dramas, Independent Movies","A tracker with the U.S. Fish and Wildlife Service assists a rookie FBI agent who's investigating a teen girl's murder on a remote Wyoming reservation.",2021,"Aug"
"s193","Movie","C Kkompany","Sachin Yardi","Mithun Chakraborty, Tusshar Kapoor, Anupam Kher, Rajpal Yadav, Raima Sen, Dilip Prabhavalkar, Sanjay Mishra","India",2021-08-27,2008,"TV-14",127,"min","Action & Adventure, Comedies, International Movies","Three broke friends pose as an underworld gang for extortion, but their plan takes on a life of its own when their phony company becomes famous.",2021,"Aug"
"s196","Movie","EMI: Liya Hai To Chukana Padega","Saurabh Kabra","Sanjay Dutt, Arjun Rampal, Malaika Arora, Aashish Chaudhary, Neha Uberoi, Urmila Matondkar, Manoj Joshi, Daya Shankar Pandey, Pushkar Jog, Kulbhushan Kharbanda","India",2021-08-27,2008,"TV-14",128,"min","Comedies, Dramas, International Movies","A bank hires an enigmatic and unorthodox debt collector to recover money from four borrowers who are unable to pay their loans.",2021,"Aug"
"s199","Tv Show","King of Boys: The Return of the King","Kemi Adetiba","Sola Sobowale, Toni Tones, Richard Mofe-Damijo, Efa Iwara, Titi Kuti, Tobechukwu ""iLLbliss"" Ejiofor, Remilekun ""Reminisce"" Safaru, Charles  ""Charly Boy"" Oputa, Nse Ikpe-Etim, Keppy Ekpenyong Bassey, Bimbo Manuel, Akin Lewis, Lord Frank, Osas Ighodaro, Taiwo Ajai-Lycett, Paul Sambo","Nigeria",2021-08-27,2021,"TV-MA",1,"Season","Crime TV Shows, International TV Shows, TV Dramas","Alhaja Eniola Salami starts anew and sets her sights on a different position of power, fueled by revenge, regret and ruthlessness.",2021,"Aug"
"s200","Movie","Koi Aap Sa","Partho Mitra","Aftab Shivdasani, Natassha, Dipannita Sharma, Himanshu Mallik, Vaidya Advai, Pushy Anand, Shama Deshpande, Rajendra Gupta","India",2021-08-27,2006,"TV-14",135,"min","Comedies, Dramas, International Movies","Star athlete Rohan has his eye on a beautiful art student. But when his best friend Simran experiences a crisis, he drops everything to help her.",2021,"Aug"
"s201","Movie","Krishna Cottage","Santram Varma","Sohail Khan, Isha Koppikar, Natassha, Rati Agnihotri, Vrajesh Hirjee, Divya Palat, Hiten Tejwani, Rajendranath Zutshi","India",2021-08-27,2004,"TV-14",124,"min","Action & Adventure, Horror Movies, International Movies","True love is put to the test when another woman comes between a pair of star-crossed young lovers in this thriller.",2021,"Aug"
"s202","Movie","Kucch To Hai","Anil V. Kumar, Anurag Basu","Tusshar Kapoor, Esha Deol, Natassha, Vrajesh Hirjee, Kusumit Sana, Rishi Kapoor, Moon Moon Sen, Johny Lever, Ashay Chitre, Jeetendra","India",2021-08-27,2003,"TV-14",136,"min","Dramas, International Movies, Thrillers","A student tries to steal a test from a teacher's home, leaving him for dead after an accident. A string of murders may be the professor's revenge.",2021,"Aug"
"s203","Movie","Kyaa Kool Hai Hum","Sangeeth Sivan","Tusshar Kapoor, Riteish Deshmukh, Isha Koppikar, Neha Dhupia, Anupam Kher, Jay Sean","India",2021-08-27,2005,"TV-MA",165,"min","Comedies, International Movies, Music & Musicals","Longtime friends Rahul and Karan head to Mumbai intent on making their dreams come true, but both men are suddenly saddled with bad luck.",2021,"Aug"
"s204","Movie","Kyaa Kool Hain Hum 3","Umesh Ghadge","Tusshar Kapoor, Aftab Shivdasani, Krishna Abhishek, Mandana Karimi, Shakti Kapoor, Darshan Jariwala, Sushmita Mukherjee, Meghna Naidu, Anand Kumar, Claudia Ciesla","India",2021-08-27,2016,"TV-MA",124,"min","Comedies, International Movies","When an unlikely porn actor falls for a woman outside the industry, he employs his co-stars as a stand-in traditional family to impress her father.",2021,"Aug"
"s205","Movie","Kyaa Super Kool Hain Hum","Sachin Yardi","Tusshar Kapoor, Riteish Deshmukh, Anupam Kher, Rohit Shetty, Neha Sharma, Chunky Pandey, Sarah-Jane Dias, Razak Khan, Kavin Dave","India",2021-08-27,2012,"TV-MA",136,"min","Comedies, International Movies","An aspiring actor and a struggling DJ team up to pursue the ladies they love and a diamond that rightfully belongs to their oversexed dog.",2021,"Aug"
"s206","Movie","Kyo Kii... Main Jhuth Nahin Bolta","David Dhawan","Govinda, Sushmita Sen, Rambha, Anupam Kher, Satish Kaushik, Sharad Kapoor, Kiran Kumar, Mohnish Bahl","India",2021-08-27,2001,"TV-14",150,"min","Comedies, International Movies, Sci-Fi & Fantasy","The life and career of a lawyer are thrown into chaos when his son's wish magically renders him incapable of telling a lie.",2021,"Aug"
"s207","Movie","LSD: Love, Sex Aur Dhokha","Dibakar Banerjee","Nushrat Bharucha, Anshuman Jha, Neha Chauhan, Rajkummar Rao, Arya Banerjee, Amit Sial, Herry Tangri","India",2021-08-27,2010,"TV-MA",112,"min","Dramas, Independent Movies, International Movies","This provocative drama examines how the voyeuristic nature of modern society affects three unusual couples in Northern India.",2021,"Aug"
"s208","Movie","Mission Istaanbul: Darr Ke Aagey Jeet Hai","Apoorva Lakhia","Vivek Oberoi, Zayed Khan, Shriya Saran, Nikitin Dheer, Shabbir Ahluwalia, Sunil Shetty, Shweta Bhardwaj","India",2021-08-27,2008,"TV-14",119,"min","Action & Adventure, International Movies, Music & Musicals","A television journalist makes a risky career move by accepting a job offer from a controversial Istanbul television station.",2021,"Aug"
"s209","Movie","Once Upon a Time in Mumbaai","Milan Luthria","Ajay Devgn, Emraan Hashmi, Kangana Ranaut, Prachi Desai, Randeep Hooda, Naved Aslam, Asif Basra, Avtar Gill","India",2021-08-27,2010,"TV-14",133,"min","Dramas, International Movies, Music & Musicals","Mumbai's top mob boss rules the underworld with honor and compassion, but his power-hungry protégé will shake up the world of organized crime.",2021,"Aug"
"s210","Movie","Once Upon a Time in Mumbai Dobaara!","Milan Luthria","Akshay Kumar, Imran Khan, Sonakshi Sinha, Sonali Bendre, Sarfaraz Khan, Mahesh Manjrekar, Abhimanyu Singh, Kurush Deboo, Pitobash, Chetan Hansraj","India",2021-08-27,2013,"TV-14",142,"min","Dramas, International Movies, Music & Musicals","This turbulent sequel to Once Upon a Time in Mumbai carries on the saga of the gangland don Shoaib Khan, who continues pressing for more control.",2021,"Aug"
"s211","Movie","Ragini MMS","Pawan Kripalani","Kainaz Motivala, Rajkummar Rao, Rajat Kaul, Janice, Shernaza, Mangala Ahire, Vinod Rawat","India",2021-08-27,2011,"TV-MA",93,"min","Horror Movies, International Movies","A couple out to have a sensuous weekend at a house outside of Mumbai finds it rigged with surveillance cameras and occupied by an evil entity.",2021,"Aug"
"s212","Movie","Ragini MMS 2","Bhushan Patel","Sunny Leone, Saahil Prem, Parvin Dabas, Sandhya Mridul, Divya Dutta, Soniya Mehra, Kainaz Motivala, Karan Mehra","India",2021-08-27,2014,"TV-MA",113,"min","Horror Movies, International Movies","The horror continues when Ragini's video goes viral and a sleazy director decides to make a movie about the incident in the original house.",2021,"Aug"
"s216","Movie","Shootout at Lokhandwala","Apoorva Lakhia","Amitabh Bachchan, Sanjay Dutt, Sunil Shetty, Arbaaz Khan, Abhishek Bachchan, Vivek Oberoi, Tusshar Kapoor, Rohit Roy, Shabbir Ahluwalia, Dia Mirza, Amrita Singh, Neha Dhupia","India",2021-08-27,2007,"TV-MA",116,"min","Action & Adventure, Dramas, International Movies","Based on a true story, this action film follows an incident that stunned a nation in the early 1990s. In Mumbai, India, the notorious gangster Maya holds off veteran cop Khan and a force of more than 200 policemen in a six-hour bloody gunfight.",2021,"Aug"
"s217","Movie","Shor In the City","Raj Nidimoru, Krishna D.K.","Sendhil Ramamurthy, Tusshar Kapoor, Nikhil Dwivedi, Preeti Desai, Sundeep Kishan, Radhika Apte, Pitobash, Girija Oak, Alok Chaturvedi, Sudhir Chowdhary","India",2021-08-27,2011,"TV-14",106,"min","Comedies, Dramas, Independent Movies","When three small-time Mumbai crooks steal a bag on a train, they find that it's filled with weapons and realize that their lives may be in danger.",2021,"Aug"
"s218","Movie","The Dirty Picture","Milan Luthria","Vidya Balan, Emraan Hashmi, Tusshar Kapoor, Naseeruddin Shah, Rajesh Sharma, Imran Hasnee, Anju Mahendru","India",2021-08-27,2011,"TV-14",145,"min","Comedies, Dramas, International Movies","After running away from home in search of movie stardom, a village girl rises to become a prominent sex symbol.",2021,"Aug"
"s228","Movie","Really Love","Angel Kristi Williams","Kofi Siriboe, Yootha Wong-Loi-Sing, Michael Ealy, Uzo Aduba","United States",2021-08-25,2020,"TV-MA",95,"min","Dramas, Independent Movies, Romantic Movies","A rising Black painter tries to break into a competitive art world while balancing an unexpected romance with an ambitious law student.",2021,"Aug"
"s229","Movie","The November Man","Roger Donaldson","Pierce Brosnan, Luke Bracey, Olga Kurylenko, Eliza Taylor, Caterina Scorsone, Bill Smitrovich, Will Patton, Amila Terzimehic, Lazar Ristovski, Mediha Musliovic","United States, United Kingdom",2021-08-25,2014,"R",108,"min","Action & Adventure","An ex-CIA agent emerges from retirement to protect an important witness, but he soon discovers that old friends can make the most dangerous enemies.",2021,"Aug"
"s230","Movie","The Old Ways","Christopher Alender","Brigitte Kali Canales, Andrea Cortes, Julia Vera, Sal Lopez","United States",2021-08-25,2020,"TV-MA",90,"min","Horror Movies","A reporter visits her birthplace in Veracruz for a story about tribal culture, only to be kidnapped by locals who believe she's demonically possessed.",2021,"Aug"
"s232","Movie","The Water Man","David Oyelowo","David Oyelowo, Rosario Dawson, Lonnie Chavis, Amiah Miller, Alfred Molina, Maria Bello","United States",2021-08-25,2021,"PG",92,"min","Children & Family Movies, Dramas","Desperate to save his ailing mother, 11-year-old Gunner runs away from home on a quest to find a mythic figure rumored to have the power to cheat death.",2021,"Aug"
"s248","Movie","Sweet Girl","Brian Andrew Mendoza","Jason Momoa, Isabela Merced, Manuel Garcia-Rulfo, Amy Brenneman, Adria Arjona, Raza Jaffrey, Justin Bartha, Lex Scott Davis, Michael Raymond-James","United States",2021-08-20,2021,"R",110,"min","Action & Adventure, Dramas","He lost the love of his life to a pharmaceutical company's greed. Now his daughter is without a mother, and he's without justice. For now.",2021,"Aug"
"s252","Movie","Like Crazy","Drake Doremus","Anton Yelchin, Felicity Jones, Jennifer Lawrence, Charlie Bewley, Alex Kingston, Oliver Muirhead, Finola Hughes, Chris Messina, Ben York Jones, Jamie Thomas King","United States",2021-08-19,2011,"PG-13",91,"min","Dramas, Independent Movies, Romantic Movies","A spirited exchange student and an American man fall in love in LA. But their romance faces an uphill battle when she is forced to return to England.",2021,"Aug"
"s254","Movie","Bombay","Mani Ratnam","Arvind Swamy, Manisha Koirala, Nasser, Raja Krishnamoorthy","India",2021-08-18,1995,"TV-14",135,"min","Dramas, International Movies, Romantic Movies","Years after they elope against their family’s wishes, a couple and their sons become caught in the throes of conflict in their city.",2021,"Aug"
"s260","Movie","Pahuna","Paakhi Tyrewala","Anmol Limbu, Ishika Gurung, Manju Chettri, Banita Lagun, Binod Pradhan, Mahindra Bajgai, Rupa Tamang, Saran Rai","India, Nepal",2021-08-18,2018,"TV-PG",82,"min","Comedies, Dramas, International Movies","Fleeing unrest in their native Nepal, three young siblings separated from their parents must beat the odds to survive on their own in India.",2021,"Aug"
"s265","Movie","Walk of Shame","Steve Brill","Elizabeth Banks, James Marsden, Gillian Jacobs, Sarah Wright, Ethan Suplee, Bill Burr, Ken Davitian, Lawrence Gilliard Jr., Alphonso Mcauley, Da'Vone McDonald, John Marsden, Willie Garson, Oliver Hudson, P.J. Byrne","United States",2021-08-16,2014,"R",94,"min","Comedies, Independent Movies","After a night of boozy carousing, a local newscaster finds herself stranded on the streets of LA just hours before the job interview of a lifetime.",2021,"Aug"
"s268","Movie","The Piano","Jane Campion","Holly Hunter, Harvey Keitel, Sam Neill, Anna Paquin, Kerry Walker, Genevieve Lemon, Tungia Baker, Ian Mune","New Zealand, Australia, France, United States",2021-08-15,1993,"R",121,"min","Classic Movies, Dramas, Independent Movies","With her daughter and her beloved piano in tow, a mute Scottish woman arrives in New Zealand, where a gruff loner sets out to seduce her.",2021,"Aug"
"s271","Movie","Beckett","Ferdinando Cito Filomarino","John David Washington, Boyd Holbrook, Alicia Vikander, Vicky Krieps, Lena Kitsopoulou, Panos Koronis, Maria Votti","Italy, Brazil, Greece",2021-08-13,2021,"TV-MA",110,"min","Action & Adventure","An American tourist goes on the run in Greece after a tragic accident plunges him into a political conspiracy that makes him a target for assassination.",2021,"Aug"
"s274","Tv Show","Gone for Good","Juan Carlos Medina","Finnegan Oldfield, Nicolas Duvauchelle, Guillaume Gouix, Garance Marillier, Nailia Harzoune","France",2021-08-13,2021,"TV-MA",1,"Season","Crime TV Shows, International TV Shows, TV Dramas","Ten years after losing two loved ones, a man is plunged into another dizzying mystery when his girlfriend vanishes. Based on a Harlan Coben novel.",2021,"Aug"
"s277","Tv Show","Valeria","Inma Torrente","Diana Gómez, Silma López, Paula Malia, Teresa Riott, Maxi Iglesias, Ibrahim Al Shami","Spain",2021-08-13,2021,"TV-MA",2,"Seasons","International TV Shows, Romantic TV Shows, Spanish-Language TV Shows","A writer in creative and marital crises finds support from three friends, who are also discovering themselves. Based on the novels by Elísabet Benavent.",2021,"Aug"
"s279","Movie","Lokillo: Nothing's the Same","Julián Gaviria","Lokillo Florez","Colombia",2021-08-12,2021,"TV-MA",64,"min","Stand-Up Comedy","Through songs and puns, comedian Lokillo Florez hilariously reviews how Latin Americans have adjusted to a new world where no-hugging policies prevail.",2021,"Aug"
"s280","Movie","Monster Hunter: Legends of the Guild","Steven Yamamoto","Ben Rausch, Erica Lindbeck, Dante Basco, Brando Eaton, Stephen Kramer Glickman, Caroline Caliston, G.K. Bowes, Dan McCoy","United States, Japan",2021-08-12,2021,"TV-PG",59,"min","Action & Adventure, Anime Features, Children & Family Movies","In a world where humans and fearsome monsters live in an uneasy balance, young hunter Aiden fights to save his village from destruction by a dragon.",2021,"Aug"
"s282","Movie","Brother Jekwu","Charles Uwagbai","Mike Ezuruonye, Juliet Ochienge, Angela Okorie, Huddah Monroe, Catherine Kamau, Naomi Mburu, Derrick Aduwo, Chris Kamau, Abubakar Salum, Celebrity Landlord","Nigeria",2021-08-11,2016,"TV-14",101,"min","Comedies, International Movies","Chasing wild success, a village hustler follows his cousin from Nigeria to Kenya and stumbles into the shady business affairs of a notorious overlord.",2021,"Aug"
"s283","Movie","La diosa del asfalto","Julián Hernández","Ximena Romo, Mabel Cadena, Alejandra Herrera, Nelly González, Samantha Orozco, Axel Arenas, Esteban Caicedo, Paulina Goto, Raquel Robles, Baby Bátiz, Pascacio López, Juán Carlos Torres, Javier Oliván, Claudia Lobo, Giovanna Zacarías","Mexico",2021-08-11,2020,"TV-MA",127,"min","Dramas, Independent Movies, International Movies","A woman from a tough neighborhood outside Mexico City comes home a rock star, inadvertently provoking a confrontation with the ghosts of her past.",2021,"Aug"
"s285","Movie","The Kissing Booth 3","Vince Marcello","Joey King, Joel Courtney, Jacob Elordi, Molly Ringwald, Taylor Zakhar Perez, Maisie Richardson-Sellers, Meganne Young, Stephen Jennings","United Kingdom, United States",2021-08-11,2021,"TV-14",114,"min","Comedies, Romantic Movies","Determined to make the most of her final summer before college, Elle plans the ultimate bucket list as she navigates what comes next with Noah and Lee.",2021,"Aug"
"s286","Movie","The Railway Man","Jonathan Teplitzky","Colin Firth, Nicole Kidman, Jeremy Irvine, Stellan Skarsgård, Sam Reid, Hiroyuki Sanada, Michael MacKenzie, Tom Stokes","Switzerland, United Kingdom, Australia",2021-08-11,2013,"R",108,"min","Dramas, International Movies","Decades after World War II, a still-shattered soldier unexpectedly falls in love and sees a bizarre coincidence bring his past back into focus.",2021,"Aug"
"s293","Movie","Quartet","Dustin Hoffman","Maggie Smith, Tom Courtenay, Billy Connolly, Pauline Collins, Michael Gambon, Andrew Sachs, Sheridan Smith, David Ryall, Trevor Peacock, Gwyneth Jones","United Kingdom",2021-08-08,2012,"PG-13",98,"min","Comedies, Dramas, Independent Movies","To save their posh retirement home, former opera stars plan a gala recital — until the biggest diva among them refuses to sing.",2021,"Aug"
"s294","Movie","Slay","Adze Ugah","Enhle Mbali, Ramsey Nouah, Dawn Thandeka Kang, Idris Sultan, Tumi Morake, Trevor Gumbi, Lillian Dube, Kaly Bossy Asante, Shaleen Surtie, Fabian Lojege","South Africa",2021-08-08,2021,"TV-MA",86,"min","Comedies, International Movies, Romantic Movies","In pursuit of both success and validation, a group of tech-savvy individuals juggle intimate encounters, first impressions and romantic opportunities.",2021,"Aug"
"s296","Movie","The Paper Tigers","Quoc Bao Tran","Alain Uy, Ron Yuan, Mykel Shannon Jenkins, Jae Suh Park, Matthew Page, Joziah Lagonoy, Raymond Ma","United States",2021-08-07,2021,"PG-13",111,"min","Action & Adventure, Comedies","After reuniting as middle-aged men, three kung-fu prodigies must set their differences aside and dust off their skills to avenge their beloved mentor.",2021,"Aug"
"s298","Tv Show","Navarasa","Bejoy Nambiar, Priyadarshan, Karthik Narain, Vasanth Sai, Karthik Subbaraj, Arvind Swamy, Rathindran R Prasad, Sarjun, Gautham Vasudev Menon","Suriya, Vijay Sethupathi, Revathy, Prakash Raj, Siddarth, Parvathy, Delhi Ganesh, Gautham Vasudev Menon, Anjali, Yogi Babu, Aditi Balan, Remya Nambeesan, Poorna, Prayaga Martin, Rythvika Suriya, Arvind Swamy, Prasanna, Atharva, Bobby Simha, Ashok Selvan, Nedumudi Venu, Kishore","India",2021-08-06,2021,"TV-MA",1,"Season","TV Shows","From amusement to awe, the nine human emotions of Indian aesthetic theory are explored in this anthology series.",2021,"Aug"
"s299","Movie","Quam's Money","Kayode Kasum","Falz, Nse Ikpe-Etim, Williams Uchemba, Toni Tones, Michelle Dede, Karibi Fubara, Buchi Ojei, Jemima Osunde, Blossom Chukwujekwu, Gbubemi Ejeye, Badmus Olakunle","Nigeria",2021-08-06,2020,"TV-MA",115,"min","Comedies, Dramas, International Movies","In this sequel to ""New Money,"" Quam, a security guard turned multimillionaire, lives the good life with his fortune until he falls victim to fraud.",2021,"Aug"
"s300","Movie","The Swarm","Just Philippot","Suliane Brahim, Sofian Khammes, Marie Narbonne, Raphaël Romand, Stéphan Castang, Victor Bonnel, Christian Bouillette, Renan Prévot, Vincent Deniard","France",2021-08-06,2021,"TV-14",102,"min","Horror Movies, Independent Movies, International Movies","A single mother breeds locusts as high-protein food, but has trouble getting them to reproduce — until she finds they have a taste for blood.",2021,"Aug"
"s301","Movie","Vivo","Kirk DeMicco, Brandon Jeffords","Lin-Manuel Miranda, Ynairaly Simo, Zoe Saldana, Juan de Marcos, Brian Tyree Henry, Gloria Estefan, Michael Rooker, Nicole Byer","Canada, United States",2021-08-06,2021,"PG",100,"min","Children & Family Movies, Music & Musicals","A music-loving kinkajou embarks on the journey of a lifetime to fulfill his destiny and deliver a love song for an old friend.",2021,"Aug"
"s302","Movie","Chennai Express","Rohit Shetty","Shah Rukh Khan, Deepika Padukone, Nikitin Dheer, Satyaraj, Kamini Kaushal, Lekh Tandon, Mukesh Tiwari","India",2021-08-05,2013,"TV-14",135,"min","Action & Adventure, Comedies, International Movies","What could have been a sad journey turns joyful for Rahul when he falls in love with a woman en route to submerging his grandfather's ashes.",2021,"Aug"
"s304","Movie","Esperando la carroza","Alejandro Doria","Luis Brandoni, China Zorrilla, Antonio Gasalla, Julio De Grazia, Betiana Blum, Monica Villa, Juan Manuel Tenuta, Andrea Tenuta, Cecilia Rossetto, Enrique Pinti","Argentina",2021-08-05,1985,"TV-MA",95,"min","Comedies, Cult Movies, International Movies","Cora has three sons and a daughter and she´s almost 80. One day during a family reunion the big question comes up: who will be her heir?",2021,"Aug"
"s305","Movie","Lady Boss: The Jackie Collins Story","Laura Fairrie","Jackie Collins","United Kingdom",2021-08-05,2021,"TV-14",97,"min","Documentaries","""Queen of Sleaze"" or feminist pioneer? Powerhouse novelist Jackie Collins created a brash sex-positive persona while hiding her private struggles.",2021,"Aug"
"s306","Movie","Tango Feroz","Marcelo Piñeyro","Fernán Mirás, Cecilia Dopazo, Imanol Arias, Héctor Alterio, Leonardo Sbaraglia, Federico D'Elía, David Masajnik, Cristina Banegas, Ernesto Alterio, Antonio Birabent","Argentina, Spain",2021-08-05,1993,"TV-MA",124,"min","Classic Movies, Dramas, International Movies","One of the first rock stars in Argentina, Tango leads a full life during an era of social unrest – one of both glory and despair.",2021,"Aug"
"s307","Movie","'76","Izu Ojukwu","Ramsey Nouah, Rita Dominic, Chidi Mokeme, Ibinabo Fiberesima, Daniel K. Daniel, Memry Savanhu, Adonijah Owiriwa, Pat Nebo, Nelly Ekwereogu, Shuaibu Ebenesi Adams, Debo Oguns, Ben Nwosu, Ada Ofoegbu","Nigeria",2021-08-04,2016,"TV-PG",118,"min","Dramas, International Movies","When her husband is accused of taking part in an attempted military coup, a pregnant woman's life takes an emotional turn. Inspired by true events.",2021,"Aug"
"s308","Movie","Aftermath","Peter Winther","Ashley Greene, Shawn Ashmore, Sharif Atkins, Britt Baron, Diana Hopper, Ross McCall, Jamie Kaler, Travis Coles, Susan Walters, Jason Liles","United States",2021-08-04,2021,"TV-MA",115,"min","Horror Movies","Desperate to save their marriage, a young couple takes a deal and moves into their dream home, but disturbing events reveal the house's troubled history.",2021,"Aug"
"s309","Movie","American Masters: Inventing David Geffen","Susan Lacy","David Geffen","United States",2021-08-04,2012,"TV-MA",115,"min","Movies","The son of Jewish immigrants, David Geffen emerged from a humble upbringing to become one of the most powerful media personalities in America.",2021,"Aug"
"s315","Movie","Heavy","James Mangold","Pruitt Taylor Vince, Shelley Winters, Liv Tyler, Debbie Harry, Evan Dando, Joe Grifasi, David Patrick Kelly, Marian Quinn","United States",2021-08-03,1995,"R",104,"min","Dramas, Independent Movies, Romantic Movies","Overweight Victor hides from the world making pizzas in his mother's gloomy dive until a new waitress blows in and disrupts his isolation.",2021,"Aug"
"s316","Movie","Ije: The Journey","Chineze Anyaene","Genevieve Nnaji, Omotola Jalade-Ekeinde, Odalys Garcia, Ulrich Que, Jeff Swarthout, Clem Ohameze, Ann D. Carey, Anahit Setian, Danielle Soibelman, Jon Morgan Woodward","United States, Nigeria",2021-08-03,2010,"TV-MA",106,"min","Dramas, International Movies","When her sister is accused of multiple murders, a Nigerian woman travels to Los Angeles to uncover the truth and fight for her sibling’s freedom.",2021,"Aug"
"s317","Tv Show","Office Girls","Hsu Fu-chun","Roy Chiu, Alice Ko, Tia Lee, Patrick Lee, Kuo Shu-yao, James Wen, Janel Tsai","Taiwan",2021-08-03,2011,"TV-14",1,"Season","International TV Shows, Romantic TV Shows, TV Comedies","A department store mogul has his son work incognito in a menial job to prove his worthiness, while female co-workers teach him how normal people live.",2021,"Aug"
"s326","Movie","Beethoven","Brian Levant","Charles Grodin, Bonnie Hunt, Dean Jones, Oliver Platt, Stanley Tucci, Nicholle Tom, Christopher Castile, Sarah Rose Karr, David Duchovny, Patricia Heaton, O-Lan Jones, Nancy Fish","United States",2021-08-01,1992,"PG",87,"min","Children & Family Movies, Comedies","A father reluctantly agrees to let his children keep a St. Bernard puppy, but the playful pooch soon turns into a full-grown engine of destruction.",2021,"Aug"
"s327","Movie","Beethoven's 2nd","Rod Daniel","Charles Grodin, Bonnie Hunt, Nicholle Tom, Christopher Castile, Sarah Rose Karr, Debi Mazar, Chris Penn","United States",2021-08-01,1993,"PG",88,"min","Children & Family Movies, Comedies","After St. Bernard Beethoven sires a brood with Missy, he and the Newton kids must intervene when Missy's owner tries to sell the puppies.",2021,"Aug"
"s328","Movie","Beowulf","Robert Zemeckis","Ray Winstone, Anthony Hopkins, John Malkovich, Angelina Jolie, Robin Wright, Brendan Gleeson, Crispin Glover, Alison Lohman, Sharisse Baker-Bernard","United States, United Kingdom",2021-08-01,2007,"PG-13",114,"min","Action & Adventure, Sci-Fi & Fantasy","This deftly animated take on a legendary Old English epic tells the timeless tale of a Scandinavian hero who's known for slaying dragons.",2021,"Aug"
"s329","Movie","Boyka: Undisputed","Todor Chapkanov","Scott Adkins, Teodora Duhovnikova, Alon Aboutboul, Julian Vergov, Brahim Achabbakhe, Paul Chahidi, Petio Petkov, Valentin Ganev, Vlado Mihailov","Bulgaria, United States",2021-08-01,2016,"R",90,"min","Action & Adventure","The fourth film in the action franchise finds Boyka taking on brutal gangsters to protect the widow of a man he unintentionally killed in the ring.",2021,"Aug"
"s330","Movie","Catch Me If You Can","Steven Spielberg","Leonardo DiCaprio, Tom Hanks, Christopher Walken, Martin Sheen, Nathalie Baye, Amy Adams, James Brolin, Brian Howe, Frank John Hughes, Steve Eastin","United States, Canada",2021-08-01,2002,"PG-13",142,"min","Dramas","An FBI agent makes it his mission to put cunning con man Frank Abagnale Jr. behind bars. But Frank not only eludes capture, he revels in the pursuit.",2021,"Aug"
"s331","Movie","Cloudy with a Chance of Meatballs","Phil Lord, Christopher Miller","Bill Hader, Anna Faris, James Caan, Andy Samberg, Bruce Campbell, Mr. T, Bobb'e J. Thompson, Benjamin Bratt, Neil Patrick Harris, Al Roker","United States, Canada",2021-08-01,2009,"PG",90,"min","Children & Family Movies, Comedies, Sci-Fi & Fantasy","When inventor Flint Lockwood makes clouds rain food, the citizens of Chewandswallow can feed themselves. But a bowl of disaster is about to overflow.",2021,"Aug"
"s333","Movie","Deep Blue Sea","Renny Harlin","Thomas Jane, Saffron Burrows, Samuel L. Jackson, Jacqueline McKenzie, Michael Rapaport, Stellan Skarsgård, LL Cool J, Aida Turturro, Cristos, Daniel Rey","United States, Mexico",2021-08-01,1999,"R",105,"min","Action & Adventure, Horror Movies, Sci-Fi & Fantasy","Scientists conduct research on sharks in search of an Alzheimer's cure. But a dangerous shortcut leads to huge sharks with near-human intelligence.",2021,"Aug"
"s334","Movie","Ferris Bueller's Day Off","John Hughes","Matthew Broderick, Alan Ruck, Mia Sara, Jeffrey Jones, Jennifer Grey, Cindy Pickett, Lyman Ward, Edie McClurg, Charlie Sheen, Kristy Swanson, Ben Stein, Del Close","United States",2021-08-01,1986,"PG-13",103,"min","Classic Movies, Comedies, Cult Movies","After faking an illness to skip school, popular teen Ferris Bueller enjoys a fun-filled day in Chicago with his girlfriend and his uptight best friend.",2021,"Aug"
"s335","Movie","Five Feet Apart","Justin Baldoni","Haley Lu Richardson, Cole Sprouse, Moisés Arias, Kimberly Hébert Gregory, Parminder Nagra, Claire Forlani, Emily Baldoni, Gary Weeks, Cynthia Evans","United States",2021-08-01,2019,"PG-13",116,"min","Dramas, Romantic Movies","A teen with cystic fibrosis shakes up her daily routine and challenges hospital protocol when she falls for a fellow patient.",2021,"Aug"
"s336","Movie","Freedomland","Joe Roth","Samuel L. Jackson, Julianne Moore, Edie Falco, Ron Eldard, William Forsythe, Aunjanue Ellis, Anthony Mackie, LaTanya Richardson Jackson, Clarke Peters, Peter Friedman, Domenick Lombardozzi","United States",2021-08-01,2006,"R",113,"min","Dramas, Thrillers","When a woman reports that her infant son was kidnapped by a black man, an African American detective and a white activist team up to dig for details.",2021,"Aug"
"s338","Movie","Good Luck Chuck","Mark Helfrich","Dane Cook, Jessica Alba, Dan Fogler, Ellia English, Sasha Pieterse, Annie Wood, Lonny Ross, Chelan Simmons, Simone Bailly, Jodelle Ferland, Crystal Lowe, Troy Gentile, Georgia Craig, Michelle Harrison, Chiara Zanni","United States, Canada",2021-08-01,2007,"R",99,"min","Comedies, Romantic Movies","Every time Chuck breaks up with a girlfriend, she ends up engaged to her next boyfriend. Soon, women are dating Chuck in hopes of meeting Mr. Right.",2021,"Aug"
"s341","Movie","Inception","Christopher Nolan","Leonardo DiCaprio, Joseph Gordon-Levitt, Elliot Page, Tom Hardy, Ken Watanabe, Dileep Rao, Cillian Murphy, Tom Berenger, Marion Cotillard, Pete Postlethwaite, Michael Caine, Lukas Haas","United States, United Kingdom",2021-08-01,2010,"PG-13",148,"min","Action & Adventure, Sci-Fi & Fantasy, Thrillers","A troubled thief who extracts secrets from people's dreams takes one last job: leading a dangerous mission to plant an idea in a target's subconscious.",2021,"Aug"
"s342","Movie","Magnolia","Paul Thomas Anderson","John C. Reilly, Philip Baker Hall, Tom Cruise, Julianne Moore, Philip Seymour Hoffman, William H. Macy, Jeremy Blackman, Jason Robards, Melinda Dillon, April Grace, Luis Guzmán, Ricky Jay, Alfred Molina, Michael Murphy, Melora Walters","United States",2021-08-01,1999,"R",189,"min","Dramas, Independent Movies","Through chance, history and divine intervention, a cast of eclectic characters weaves and warps through each other's lives on a random day in California.",2021,"Aug"
"s343","Movie","Major Payne","Nick Castle","Damon Wayans, Karyn Parsons, William Hickey, Michael Ironside, Albert Hall, Ross Bickell, Orlando Brown, Peyton Chesson-Fohl, Steven Martini","United States",2021-08-01,1995,"PG-13",97,"min","Comedies","A hardened Marine is given his marching orders and must now lead a disorderly group of mismatched cadets into a junior ROTC competition.",2021,"Aug"
"s344","Movie","My Girl","Howard Zieff","Dan Aykroyd, Jamie Lee Curtis, Macaulay Culkin, Anna Chlumsky, Richard Masur, Griffin Dunne, Ann Nelson, Peter Michael Goetz, Jane Hallaren, Anthony R. Jones","United States",2021-08-01,1991,"PG-13",102,"min","Dramas","This coming-of-age charmer follows a summer in the life of an 11-year-old girl who learns about love and loss as she grapples with profound changes.",2021,"Aug"
"s345","Movie","My Girl 2","Howard Zieff","Anna Chlumsky, Austin O'Brien, Dan Aykroyd, Jamie Lee Curtis, Richard Masur, Christine Ebersole, Angeline Ball","United States",2021-08-01,1994,"PG",99,"min","Children & Family Movies, Comedies, Dramas","A teen makes surprising discoveries when she talks to her dead mother's high school friends for an essay about someone she admires but has never met.",2021,"Aug"
"s346","Movie","Open Season: Scared Silly","David Feiss","William Townsend, Donny Lucas, Melissa Sturm, Trevor Devall, Brian Drummond, Kathleen Barr, Garry Chalk, Lee Tockar, Shannon Chan-Kent, Michelle Murdocca, Lorne Cardinal, Peter Kelamis","United States, Canada",2021-08-01,2015,"PG",85,"min","Children & Family Movies, Comedies","When a spooky werewolf tale scares Boog out of joining the annual camping trip, his friends hatch a plan to cure him of his fear.",2021,"Aug"
"s347","Movie","Pineapple Express","David Gordon Green","Seth Rogen, James Franco, Danny McBride, Kevin Corrigan, Craig Robinson, Gary Cole, Rosie Perez, Ed Begley Jr., Nora Dunn, Amber Heard","United States",2021-08-01,2008,"R",112,"min","Action & Adventure, Comedies","After witnessing a murder, a perpetually stoned process server and his good-natured dealer go on the run from a drug lord who's out to kill them.",2021,"Aug"
"s348","Movie","Planet 51","Jorge Blanco","Justin Long, Dwayne Johnson, Gary Oldman, Seann William Scott, Jessica Biel, John Cleese, Freddie Benedict","Spain, United Kingdom, United States",2021-08-01,2009,"PG",91,"min","Children & Family Movies, Comedies, Sci-Fi & Fantasy","After landing on a planet reminiscent of 1950s suburbia, a human astronaut tries to avoid capture, recover his spaceship and make it home safely.",2021,"Aug"
"s349","Movie","Poms","Zara Hayes","Diane Keaton, Jacki Weaver, Pam Grier, Rhea Perlman, Celia Weston, Alisha Boe, Charlie Tahan","United Kingdom, United States",2021-08-01,2019,"PG-13",91,"min","Comedies","After moving to a retirement community, loner Martha befriends a fun-loving neighbor and forms a cheerleading club for young-at-heart seniors.",2021,"Aug"
"s350","Movie","Seabiscuit","Gary Ross","Tobey Maguire, Jeff Bridges, Chris Cooper, Elizabeth Banks, Gary Stevens, William H. Macy, David McCullough, Kingston DuCoeur, Eddie Jones, Ed Lauter, Michael O'Neill, Michael Angarano, Royce D. Applegate, Annie Corley, Valerie Mahaffey","United States",2021-08-01,2003,"PG-13",141,"min","Dramas, Sports Movies","An ungainly-looking colt becomes a winning thoroughbred in this Depression-era drama based on the true story of champion racehorse Seabiscuit.",2021,"Aug"
"s351","Movie","Space Cowboys","Clint Eastwood","Clint Eastwood, Tommy Lee Jones, Donald Sutherland, James Garner, James Cromwell, Marcia Gay Harden, William Devane, Loren Dean, Courtney B. Vance, Rade Serbedzija, Barbara Babcock, Blair Brown","United States",2021-08-01,2000,"PG-13",130,"min","Action & Adventure, Dramas, Sci-Fi & Fantasy","A retired engineer agrees to help NASA prevent a Russian satellite from falling to Earth if he and his over-the-hill pals can man the mission.",2021,"Aug"
"s352","Movie","Team America: World Police","Trey Parker","Trey Parker, Matt Stone, Kristen Miller, Masasa Moyo, Daran Norris, Phil Hendrie, Maurice LaMarche, Chelsea Magritte, Jeremy Shada, Fred Tatasciore","United States, Germany",2021-08-01,2004,"R",98,"min","Action & Adventure, Comedies, Cult Movies","In this musical satire, an all-marionette police force takes on the challenging role of keeping the peace on a troubled planet.",2021,"Aug"
"s353","Movie","The Edge of Seventeen","Kelly Fremon Craig","Hailee Steinfeld, Woody Harrelson, Kyra Sedgwick, Haley Lu Richardson, Blake Jenner, Hayden Szeto, Alexander Calvert, Eric Keenleyside","United States, China",2021-08-01,2016,"R",105,"min","Comedies, Dramas","A troubled teenager finds high school life even less bearable after she catches her childhood best friend hooking up with her popular older brother.",2021,"Aug"
"s354","Movie","The Haunting in Connecticut 2: Ghosts of Georgia","Tom Elkins","Abigail Spencer, Chad Michael Murray, Katee Sackhoff, Emily Alyn Lind, Cicely Tyson, Andrea Frankle, Brad James, Lance E. Nichols","United States",2021-08-01,2013,"R",101,"min","Horror Movies","A couple's Georgia dream home becomes a living nightmare when their daughter begins to have frightening visions from the property's terrible past.",2021,"Aug"
"s355","Movie","The Last Boy Scout","Tony Scott","Bruce Willis, Damon Wayans, Chelsea Field, Noble Willingham, Taylor Negron, Danielle Harris, Halle Berry, Bruce McGill","United States",2021-08-01,1991,"R",105,"min","Action & Adventure, Comedies","Private eye Joe Hallenbeck is forced to team up with a disgraced quarterback to uncover a conspiracy by a politician and a football team owner.",2021,"Aug"
"s356","Movie","The Lincoln Lawyer","Brad Furman","Matthew McConaughey, Josh Lucas, Ryan Phillippe, John Leguizamo, Michael Peña, Bryan Cranston, Bob Gunton, William H. Macy, Marisa Tomei, Frances Fisher","United States",2021-08-01,2011,"R",118,"min","Dramas, Thrillers","A street-wise defense lawyer who operates out of the back seat of his Lincoln lands a high-profile case that soon puts him and his family in danger.",2021,"Aug"
"s357","Movie","The Losers","Sylvain White","Jeffrey Dean Morgan, Zoe Saldana, Chris Evans, Idris Elba, Columbus Short, Óscar Jaenada, Jason Patric, Holt McCallany, Peter Macdissi, Peter Francis James","United States, France",2021-08-01,2010,"PG-13",97,"min","Action & Adventure","After a search-and-destroy mission leads to betrayal, an elite black ops squad seeks revenge. But they must remain deep undercover to even the score.",2021,"Aug"
"s358","Movie","The Machinist","Brad Anderson","Christian Bale, Jennifer Jason Leigh, Aitana Sánchez-Gijón, John Sharian, Michael Ironside, Lawrence Gilliard Jr., Reg E. Cathey, Anna Massey, Matthew Romero, Robert Long, Colin Stinton, Craig Stevenson","Spain, France, United Kingdom, United States",2021-08-01,2004,"R",102,"min","Dramas, Independent Movies, Thrillers","Haunted and gaunt after a prolonged bout of insomnia, factory worker Trevor Reznik begins to question his sanity amid a series of mysterious events.",2021,"Aug"
"s359","Movie","The Net","Irwin Winkler","Sandra Bullock, Jeremy Northam, Dennis Miller, Diane Baker, Wendy Gazelle, Ken Howard, Ray McKinnon, Daniel Schorr, L. Scott Caldwell, Robert Gossett","United States",2021-08-01,1995,"PG-13",114,"min","Thrillers","A computer analyst becomes a target after she stumbles onto a conspiracy via a mysterious floppy disk, forcing her to go on the run to clear her name.",2021,"Aug"
"s360","Movie","The Original Kings of Comedy","Spike Lee","Steve Harvey, D.L. Hughley, Cedric the Entertainer, Bernie Mac","United States",2021-08-01,2000,"R",111,"min","Stand-Up Comedy","Comedians Steve Harvey, Cedric the Entertainer, D.L. Hughley and Bernie Mac hit the stage in an iconic stand-up concert directed by Spike Lee.",2021,"Aug"
"s361","Movie","Valentine's Day","Garry Marshall","Jessica Alba, Kathy Bates, Jessica Biel, Bradley Cooper, Eric Dane, Patrick Dempsey, Hector Elizondo, Jamie Foxx, Jennifer Garner, Topher Grace, Anne Hathaway, Ashton Kutcher, Queen Latifah, Taylor Lautner, George Lopez, Shirley MacLaine, Emma Roberts, Julia Roberts, Taylor Swift","United States",2021-08-01,2010,"PG-13",125,"min","Comedies, Romantic Movies","The tripwires of modern love are exposed in a carousel involving relationships and the single life on the most romantic day of the year: February 14.",2021,"Aug"
"s366","Movie","Eyes of a Thief","Najwa Najjar","Khaled Abol El Naga, Souad Massi, Suhail Haddad, Malak Ermileh, Maisa Abd Elhadi, Walid Abdul Salam, Nisreen Faour, Areen Omari",", France, Algeria",2021-07-30,2014,"TV-14",103,"min","Dramas, Independent Movies, International Movies","After a decade in prison, a Palestinian man with a dark secret returns to the West Bank and searches for the daughter he lost long ago.",2021,"Jul"
"s375","Movie","Flower Girl","Michelle Bello","Damilola Adegbite, Chris Attoh, Chuks Chukwujekwu, Blossom Chukwujekwu, Eku Edewor, Bikiya Graham Douglas","Nigeria",2021-07-29,2013,"TV-PG",94,"min","Comedies, International Movies, Romantic Movies","When a young florist who's long dreamed of her wedding day gets dumped by her boyfriend, she sets out to win him back with help from a handsome actor.",2021,"Jul"
"s378","Movie","Bartkowiak","Daniel Markowicz","Józef Pawłowski, Zofia Domalik, Szymon Bobrowski, Bartłomiej Topa, Janusz Chabior, Rafał Zawierucha, Antoni Pawlicki, Cezary Łukaszewicz, Danuta Stenka, Jan Frycz, Damian Majewski","Poland",2021-07-28,2021,"TV-MA",92,"min","Action & Adventure, International Movies","After his brother dies in a car crash, a disgraced MMA fighter takes over the family nightclub — and soon learns his sibling's death wasn’t an accident.",2021,"Jul"
"s381","Tv Show","The Flash","Glen Winter","Grant Gustin, Candice Patton, Danielle Panabaker, Carlos Valdes, Tom Cavanagh, Jesse L. Martin, Neil Sandilands, Britne Oldford, Danielle Nicolet, Keiynan Lonsdale, Kim Engelbrecht","United States",2021-07-28,2021,"TV-14",7,"Seasons","Crime TV Shows, TV Action & Adventure, TV Sci-Fi & Fantasy","A forensics expert who wakes from a coma with amazing new powers squares off against forces threatening the city in this live-action superhero romp.",2021,"Jul"
"s384","Movie","Department","Ram Gopal Varma","Amitabh Bachchan, Sanjay Dutt, Rana Daggubati, Vijay Raaz, Abhimanyu Singh, Madhu Shalini, Deepak Tijori, Anjana Sukhani, Manchu Lakshmi","India",2021-07-27,2012,"TV-MA",143,"min","Action & Adventure, International Movies","Two cops form a task force to take down two mobsters, but when a sinister politician enters the picture, dubious loyalties and motives come to light.",2021,"Jul"
"s390","Movie","The Operative","Yuval Adler","Diane Kruger, Martin Freeman, Cas Anvar, Rotem Keinan, Yohanan Herson","France, Israel, Germany, United States, United Kingdom",2021-07-27,2019,"TV-MA",117,"min","Dramas, International Movies, Thrillers","Working as a Mossad spy assigned to Tehran, Rachel reaches her breaking point. Now it’s dangerously hard to tell whose side she’s on.",2021,"Jul"
"s393","Movie","Django Unchained","Quentin Tarantino","Jamie Foxx, Christoph Waltz, Leonardo DiCaprio, Kerry Washington, Samuel L. Jackson, Walton Goggins, Dennis Christopher, James Remar, David Steen, Dana Gourrier, Nichole Galicia, Laura Cayouette, Ato Essandoh, Sammi Rotibi, Escalante Lundy, Don Johnson","United States",2021-07-24,2012,"R",165,"min","Action & Adventure, Dramas","Accompanied by a German bounty hunter, a freed slave named Django travels across America to free his wife from a sadistic plantation owner.",2021,"Jul"
"s394","Movie","A Second Chance:  Rivals!","Clay Glen","Emily Morris, Stella Shute, Eva Grados, India Colombi, Nina Pearce, Adam Tuominen, Carmel Johnson, Natasha Wanganeen, Elysia Markou, Alexander Lloyd, Amy Handley","Australia",2021-07-23,2021,"PG",91,"min","Children & Family Movies, Sports Movies","Crushed when she doesn't qualify for the Olympics, a now-grown Maddy Cornell finds new purpose coaching young gymnasts going up against a rival team.",2021,"Jul"
"s403","Movie","The Last Letter From Your Lover","Augustine Frizzell","Shailene Woodley, Felicity Jones, Callum Turner, Joe Alwyn, Nabhaan Rizwan, Ncuti Gatwa, Emma Appleton, Christian Brassington, Alice Orr-Ewing, Lee Knight, Zoe Boyle, Ben Cross, Diana Kent","United Kingdom",2021-07-23,2021,"TV-MA",111,"min","Dramas, Romantic Movies","After finding a trove of love letters from 1965, a reporter sets out to solve the mystery of a secret affair — while embarking on a romance of her own.",2021,"Jul"
"s411","Movie","Chhota Bheem And The Broken Amulet","Rajiv Chilaka","Vatsal Dubey, Julie Tejwani, Rupa Bhimani, Jigna Bhardwaj, Rajesh Kava, Mousam, Swapnil","India",2021-07-22,2013,"TV-Y7",64,"min","Children & Family Movies","When a stranger tries to steal an amulet from the palace, Bheem learns the sad story behind the ornament and heads to Africa to defeat the real villain.",2021,"Jul"
"s416","Movie","Chhota Bheem aur Krishna","Rajiv Chilaka","Vatsal Dubey, Julie Tejwani, Rupa Bhimani, Jigna Bhardwaj, Rajesh Kava, Arun Shekher, Sanchit Wartak","India",2021-07-22,2009,"TV-Y7",68,"min","Children & Family Movies","Centuries after the end of a conqueror's rule, he is mysteriously back from the dead. It’s up to Bheem to save Dholakpur from being taken over!",2021,"Jul"
"s427","Movie","Cousins","Ainsley Gardiner, Briar Grace-Smith","Rachel House, Briar Grace-Smith, Tanea Heke, Tioreore Ngatai-Melbourne, Ana Scotney, Hariata Moriarty, Chelsie Preston Crayford, Sylvia Rands","New Zealand",2021-07-22,2021,"TV-MA",99,"min","Dramas","Separated as children, three cousins with an unshakeable bond confront their painful pasts and embark on an emotional journey to find each other.",2021,"Jul"
"s430","Movie","Sanitation Day","Seyi Babatope","Blossom Chukwujekwu, Elozonam Ogbolu, Nse Ikpe-Etim, Belinda Effah, Saeed Mohammed, Chukwuemeka Okoroafor, Kunle Fawole, Chris Okagbue, Adebayo Salami, Charles Inojie, Elvina Ibru, Tobi Bakare","Nigeria",2021-07-21,2020,"TV-14",105,"min","Dramas, International Movies, Thrillers","Two cops must contend with the uncooperative tenants of an apartment complex as they try to solve a murder before the crime scene is wiped clean.",2021,"Jul"
"s434","Movie","Milkwater","Morgan Ingari","Molly Bernard, Patrick Breen, Robin de Jesús, Ava Eisenson, Ade Otukoya","United States",2021-07-20,2020,"TV-MA",102,"min","Comedies, Dramas, Independent Movies","Aimless 20-something Milo impulsively becomes a gay man’s surrogate and wrestles with the emotional complexities of her non-traditional decision.",2021,"Jul"
"s437","Movie","The Tambour of Retribution","Abdulaziz Alshlahei","Faisal Al Dokhei, Adwa Fahad, Muhand Alsaleh, Rawya Ahmed, Ajeba Aldosary, Aly Ibrahim, Samer Elkhal, Hashem Hawsawi, Ibrahim Mesisebi, Shabib Alkhaleefa, Abdulateif Saud, Nada Alshehry, Dhay Nasser","Saudi Arabia",2021-07-19,2021,"TV-14",91,"min","Dramas, International Movies, Romantic Movies","In an impoverished neighborhood, the son of a swordsman falls in love with the daughter of a wedding singer — a taboo match in a traditional society.",2021,"Jul"
"s438","Movie","Cosmic Sin","Edward Drake","Frank Grillo, Bruce Willis, Brandon Thomas Lee, Corey Large, Perrey Reeves, C.J. Perry, Lochlyn Munro, Costas Mandylor, Adelaide Kane, Eva De Dominici, Sarah May Sommers, Trevor Gretzky","United States",2021-07-17,2021,"R",88,"min","Action & Adventure","In the year 2524, a disgraced retired general is called back into combat to help prevent an interstellar war against a hostile alien fleet.",2021,"Jul"
"s440","Movie","Deep","Sita Likitvanichkul, Jetarin Ratanaserikiat, Apirak Samudkitpaisan, Thanabodee Uawithya, Adirek Wattaleela","Panisara Rikulsurakan, Kay Lertsittichai, Supanaree Sutavijitvong, Krit Jeerapattananuwong, Warisara Jitpreedasakul, Dujdao Vadhanapakorn, Kim Waddoup, Philaiwan Khamphirathat, Wongsakorn Rassamitat, Bhumibhat Thavornsiri","Thailand",2021-07-16,2021,"TV-MA",101,"min","Dramas, International Movies, Thrillers","Four insomniac med school students are lured into a neuroscience experiment that spirals out of control — and must find a way out before it’s too late.",2021,"Jul"
"s446","Movie","The Beguiled","Sofia Coppola","Colin Farrell, Nicole Kidman, Kirsten Dunst, Elle Fanning, Oona Laurence, Angourie Rice, Addison Riecke, Emma Howard","United States",2021-07-16,2017,"R",94,"min","Dramas, Independent Movies, Thrillers","During the Civil War, a wounded Union soldier takes refuge at a Southern girls school, rupturing the calm amid growing sexual tension and infighting.",2021,"Jul"
"s447","Movie","The Book of Henry","Colin Trevorrow","Naomi Watts, Jaeden Martell, Jacob Tremblay, Sarah Silverman, Dean Norris, Lee Pace, Maddie Ziegler, Tonya Pinkins, Bobby Moynihan, Geraldine Hughes","United States",2021-07-16,2017,"PG-13",105,"min","Dramas","An 11-year-old vows to help a new neighbor who he suspects is in danger, and documents his efforts in a series of written entries and audio recordings.",2021,"Jul"
"s448","Movie","The Twilight Saga: Breaking Dawn: Part 1","Bill Condon","Kristen Stewart, Robert Pattinson, Taylor Lautner, Billy Burke, Peter Facinelli, Elizabeth Reaser, Kellan Lutz, Nikki Reed, Jackson Rathbone, Ashley Greene","United States",2021-07-16,2011,"PG-13",117,"min","Dramas, Romantic Movies","After a dream wedding, Bella and Edward enter a new nightmare when a shocking development forces life-or-death decisions.",2021,"Jul"
"s449","Movie","The Twilight Saga: Breaking Dawn: Part 2","Bill Condon","Kristen Stewart, Robert Pattinson, Taylor Lautner, Peter Facinelli, Elizabeth Reaser, Ashley Greene, Jackson Rathbone, Kellan Lutz, Nikki Reed, Billy Burke","United States",2021-07-16,2012,"PG-13",115,"min","Dramas, Romantic Movies","In the epic series' final chapter, Bella and Edward's newborn daughter forces the couple into a life-altering confrontation with the Volturi.",2021,"Jul"
"s450","Movie","The Twilight Saga: Eclipse","David Slade","Kristen Stewart, Robert Pattinson, Taylor Lautner, Bryce Dallas Howard, Billy Burke, Dakota Fanning, Peter Facinelli, Elizabeth Reaser, Jackson Rathbone, Kellan Lutz, Ashley Greene, Nikki Reed","United States",2021-07-16,2010,"PG-13",124,"min","Dramas, Romantic Movies","With a bloodthirsty enemy on a quest for revenge, Bella must reconcile her love for vampire Edward and her growing feelings for werewolf Jacob.",2021,"Jul"
"s451","Movie","The Twilight Saga: New Moon","Chris Weitz","Kristen Stewart, Robert Pattinson, Taylor Lautner, Ashley Greene, Rachelle Lefevre, Billy Burke, Michael Sheen, Dakota Fanning, Peter Facinelli, Elizabeth Reaser, Jackson Rathbone, Kellan Lutz, Nikki Reed, Edi Gathegi","United States",2021-07-16,2009,"PG-13",131,"min","Dramas, Romantic Movies","Still reeling from the departure of vampire Edward Cullen, a heartbroken Bella Swan finds comfort in her friendship with werewolf Jacob Black.",2021,"Jul"
"s452","Movie","Twilight","Catherine Hardwicke","Kristen Stewart, Robert Pattinson, Billy Burke, Peter Facinelli, Elizabeth Reaser, Cam Gigandet, Ashley Greene, Anna Kendrick, Nikki Reed, Taylor Lautner, Jackson Rathbone, Kellan Lutz","United States",2021-07-16,2008,"PG-13",122,"min","Action & Adventure, Dramas, Romantic Movies","When Bella Swan moves in with her father, she starts school and meets Edward, a mysterious classmate who reveals himself to be a 108-year-old vampire.",2021,"Jul"
"s453","Movie","A Perfect Fit","Hadrah Daeng Ratu","Nadya Arina, Refal Hady, Giorgino Abraham, Anggika Bolsterli, Laura Theux, Christine Hakim, Unique Priscilla, Karina Suwandi, Mathias Muchus, Ayu Laksmi, I Made Sidia, Dominique Sanda, Bryan Domani, Wafda Saifan, Yayu Unru, Dave Hendrik","Indonesia",2021-07-15,2021,"TV-PG",113,"min","Comedies, Dramas, International Movies","Sparks fly when a fashion blogger in Bali meets a gifted shoemaker, leading her to question her commitment to her fiancé.",2021,"Jul"
"s461","Movie","Surf's Up","Ash Brannon, Chris Buck","Shia LaBeouf, Jeff Bridges, Zooey Deschanel, Jon Heder, James Woods, Diedrich Bader, Mario Cantone, Kelly Slater, Rob Machado, Sal Masekela","United States, Canada",2021-07-15,2007,"PG",86,"min","Children & Family Movies, Comedies, Sports Movies","This Oscar-nominated animated comedy goes behind the scenes at the Penguin World Surfing Championship to get a close-up look at the inventors of surfing.",2021,"Jul"
"s464","Movie","A Classic Horror Story","Roberto De Feo, Paolo Strippoli","Matilda Lutz, Francesco Russo, Peppino Mazzotta, Will Merrick, Yuliia Sobol, Alida Baldari Calabria, Cristina Donadio, Francesca Cavallin","Italy",2021-07-14,2021,"TV-MA",95,"min","Horror Movies, International Movies","In this gruesome suspense film, strangers traveling in southern Italy become stranded in the woods, where they must fight desperately to get out alive.",2021,"Jul"
"s470","Movie","American Woman","Semi Chellas","Hong Chau, Sarah Gadon, John Gallagher Jr., Lola Kirke, Ellen Burstyn, David Cubitt, Jordan Pettle, Richard Walters","United States, Canada",2021-07-13,2019,"TV-MA",87,"min","Dramas, Independent Movies","In rural Pennsylvania, a working-class single mom must pick up the pieces and step up to raise her grandson after her daughter suddenly disappears.",2021,"Jul"
"s475","Movie","American Ultra","Nima Nourizadeh","Jesse Eisenberg, Kristen Stewart, Topher Grace, Connie Britton, Walton Goggins, John Leguizamo, Bill Pullman, Tony Hale, Lavell Crawford, Stuart Greer","United States, Switzerland",2021-07-10,2015,"R",96,"min","Action & Adventure, Comedies","He's just a weed fiend going nowhere, or so he thinks. When the CIA tries to eliminate him, his long-dormant superspy training comes roaring back.",2021,"Jul"
"s487","Movie","Ratchet and Clank","Jericca Cleland, Kevin Munroe","Paul Giamatti, John Goodman, Bella Thorne, Rosario Dawson, Jim Ward, Armin Shimerman, Vincent Tong, Andrew Cownden, James Arnold Taylor, David Kaye, Sylvester Stallone","Hong Kong, Canada, United States",2021-07-09,2016,"PG",94,"min","Children & Family Movies, Comedies, Sci-Fi & Fantasy","Affable alien Ratchet longs to be a Galactic Ranger and might get the chance when rogue robot Clank tells him of evil Drek's plot to destroy a galaxy.",2021,"Jul"
"s490","Movie","Back to Q82","Ahmed Siddiqui","Jassim Al Nabhan, Abdel Imam Abdullah, Abdulaziz El Nassar, Khalid Muthafar, Amal Anbari, Ali Al-Hamdaan, El Hussein Abd, Nawaf Al Shemmeri, Bashar Abd Alah, Naser Albouloshy","Kuwait, United States",2021-07-08,2017,"TV-14",104,"min","Comedies, International Movies","Eager to rejoin her divorced parents, an inventor's daughter drives his time-traveling car back to 1982. But a secret crush accidentally follows.",2021,"Jul"
"s492","Movie","Home Again","Hallie Meyers-Shyer","Reese Witherspoon, Michael Sheen, Candice Bergen, Nat Wolff, Jon Rudnitsky, Pico Alexander, Lake Bell, Reid Scott, Dolly Wells, Lola Flanery, Eden Grace Redfield, P.J. Byrne","United States",2021-07-08,2017,"PG-13",97,"min","Comedies, Dramas, Romantic Movies","A newly single mom takes in three young male filmmakers as boarders, but her estranged husband returns to complicate her new, unconventional life.",2021,"Jul"
"s493","Movie","Midnight Sun","Scott Speer","Bella Thorne, Patrick Schwarzenegger, Rob Riggle, Quinn Shephard, Suleka Mathew, Tiera Skovbye, Ken Tremblett, Norm Misura, Austin Obiajunwa, Nicholas Coombe","United States",2021-07-08,2018,"PG-13",91,"min","Dramas, Romantic Movies","Born with a fatal sensitivity to sunlight, a sheltered teen girl falls for her neighbor, but hides her condition from him as their romance blossoms.",2021,"Jul"
"s495","Movie","Rock the Kasbah","Barry Levinson","Bill Murray, Kate Hudson, Zooey Deschanel, Danny McBride, Scott Caan, Leem Lubany, Bruce Willis, Arian Moayed, Taylor Kinney, Glenn Fleshler","United States",2021-07-08,2015,"R",106,"min","Comedies, Music & Musicals","When a has-been music producer gets stuck in Afghanistan he discovers a girl with a wonderful voice, then has to find a way to market her talents.",2021,"Jul"
"s497","Movie","Brick Mansions","Camille Delamarre","Paul Walker, David Belle, RZA, Gouchy Boy, Catalina Denis, Ayisha Issa, Carlo Rota, Andreas Apergis, Richard Zeman, Robert Maillet","France, Canada, United States, Spain",2021-07-07,2014,"PG-13",90,"min","Action & Adventure, International Movies","An undercover police detective partners with an ex-convict to take down a drug kingpin amid grime and crime in a walled-off Detroit housing project.",2021,"Jul"
"s503","Movie","Tango With Me","Mahmood Ali-Balogun","Genevieve Nnaji, Joseph Benjamin, Joke Silva, Tina Mba, Ahmed Yerima, Bimbo Manuel, Sade Alder-Hayes","Nigeria",2021-07-07,2010,"TV-14",104,"min","Dramas, International Movies, Romantic Movies","A newly married couple journeys through self-discovery and healing while dealing with the aftermath of a traumatic event on their wedding night.",2021,"Jul"
"s504","Tv Show","The Mire","Jan Holoubek","Andrzej Seweryn, Dawid Ogrodnik, Zofia Wichłacz, Magdalena Walach, Piotr Fronczewski, Agnieszka Żulewska, Ireneusz Czop, Zbigniew Waleryś, Jacek Beler, Nel Kaczmarek","Poland",2021-07-07,2021,"TV-MA",2,"Seasons","Crime TV Shows, International TV Shows, TV Dramas","In an early-'80s Polish town, a prostitute and a youth leader are found killed, but the police's handling of the case makes two journalists suspicious.",2021,"Jul"
"s507","Movie","This Little Love Of Mine","Christine Luby","Saskia Hampele, Liam McIntyre, Lynn Gilmartin, Craig Horner","Australia",2021-07-07,2021,"TV-G",92,"min","International Movies, Romantic Movies","A workaholic lawyer returns to her island home to convince an old friend to take over his family’s company — but rekindled feelings soon get in the way.",2021,"Jul"
"s509","Movie","A Land Imagined","Yeo Siew Hua","Peter Yu, Liu Xiaoyi, Guo Yue, Ishtiaque Zico, Jack Tan","France, Netherlands, Singapore",2021-07-06,2019,"TV-MA",95,"min","Dramas, International Movies","A cop in Singapore investigates the disappearance of a Chinese migrant construction worker who spent sleepless nights playing a mysterious video game.",2021,"Jul"
"s519","Movie","Har Kisse Ke Hisse: Kaamyaab","Hardik Mehta","Sanjay Mishra, Deepak Dobriyal, Sarika Singh, Isha Talwar, Avtar Gill, Kaurwakee Vashistha, Amitabh Srivastava, Vikas Verma","India",2021-07-06,2020,"TV-14",105,"min","Dramas, International Movies","After a career of thankless credits, a retired actor returns for a long-awaited leading role but finds he is utterly unprepared for new-age filmmaking.",2021,"Jul"
"s529","Movie","Rehmataan","Rajveer Singh Maan, Harpeet Singh","Guggu Gill, Sukhjinder Shera, Surinder Shinda, Deep Dhillon, Jasmine Jassi, Gurvinder Brar, Razia Sukhvir, Raj Virk","India",2021-07-06,2012,"TV-14",116,"min","Dramas, International Movies, Romantic Movies","As unemployment, drug addiction and corruption plague a society, this drama depicts the people who believe there’s still good in the world.",2021,"Jul"
"s530","Movie","Return of the Prodigal Son","Youssef Chahine","Majida El Roumi, Souheir El Morshidy, Shoukry Sarhan, Huda Sultan, Mahmoud El Meleigy, Ahmad Mehrez, Hesham Selim","Egypt",2021-07-06,1976,"TV-MA",124,"min","Dramas, International Movies","Freed after spending 12 years in jail, a man's homecoming turns into a dark affair as his disillusion clashes with his family's expectations.",2021,"Jul"
"s532","Movie","Rise: Ini Kalilah","Saw Teong Hin, Nik Amir Mustapha, M.S. Prem Nath","Remy Ishak, Mira Filzah, Jack Tan, Sangeeta Krishnasamy, Shashi Tharan, Mark O'Dea, Jenn Chia, Sharifah Sakinah","Malaysia",2021-07-06,2018,"TV-PG",101,"min","Dramas, International Movies","Inspired by Malaysia's 14th General Election, this film trails six individuals and the obstacles they face in the days leading up to the historic event.",2021,"Jul"
"s535","Movie","Si Doel the Movie 2","Rano Karno","Maudy Koesnaedi, Rano Karno, Cornelia Agatha, Mandra Naih, Aminah Tjendrakasih, Suty Karno, Adam Jagwani","Indonesia",2021-07-06,2019,"TV-G",95,"min","Dramas, International Movies","As Sarah and her child look to settle in Jakarta, Zaenab searches for answers and gets caught between defending her marriage to Doel or letting it go.",2021,"Jul"
"s542","Movie","Truckbhar Swapna","Pramod Pawar","Makrand Deshpande, Kranti Redkar, Mukesh Rishi, Manoj Joshi, Smita Tambe, Aaditi Pohankar, Sahil Gilbile, Jyoti Joshi","India",2021-07-06,2018,"TV-14",128,"min","Comedies, Dramas, International Movies","A taxi driver living in a Mumbai slum seeks to better his family's life by building an extension of his home while dealing with a lecherous contractor.",2021,"Jul"
"s543","Movie","Ujala","Naresh Saigal","Mala Sinha, Shammi Kapoor, Raaj Kumar, Leela Chitnis, Dhumal, Kumkum","India",2021-07-06,1959,"TV-14",143,"min","Dramas, International Movies","An honest man dreams of a better life for his family, but a childhood friend leads him into a world of crime that keeps happiness just out of reach.",2021,"Jul"
"s552","Movie","Haseen Dillruba","Vinil Mathew","Taapsee Pannu, Vikrant Massey, Harshvardhan Rane, Aditya Srivastava, Ashish Verma, Yamini Das, Daya Shankar Pandey","India",2021-07-02,2021,"TV-MA",136,"min","International Movies, Romantic Movies, Thrillers","Under investigation as a suspect in her husband’s murder, a wife reveals details of their thorny marriage that seem to only further blur the truth.",2021,"Jul"
"s555","Movie","RattleSnake - The Ahanna Story","Ramsey Nouah","Stan Nze, Osas Ighodaro, Bucci Franklin, Odera Adimorah, Efa Iwara, Emeka Nwagbaraocha, Elma Mbadiwe, Norbert Young, Brutus Richard, Chinyere Wilfred, Sonny McDon, Chiwetalu Agu","Nigeria",2021-07-02,2020,"TV-MA",136,"min","Dramas, International Movies, Thrillers","In this stylish remake, a disillusioned mastermind assembles a team to pull off a series of spectacular heists — but his crimes make too many enemies.",2021,"Jul"
"s556","Movie","Snowpiercer","Bong Joon Ho","Chris Evans, Song Kang-ho, Ed Harris, John Hurt, Tilda Swinton, Jamie Bell, Octavia Spencer, Ewen Bremner, Alison Pill, Adnan Haskovic, Vlad Ivanov, Ko A-sung, Luke Pasqualino","South Korea, Czech Republic",2021-07-02,2013,"R",126,"min","Action & Adventure, Cult Movies, International Movies","The Earth's remaining inhabitants are confined to a single train circling the globe as revolution brews among the class-divided cars.",2021,"Jul"
"s557","Movie","The 8th Night","Kim Tae-hyung","Lee Sung-min, Park Hae-joon, Kim You-jung, Nam Da-reum, Choi Jin-ho, Kim Dong-yeong, Lee Eal","South Korea",2021-07-02,2021,"TV-14",116,"min","Horror Movies, International Movies, Thrillers","With prayer beads in one hand and an ax in the other, a monk hunts down a millennia-old spirit that's possessing humans and unleashing hell on Earth.",2021,"Jul"
"s558","Movie","Winchester","Michael Spierig, Peter Spierig","Helen Mirren, Jason Clarke, Sarah Snook, Angus Sampson, Finn Scicluna-O'Prey, Laura Brent, Tyler Coppin, Eamon Farren, Bruce Spence","Australia, United States",2021-07-02,2018,"PG-13",100,"min","Horror Movies, Sci-Fi & Fantasy","The heiress to a vast firearms fortune constructs a mansion with a maze-like interior to ward off the spirits of those killed by her family's product.",2021,"Jul"
"s559","Movie","6 Bullets","Ernie Barbarash","Jean-Claude Van Damme, Joe Flanigan, Anna-Louise Plowman, Charlotte Beaumont, Steve Nicolson, Uriel Emil, Louis Dempsey, Mark Lewis, Kristopher Van Varenberg, Bianca Brigitte VanDamme","United States",2021-07-01,2012,"R",115,"min","Action & Adventure","A former mercenary is lured back into the dangerous business of finding missing children when the daughter of a mixed martial arts champ is kidnapped.",2021,"Jul"
"s560","Movie","Air Force One","Wolfgang Petersen","Harrison Ford, Gary Oldman, Glenn Close, Wendy Crewson, Paul Guilfoyle, William H. Macy, Liesel Matthews, Dean Stockwell, Xander Berkeley, Bill Smitrovich, Elya Baskin, David Vadim, Tom Everett, Spencer Garrett, Philip Baker Hall","United States, Germany",2021-07-01,1997,"R",125,"min","Action & Adventure","When terrorists hijack Air Force One with the president and his family on board, the commander-in-chief takes matters into his own well-trained hands.",2021,"Jul"
"s562","Movie","Austin Powers in Goldmember","Jay Roach","Mike Myers, Beyoncé Knowles-Carter, Seth Green, Michael York, Robert Wagner, Mindy Sterling, Verne Troyer, Michael Caine, Fred Savage","United States",2021-07-01,2002,"PG-13",94,"min","Action & Adventure, Comedies","The world's most shagadelic spy continues his fight against the diabolical Dr. Evil, who's teamed with a new foe: 1970s villain Goldmember.",2021,"Jul"
"s563","Movie","Austin Powers: International Man of Mystery","Jay Roach","Mike Myers, Elizabeth Hurley, Michael York, Mimi Rogers, Robert Wagner, Seth Green, Fabiana Udenio, Mindy Sterling, Paul Dillon, Charles Napier, Will Ferrell","United States",2021-07-01,1997,"PG-13",90,"min","Comedies","A swingin' fashion photographer by day and a groovy British secret agent by night, superspy Austin Powers must foil the sinister schemes of Dr. Evil.",2021,"Jul"
"s564","Movie","Austin Powers: The Spy Who Shagged Me","Jay Roach","Mike Myers, Heather Graham, Michael York, Robert Wagner, Rob Lowe, Seth Green, Mindy Sterling, Verne Troyer, Elizabeth Hurley, Will Ferrell","United States",2021-07-01,1999,"PG-13",95,"min","Action & Adventure, Comedies, Sci-Fi & Fantasy","When diabolical genius Dr. Evil travels back in time to steal superspy Austin Powers's ""mojo,"" Austin must return to the swingin' '60s himself.",2021,"Jul"
"s565","Movie","Boogie Nights","Paul Thomas Anderson","Mark Wahlberg, Burt Reynolds, Julianne Moore, Heather Graham, William H. Macy, Don Cheadle, Philip Seymour Hoffman, Luis Guzmán, John C. Reilly, Philip Baker Hall","United States",2021-07-01,1997,"R",155,"min","Comedies, Dramas, Independent Movies","A well-endowed busboy is taken in by a tight-knit group of 1970s porn actors and transforms himself into skin flick celebrity Dirk Diggler.",2021,"Jul"
"s567","Movie","Charlie's Angels","McG","Cameron Diaz, Drew Barrymore, Lucy Liu, Bill Murray, Sam Rockwell, Kelly Lynch, Tim Curry, Crispin Glover, Matt LeBlanc, LL Cool J, Tom Green, Luke Wilson","United States, Germany",2021-07-01,2000,"PG-13",98,"min","Action & Adventure, Comedies","A tight-knit trio of specially trained agents wield weapons — and charm — as they track down stolen software in this reboot of the classic TV series.",2021,"Jul"
"s568","Movie","Congo","Frank Marshall","Dylan Walsh, Laura Linney, Ernie Hudson, Tim Curry, Joe Don Baker, Grant Heslov, Adewale Akinnuoye-Agbaje, Mary Ellen Trainor","United States",2021-07-01,1995,"PG-13",108,"min","Action & Adventure, Thrillers","Eight people, some with ulterior motives, go on an expedition to the Congo, where they find a lost city protected by killer apes.",2021,"Jul"
"s569","Movie","Dennis the Menace","Nick Castle","Walter Matthau, Mason Gamble, Joan Plowright, Christopher Lloyd, Lea Thompson, Robert Stanton, Paul Winfield","United States",2021-07-01,1993,"PG",96,"min","Children & Family Movies, Comedies","The bane of George's life is a little boy named Dennis. But when a cunning thief attempts to rob George, Dennis may be the only one who can stop him.",2021,"Jul"
"s570","Movie","Dreamy Eyes","Victor Vu","Tran Nghia, Truc Anh, Tran Phong, Khanh Van, Nguyen Lam Thao Tam, Hung Vo, Pham Dinh Thai Ngan, Lam Bao Danh, Nguyen Ngoc Huyen Dieu, Truong Hoang Hanh Thy, Mona Bao Tien, Mai Cat Vi","Vietnam",2021-07-01,2019,"TV-14",117,"min","Dramas, International Movies, Romantic Movies","Through heartbreak and betrayal, Ngan's unrequited love for his childhood best friend Hà La endures for a generation in this sweeping romance.",2021,"Jul"
"s573","Movie","Hampstead","Joel Hopkins","Diane Keaton, Brendan Gleeson, Lesley Manville, Jason Watkins, James Norton, Phil Davis","United Kingdom, Belgium",2021-07-01,2019,"PG-13",103,"min","Comedies, Dramas, International Movies","An American widow in London forms an unexpected relationship with a man living off the grid in a beautiful park ripe for development.",2021,"Jul"
"s574","Movie","Kung Fu Panda","John Stevenson, Mark Osborne","Jack Black, Dustin Hoffman, Angelina Jolie, Ian McShane, Seth Rogen, Lucy Liu, Jackie Chan, David Cross, Randall Duk Kim, James Hong","United States, China",2021-07-01,2008,"PG",94,"min","Children & Family Movies, Comedies","When a powerful villain comes after peace in his valley, a lazy panda rises to the challenge to realize his destiny and become a kung fu warrior.",2021,"Jul"
"s575","Movie","Kung Fu Panda 2","Jennifer Yuh Nelson","Jack Black, Angelina Jolie, Dustin Hoffman, Gary Oldman, Seth Rogen, Lucy Liu, Jackie Chan, David Cross, James Hong, Michelle Yeoh","United States, China",2021-07-01,2011,"PG",93,"min","Children & Family Movies, Comedies","With his fists up and belly full, Po embarks on a perilous journey with the Furious Five to take on a frightful new enemy and save the art of kung fu.",2021,"Jul"
"s576","Movie","Life as We Know It","Greg Berlanti","Katherine Heigl, Josh Duhamel, Josh Lucas, Alexis Clagett, Brynn Clagett, Brooke Clagett, Hayes MacArthur, Christina Hendricks, Sarah Burns, Jessica St. Clair","United States",2021-07-01,2010,"PG-13",115,"min","Comedies, Dramas, Romantic Movies","Holly and Eric discover reciprocal hatred during their first date, but must put their feelings aside after becoming guardians of their friends' baby.",2021,"Jul"
"s577","Movie","Mary Magdalene","Garth Davis","Rooney Mara, Joaquin Phoenix, Chiwetel Ejiofor, Tahar Rahim, Ariane Labed, Denis Ménochet, Lubna Azabal, Tchéky Karyo, Charles Babalola, Tawfeek Barhom, Ryan Corr, Uri Gavriel, Shira Haas, Tsahi Halevi, Michael Moshonov","United Kingdom, Australia, United States",2021-07-01,2019,"R",120,"min","Dramas, Faith & Spirituality, International Movies","A woman with healing powers abandons her village life to become a devout disciple of Jesus, the founder of Christianity.",2021,"Jul"
"s579","Movie","Memoirs of a Geisha","Rob Marshall","Zhang Ziyi, Ken Watanabe, Koji Yakusho, Michelle Yeoh, Kaori Momoi, Youki Kudoh, Gong Li, Cary-Hiroyuki Tagawa, Mako Iwamatsu, Navia Nguyen, Karl Yune","France, Japan, United States",2021-07-01,2005,"PG-13",145,"min","Dramas, Romantic Movies","Sold to a geisha house as a child, a fisherman’s daughter becomes the most sought-after geisha in Kyoto, but rivalries threaten the destiny she desires.",2021,"Jul"
"s580","Movie","Midnight Run","Martin Brest","Robert De Niro, Charles Grodin, Yaphet Kotto, John Ashton, Dennis Farina, Joe Pantoliano, Richard Foronjy, Robert Miranda, Jack Kehoe, Wendy Phillips, Philip Baker Hall","United States",2021-07-01,1988,"R",126,"min","Action & Adventure, Classic Movies, Comedies","A cop-turned-bounty hunter runs into trouble as he races from New York to Los Angeles with a fugitive accountant who embezzled millions from the mob.",2021,"Jul"
"s582","Movie","Mortal Kombat","Paul W.S. Anderson","Christophe Lambert, Robin Shou, Linden Ashby, Cary-Hiroyuki Tagawa, Bridgette Wilson-Sampras, Talisa Soto, Trevor Goddard, Chris Casamassa, François Petit, Keith Cooke","United States",2021-07-01,1995,"PG-13",101,"min","Action & Adventure, Sci-Fi & Fantasy","Three fighters travel to the mystical realm of Outworld to test their might in a tournament against an evil demon with plans to take over the world.",2021,"Jul"
"s583","Movie","Mother's Day","Garry Marshall","Jennifer Aniston, Kate Hudson, Julia Roberts, Jason Sudeikis, Britt Robertson, Timothy Olyphant, Margo Martindale, Shay Mitchell, Jack Whitehall, Hector Elizondo, Jon Lovitz, Larry Miller, Cameron Esposito, Aasif Mandvi, Jennifer Garner, Sarah Chalke","United States",2021-07-01,2016,"PG-13",118,"min","Comedies, Dramas","The trials and tribulations of several Atlanta moms (and one clueless widower dad) make it a Mother's Day to remember in this ensemble comedy.",2021,"Jul"
"s584","Movie","No Strings Attached","Ivan Reitman","Natalie Portman, Ashton Kutcher, Kevin Kline, Cary Elwes, Greta Gerwig, Lake Bell, Olivia Thirlby, Ludacris, Jake Johnson, Mindy Kaling, Talia Balsam","United States, United Kingdom",2021-07-01,2011,"R",109,"min","Comedies, Romantic Movies","""Friends with benefits"" Emma and Adam are fine with their open relationship ... until those pesky little things called feelings enter the picture.",2021,"Jul"
"s585","Movie","Not Another Teen Movie","Joel Gallen","Chyler Leigh, Chris Evans, Jaime Pressly, Eric Christian Olsen, Mia Kirshner, Deon Richmond, Eric Jungmann, Ron Lester, Cody McMains, Sam Huntington, Lacey Chabert, JoAnna Garcia Swisher, Samm Levine, Cerina Vincent","United States",2021-07-01,2001,"R",89,"min","Comedies","On a bet, a gridiron hero at John Hughes High School sets out to turn a bespectacled artist into a prom queen in this outrageous parody.",2021,"Jul"
"s586","Movie","Ophelia","Claire McCarthy","Daisy Ridley, Naomi Watts, Clive Owen, George MacKay, Tom Felton, Devon Terrell, Dominic Mafham, Daisy Head","United Kingdom, United States",2021-07-01,2018,"PG-13",106,"min","Dramas, Romantic Movies","In this retelling of “Hamlet” from Ophelia’s point of view, the lady-in-waiting’s shared love with Denmark’s prince is ruined by treachery and madness.",2021,"Jul"
"s590","Movie","Red Joan","Trevor Nunn","Judi Dench, Sophie Cookson, Nina Sosanya, Tom Hughes, Tereza Srbová, Stephen Campbell Moore, Ben Miles, Freddie Gaminara, Robin Soans, Kevin Fuller","United Kingdom",2021-07-01,2019,"R",101,"min","Dramas, International Movies","When an unassuming elderly widow is arrested for treason, her tangled secret past as the KGB's longest-serving British spy is exposed.",2021,"Jul"
"s592","Movie","Seven Pounds","Gabriele Muccino","Will Smith, Rosario Dawson, Woody Harrelson, Michael Ealy, Barry Pepper, Elpidia Carrillo, Robinne Lee, Joe Nunez, Bill Smitrovich, Tim Kelleher, Gina Hecht, Andy Milder, Judyann Elder, Sarah Jane Morris","United States",2021-07-01,2008,"PG-13",123,"min","Dramas, Romantic Movies","Weighed down by a dark secret, IRS agent Ben Thomas tries to improve the lives of seven strangers in need of a second chance.",2021,"Jul"
"s593","Movie","She's Out of My League","Jim Field Smith","Jay Baruchel, Alice Eve, T.J. Miller, Mike Vogel, Nate Torrence, Krysten Ritter, Geoff Stults, Lindsay Sloane, Andrew Daly, Jasika Nicole, Kyle Bornheimer","United States",2021-07-01,2010,"R",106,"min","Comedies, Romantic Movies","Kirk's a 5. His new girlfriend Molly's a 10. No one knows what she sees in him, including Kirk. Will his raging insecurities ruin this budding romance?",2021,"Jul"
"s594","Movie","Snow Day","Chris Koch","Chris Elliott, Mark Webber, Jean Smart, Schuyler Fisk, Iggy Pop, Pam Grier, John Schneider, Chevy Chase, Zena Grey, Josh Peck","United States",2021-07-01,2000,"PG",89,"min","Children & Family Movies, Comedies","When a snow day shuts down the whole town, the Wheeler family cuts loose. Hal makes a play for the most popular girl in his school, 10-year-old Natalie takes on the dreaded snowplow man, and Dad gets into a showdown with a rival meteorologist.",2021,"Jul"
"s595","Movie","Star Trek","J.J. Abrams","Chris Pine, Zachary Quinto, Karl Urban, Zoe Saldana, Simon Pegg, John Cho, Anton Yelchin, Eric Bana, Leonard Nimoy, Bruce Greenwood, Ben Cross, Winona Ryder","United States, Germany",2021-07-01,2009,"PG-13",128,"min","Action & Adventure, Sci-Fi & Fantasy","On their first voyage aboard the starship Enterprise, cocky rebel James T. Kirk and logic-driven Vulcan Spock try to defeat a vengeful Romulan commander.",2021,"Jul"
"s596","Movie","Stuart Little","Rob Minkoff","Michael J. Fox, Jonathan Lipnicki, Geena Davis, Hugh Laurie, Nathan Lane","Germany, United States",2021-07-01,1999,"PG",85,"min","Children & Family Movies, Comedies","When his parents adopt a mouse instead of a little boy, George realizes brothers come in all shapes and sizes. But Snowbell the cat is not so welcoming.",2021,"Jul"
"s597","Movie","Sword of Trust","Lynn Shelton","Marc Maron, Jon Bass, Michaela Watkins, Jillian Bell, Toby Huss, Dan Bakkedahl, Lynn Shelton, Whitmer Thomas","United States",2021-07-01,2019,"R",89,"min","Comedies, Dramas, Independent Movies","An offbeat foursome takes a wild journey through the Southern belt of denial to sell a relic purporting to prove the South won the Civil War.",2021,"Jul"
"s598","Movie","Talladega Nights: The Ballad of Ricky Bobby","Adam McKay","Will Ferrell, John C. Reilly, Sacha Baron Cohen, Gary Cole, Michael Clarke Duncan, Leslie Bibb, Jane Lynch, Amy Adams, Andy Richter, Molly Shannon","United States",2021-07-01,2006,"PG-13",108,"min","Action & Adventure, Comedies, Sports Movies","NASCAR superstar Ricky Bobby believes he's the best there is, until the arrival of a French Formula One champion threatens his position as top dog.",2021,"Jul"
"s599","Movie","The American","Anton Corbijn","George Clooney, Violante Placido, Thekla Reuten, Paolo Bonacelli, Johan Leysen, Irina Björklund, Filippo Timi, Anna Foglietta, Björn Granath","United States, United Kingdom",2021-07-01,2010,"R",105,"min","Dramas, Thrillers","Dispatched to a small Italian town to await further orders, assassin Jack embarks on a double life that may be more relaxing than is good for him.",2021,"Jul"
"s600","Movie","The Best of Enemies","Robin Bissell","Taraji P. Henson, Sam Rockwell, Babou Ceesay, Anne Heche, Wes Bentley, Nick Searcy, Bruce McGill, John Gallagher Jr., Nicholas Logan, Gilbert Glenn Brown","United States",2021-07-01,2019,"PG-13",133,"min","Dramas","In 1971, a summit on school integration in North Carolina pits a civil rights activist against a Ku Klux Klan leader, sparking an unlikely friendship.",2021,"Jul"
"s601","Movie","The Game","David Fincher","Michael Douglas, Sean Penn, Deborah Kara Unger, James Rebhorn, Peter Donat, Carroll Baker, Anna Katarina, Armin Mueller-Stahl","United States",2021-07-01,1997,"R",129,"min","Thrillers","An aloof investment banker's life spirals into peril and paranoia after his brother gives him an odd birthday gift: the chance to play a mysterious game.",2021,"Jul"
"s602","Movie","The Karate Kid","John G. Avildsen","Ralph Macchio, Pat Morita, Elisabeth Shue, Martin Kove, Randee Heller, William Zabka, Ron Thomas, Rob Garrison","United States",2021-07-01,1984,"PG",127,"min","Action & Adventure, Children & Family Movies, Classic Movies","When a bullied teen befriends an unassuming martial arts master, he’ll learn life lessons — and the right moves — to beat back his merciless rivals.",2021,"Jul"
"s603","Movie","The Karate Kid Part II","John G. Avildsen","Ralph Macchio, Pat Morita, Nobu McCarthy, Tamlyn Tomita, Yuji Okumoto, Joey Miyashima, Marc Hayashi, Danny Kamekona, Tony O'Dell, Martin Kove, William Zabka","United States",2021-07-01,1986,"PG",113,"min","Action & Adventure, Children & Family Movies, Dramas","Daniel and his martial-arts mentor, Mr. Miyagi, visit Okinawa where they battle a hostile new nemesis and a former foe looking to settle an old score.",2021,"Jul"
"s604","Movie","The Karate Kid Part III","John G. Avildsen","Ralph Macchio, Pat Morita, Robyn Lively, Thomas Ian Griffith, Martin Kove, Sean Kanan, Jonathan Avildsen, Randee Heller, William Christopher Ford","United States",2021-07-01,1989,"PG",112,"min","Children & Family Movies, Dramas","A returning adversary threatens the bond between karate champ Daniel and mentor Mr. Miyagi with an intricate plan for revenge and a brutal challenger.",2021,"Jul"
"s605","Movie","The Life of David Gale","Alan Parker","Kevin Spacey, Kate Winslet, Laura Linney, Gabriel Mann, Leon Rippy, Matt Craven, Rhona Mitra, Melissa McCarthy, Jim Beaver, Chris Warner","United Kingdom, Germany, Spain, United States",2021-07-01,2003,"R",130,"min","Dramas","When a Texas professor and advocate for the elimination of the death penalty is falsely accused of a crime, he ends up on death row himself.",2021,"Jul"
"s606","Movie","The Long Riders","Walter Hill","David Carradine, Keith Carradine, Robert Carradine, James Keach, Stacy Keach, Dennis Quaid, Randy Quaid, Kevin Brophy, Harry Carey Jr., Christopher Guest, Nicholas Guest, Shelby Leverington, Felice Orlandi, Pamela Reed, James Remar, Fran Ryan, Savannah Smith Boucher, Amy Stryker, James Whitmore Jr.","United States",2021-07-01,1980,"R",100,"min","Action & Adventure","This Western chronicles the misadventures and demise of the James-Younger gang, 19th-century outlaws who tore through Missouri on a crime spree.",2021,"Jul"
"s607","Movie","The Queen","Stephen Frears","Helen Mirren, Michael Sheen, James Cromwell, Helen McCrory, Alex Jennings, Roger Allam, Sylvia Syms, Mark Bazeley","United Kingdom, United States, France, Italy",2021-07-01,2006,"PG-13",103,"min","Dramas, International Movies","After Princess Diana's death, Queen Elizabeth II and Tony Blair face public demands that she be memorialized in a manner beyond standard protocol.",2021,"Jul"
"s608","Movie","The Strangers","Bryan Bertino","Liv Tyler, Scott Speedman, Gemma Ward, Kip Weeks, Laura Margolis, Glenn Howerton, Alex Fisher, Peter Clayton-Luce","United States",2021-07-01,2008,"R",85,"min","Horror Movies, Thrillers","A quiet stay at a remote vacation home spirals into terror for a couple when they come under attack by three masked, mysterious, murderous intruders.",2021,"Jul"
"s609","Movie","The Sum of All Fears","Phil Alden Robinson","Ben Affleck, Morgan Freeman, Bridget Moynahan, James Cromwell, Liev Schreiber, Michael Byrne, Colm Feore, Alan Bates, Ron Rifkin, Ciarán Hinds, Bruce McGill, Richard Marner, Philip Baker Hall","United States, Germany, Canada",2021-07-01,2002,"PG-13",124,"min","Action & Adventure","CIA agent Jack Ryan tries to discover why three missing Russian nuclear scientists are holed up in the Ukraine, communicating with neo-Nazis.",2021,"Jul"
"s610","Movie","The Tourist","Florian Henckel von Donnersmarck","Angelina Jolie, Johnny Depp, Paul Bettany, Timothy Dalton, Steven Berkoff, Rufus Sewell, Christian De Sica, Alessio Boni, Daniele Pecci, Giovanni Guidelli","United States, France, Italy, United Kingdom",2021-07-01,2010,"PG-13",103,"min","Action & Adventure, Romantic Movies","An American tourist seeking solace for his shattered heart instead finds it in danger again after encountering a beautiful Interpol agent.",2021,"Jul"
"s611","Movie","Underworld","Len Wiseman","Kate Beckinsale, Scott Speedman, Michael Sheen, Shane Brolly, Bill Nighy, Erwin Leder, Sophia Myles, Robbie Gee, Wentworth Miller, Kevin Grevioux","United States, United Kingdom, Germany, Hungary",2021-07-01,2003,"R",121,"min","Action & Adventure, Horror Movies, Sci-Fi & Fantasy","A vampire warrior begins to question her mission in the ancient war between the undead and werewolves when she falls for a human under her protection.",2021,"Jul"
"s612","Movie","Underworld: Awakening","Måns Mårlind, Björn Stein","Kate Beckinsale, Stephen Rea, Michael Ealy, Theo James, India Eisley, Sandrine Holt, Charles Dance, Kris Holden-Ried, Jacob Blair, Adam Greydon Reid","United States, Canada",2021-07-01,2012,"R",89,"min","Action & Adventure, Horror Movies, Sci-Fi & Fantasy","As the war between vampires and Lycans rages on, Selene awakens from a prolonged, forced cryogenic sleep to face a harrowing new enemy: humans.",2021,"Jul"
"s613","Movie","Underworld: Rise of the Lycans","Patrick Tatopoulos","Michael Sheen, Bill Nighy, Rhona Mitra, Steven Mackintosh, Kevin Grevioux, David Aston, Geraldine Brophy, Leighton Cardno, Alex Carroll, Elizabeth Hawthorne, Jason Hood","United States, New Zealand",2021-07-01,2009,"R",92,"min","Action & Adventure, Horror Movies, Sci-Fi & Fantasy","Set in the year 1402, this prequel follows Lucian, the first werewolf to take human form, and chronicles the feud between the vampires and the Lycans.",2021,"Jul"
"s614","Movie","Voiceless","Robert O. Peters","Uzee Usman, Yakubu Mohammed, Asabe Madaki, Sani Mu’azu, Rekiya Ibrahim Atta, Adam Garba, Abba Ali Zaky, Habiba Zock-Sock, Abdul’ Usman Zada, Nadia Dutch, Abubakar Maina, Healing Marcus Udor, Jamila Ibrahim","Nigeria",2021-07-01,2020,"TV-MA",112,"min","Dramas, International Movies, Thrillers","A bright and promising young girl gets abducted and taken to a terrorist camp, where she unexpectedly crosses paths with her soulmate.",2021,"Jul"
"s615","Movie","What Dreams May Come","Vincent Ward","Robin Williams, Cuba Gooding Jr., Annabella Sciorra, Max von Sydow, Jessica Brooks Grant, Josh Paddock, Rosalind Chao, Lucinda Jenney, Maggie McCarthy, Wilma Bonet, Matt Salinger, Carin Sprague, June Carryl, Paul P. Card IV, Werner Herzog","United States, New Zealand",2021-07-01,1998,"PG-13",114,"min","Dramas, Romantic Movies, Sci-Fi & Fantasy","A physician finds himself in heaven after an accident, inhabiting the landscape of his wife's paintings while seeking to rescue her from the underworld.",2021,"Jul"
"s616","Movie","Why Do Fools Fall in Love","Gregory Nava","Halle Berry, Vivica A. Fox, Larenz Tate, Lela Rochon, Little Richard, Paul Mazursky, Pamela Reed, Alexis Cruz","United States",2021-07-01,1998,"R",116,"min","Dramas, Music & Musicals, Romantic Movies","In this rock 'n' roll comedy-drama, three women go to court over royalties from the one-hit-wonder singer they all loved — and whom they all married.",2021,"Jul"
"s619","Movie","America: The Motion Picture","Matt Thompson","Channing Tatum, Jason Mantzoukas, Olivia Munn, Andy Samberg, Bobby Moynihan, Judy Greer, Will Forte, Raoul Trujillo, Killer Mike, Simon Pegg","United States",2021-06-30,2021,"TV-MA",98,"min","Action & Adventure, Comedies","A chainsaw-wielding George Washington teams with beer-loving bro Sam Adams to take down the Brits in a tongue-in-cheek riff on the American Revolution.",2021,"Jun"
"s623","Movie","Lying and Stealing","Matt Aselton","Theo James, Emily Ratajkowski, Fred Melamed, Ebon Moss-Bachrach, Isiah Whitlock Jr., Evan Handler, Paul Jurewicz, John Gatins, Fernanda Andrade, Bob Stephenson","United States",2021-06-30,2019,"R",100,"min","Thrillers","A talented thief teams up with an aspiring actress to steal art from LA's high rollers. For their last heist, they're going for the ultimate: freedom.",2021,"Jun"
"s631","Movie","Killing Them Softly","Andrew Dominik","Brad Pitt, Scoot McNairy, Ben Mendelsohn, Richard Jenkins, James Gandolfini, Ray Liotta, Vincent Curatola, Slaine, Max Casella, Trevor Long, Sam Shepard","United States",2021-06-28,2012,"R",97,"min","Dramas","When a couple of low-level crooks rob a Mob-protected poker game, a slick enforcer is hired to track down the offenders and take care of business.",2021,"Jun"
"s635","Movie","Wonder Boy","Anissa Bonnefont","Olivier Rousteing","France",2021-06-26,2019,"TV-14",83,"min","Documentaries, International Movies","This revealing documentary follows Balmain creative director Olivier Rousteing as he brings his bold designs to life and goes in search of his origins.",2021,"Jun"
"s636","Movie","Here Comes the Rain","Bahij Hojeij","Hassan Mrad, Julia Kassar, Carmen Lebbos, Diamand Bou Abboud, Elie Mitri, Bernadette Hodeib, Aida Sabra, Gabriel Yammine, Ali Matar, Raïa Haidar","Lebanon",2021-06-25,2010,"TV-MA",101,"min","Dramas, International Movies","Abducted during the Lebanese Civil War and now in his 50s, Ramez is finally a free man. But he returns to society deeply traumatized by the past.",2021,"Jun"
"s637","Movie","The Ice Road","Jonathan Hensleigh","Liam Neeson, Benjamin Walker, Amber Midthunder, Marcus Thomas, Laurence Fishburne, Holt McCallany, Martin Sensmeier, Matt McCoy, Matt Salinger","United States, Canada",2021-06-25,2021,"PG-13",109,"min","Action & Adventure","To save a team of miners trapped underground, a down-on-his-luck ice road trucker joins a mission across treacherous terrain to deliver rescue equipment.",2021,"Jun"
"s644","Movie","The Seventh Day","Justin P. Lange","Guy Pearce, Vadhir Derbez, Stephen Lang, Brady Jenness, Chris Galust, Robin Bartlett, Heath Freeman, Keith David","United States",2021-06-24,2021,"R",87,"min","Horror Movies","An inexperienced priest teams up with a hardened exorcist to stop the demonic possession of a young boy. But darkness lies where they least expect it.",2021,"Jun"
"s651","Movie","O Vendedor de Sonhos","Jayme Monjardim","César Troncoso, Dan Stulbach, Thiago Mendonça, Leonardo Medeiros","Brazil",2021-06-22,2016,"TV-14",96,"min","Dramas, International Movies","A disillusioned psychologist tries to commit suicide until he strikes up a friendship with an unlikely savior who teaches him a new way of living.",2021,"Jun"
"s652","Movie","Osuofia in London","Kingsley Ogoro","Nkem Owoh, Mara Derwent, Francis Odega, Cynthia Okereke, Tom Njemanze, Romanus Amuta, Sabina Mole, Blessing Onolleka, Oluchi Agunwa, Chiwendu Onaga, Patricia Ezeani, Stephen Ahanonu","Nigeria",2021-06-22,2003,"TV-MA",84,"min","Comedies, Dramas, International Movies","A villager in Nigeria becomes the sole beneficiary of his late brother's estate in England, which, according to custom, includes his brother's fiancée.",2021,"Jun"
"s655","Movie","#Selfie","Cristina Jacob","Flavia Hojda, Crina Semciuc, Olimpia Melinte, Sali Levent, Vlad Logigan, Alex Călin, Alina Chivulescu, Răzvan Vasilescu","Romania",2021-06-21,2014,"TV-MA",125,"min","Comedies, Dramas, International Movies","Two days before their final exams, three teen girls make a seaside getaway to have the time of their lives.",2021,"Jun"
"s656","Movie","#Selfie 69","Cristina Jacob","Maia Morgenstern, Olimpia Melinte, Crina Semciuc, Flavia Hojda, Maria Dinulescu, Alex Călin, Vlad Logigan, Sali Levent, Silvia Busuioc, Mihaela Mihut","Romania",2021-06-21,2016,"TV-MA",119,"min","Comedies, Dramas, International Movies","After a painful breakup, a trio of party-loving friends makes a bet: who can get married in three days.",2021,"Jun"
"s657","Movie","Love Is a Story","Cristina Jacob","Raluca Aprodu, Dragoș Bucur, Ducu Darie","Romania",2021-06-21,2015,"TV-MA",105,"min","International Movies, Music & Musicals, Romantic Movies","Two young artists, a violin player and an actress, fight to achieve their dreams and keep their relationship together during Christmastime.",2021,"Jun"
"s677","Tv Show","Riverdale","Rob Seidenglanz","K.J. Apa, Lili Reinhart, Camila Mendes, Cole Sprouse, Marisol Nichols, Madelaine Petsch, Ashleigh Murray, Mädchen Amick, Luke Perry, Casey Cott, Charles Melton, Mark Consuelos, Lochlyn Munro, Peter Bryant, Colin Lawrence, Molly Ringwald, Asha Bromfield, Barclay Hope, Hayley Law, Martin Cummins, Sarah Habel, Nathalie Boltt, Skeet Ulrich","United States",2021-06-19,2019,"TV-14",4,"Seasons","Crime TV Shows, TV Dramas, TV Mysteries","While navigating the troubled waters of sex, romance, school and family, teen Archie and his gang become entangled in a dark Riverdale mystery.",2021,"Jun"
"s682","Tv Show","They've Gotta Have Us","Simon Frederick","Debbie Allen, Harry Belafonte, John Boyega, Diahann Carroll, Ernest R. Dickerson, Laurence Fishburne, Nelson George, Whoopi Goldberg, Cuba Gooding Jr., LilRel Howery, Barry Jenkins, Kasi Lemmons, David Oyelowo, Robert Townsend, Jesse Williams","United Kingdom",2021-06-19,2018,"TV-MA",1,"Season","British TV Shows, Docuseries","Powered by candid recollections from esteemed African-American entertainers, this docuseries traces the history of black cinema.",2021,"Jun"
"s686","Movie","Fatherhood","Paul Weitz","Kevin Hart, Alfre Woodard, Lil Rel Howery, DeWanda Wise, Frankie Faison, Anthony Carrigan, Paul Reiser, Melody Hurd","United States",2021-06-18,2021,"PG-13",111,"min","Dramas","A widowed new dad copes with doubts, fears, heartache and dirty diapers as he sets out to raise his daughter on his own. Inspired by a true story.",2021,"Jun"
"s689","Movie","Kambili: The Whole 30 Yards","Kayode Kasum","Nancy Isime, Jide Kene Achufusi, Sharon Ooja, Mawuli Gavor, Venita Akpofure, Koye Kekere Ekun, Elvina Ibru, Uzor Arukwe, Toyin Abraham","Nigeria",2021-06-18,2020,"TV-14",119,"min","Comedies, International Movies, Romantic Movies","Determined to marry before she turns 30, a woman tries to change her impulsive ways and do whatever it takes to win back the boyfriend who left her.",2021,"Jun"
"s695","Movie","Aziza","Soudade Kaadan","Caress Bashar, Abdel Moneim Amayri","Lebanon, Syria",2021-06-17,2019,"TV-PG",13,"min","Comedies, Dramas, Independent Movies","This short film follows a newly displaced Syrian couple's drive around Beirut, which then morphs into a hallucinatory and nostalgic trip.",2021,"Jun"
"s699","Movie","Fan Girl","Antoinette Jadaone","Charlie Dizon, Paulo Avelino","Philippines",2021-06-17,2020,"TV-MA",101,"min","Dramas, Independent Movies, International Movies","An infatuated fan finds an unexpected way to meet her celebrity crush and discovers a dark reality behind the facade of fame and her fantasy world.",2021,"Jun"
"s702","Movie","Red Snow","Marie Clements","Asivak Koostachin, Shafin Karim, Mozhdah Jamalzadah, Kane Mahon, Ishaan Vasdev, Samuel Marty, Miika Bryce Whiskeyjack, Tantoo Cardinal","Canada",2021-06-17,2019,"TV-MA",96,"min","Dramas","Ambushed by the Taliban, a First Nations soldier from Canada gets captured but escapes in a harrowing journey that stirs up memories of love and loss.",2021,"Jun"
"s703","Movie","Silver Linings Playbook","David O. Russell","Bradley Cooper, Jennifer Lawrence, Robert De Niro, Jacki Weaver, Chris Tucker, Anupam Kher, John Ortiz, Shea Whigham, Julia Stiles, Paul Herman","United States",2021-06-17,2012,"R",122,"min","Comedies, Dramas, Independent Movies","A man with bipolar disorder moves home with his parents and makes a connection with a spirited widow, which helps both of them heal in unique ways.",2021,"Jun"
"s706","Movie","Biking Borders","Max Jabs","Max Jabs, Nono Konopka","Germany",2021-06-16,2019,"TV-14",89,"min","Documentaries, International Movies, Sports Movies","Best friends Max and Nono bike from Berlin to Beijing, collecting donations to build a school for a unique fundraising adventure in this documentary.",2021,"Jun"
"s709","Movie","Lowriders","Ricardo de Montreuil","Demián Bichir, Gabriel Chavarria, Theo Rossi, Melissa Benoist, Tony Revolori, Eva Longoria, Yvette Monreal, Cress Williams","United States",2021-06-16,2016,"PG-13",98,"min","Dramas, Independent Movies","Caught up in the lowrider world of his father and embittered brother, an East LA graffiti artist grapples with a family feud while chasing his dreams.",2021,"Jun"
"s712","Movie","Security","Peter Chelsom","Marco D'Amore, Maya Sansa, Silvio Muccino, Valeria Bilello, Ludovica Martino, Giulio Pranno, Tommaso Ragno, Beatrice Grannò, Antonio Zavatteri, Anna Della Rosa, Fabrizio Bentivoglio","Italy",2021-06-16,2021,"TV-MA",119,"min","Dramas, International Movies, Thrillers","After the assault of a young woman in their seaside town, a security expert and his family get caught in a powerful riptide of secrets and lies.",2021,"Jun"
"s717","Movie","FTA","Francine Parker","Jane Fonda, Donald Sutherland, Pamela Donegan, Len Chandler, Michael Alaimo, Holly Near, Paul Mooney, Rita Martinson","United States",2021-06-15,1972,"TV-MA",104,"min","Documentaries","The restored documentary captures the Pacific leg of the 1971 anti-Vietnam War ""Free the Army"" comedy tour and experiences on both sides of the stage.",2021,"Jun"
"s719","Movie","Life of Crime","Daniel Schechter","Jennifer Aniston, Mos Def, Isla Fisher, Will Forte, Mark Boone Junior, Tim Robbins, John Hawkes, Clea Lewis, Charlie Tahan, Kevin Corrigan","United States",2021-06-15,2013,"R",101,"min","Comedies, Independent Movies","After two small-time crooks kidnap and ransom a rich businessman's wife, they discover a flaw in their plan: Her cheating husband doesn't want her back.",2021,"Jun"
"s722","Movie","Rogue Warfare: Death of a Nation","Mike Gunther","Will Yun Lee, Jermaine Love, Rory Markham, Bertrand-Xavier Corbi, Katie Keene, Fernando Chien, Gina DeCesare, Michael Blalock, Stephen Lang, Chris Mulkey","United States",2021-06-15,2020,"R",99,"min","Action & Adventure","As their leader recovers from trauma, a global team of elite soldiers must regroup and stop the deadly plans of an extremist mastermind within 36 hours.",2021,"Jun"
"s723","Movie","Sir! No Sir!","David Zeiger","Troy Garity","United States",2021-06-15,2005,"TV-MA",84,"min","Documentaries","This documentary chronicles the largely forgotten antiwar activities of American GIs and other members of the military during the Vietnam era.",2021,"Jun"
"s724","Tv Show","The American Bible Challenge","Michael Simon","Jeff Foxworthy","United States",2021-06-15,2014,"TV-G",1,"Season","Reality TV","Join host Jeff Foxworthy as contestants test their knowledge of all things biblical, competing to win money for the charities of their choice.",2021,"Jun"
"s727","Tv Show","Metallica: Some Kind of Monster","Joe Berlinger, Bruce Sinofsky","James Hetfield, Lars Ulrich, Kirk Hammett, Robert Trujillo","United States",2021-06-13,2014,"TV-MA",1,"Season","TV Shows","This collection includes the acclaimed rock documentary about Metallica, plus a film checking in with the still-thriving group 10 years later.",2021,"Jun"
"s729","Movie","The Devil Below","Bradley Parker","Alicia Sanz, Will Patton, Jonathan Sadowski, Adan Canto, Zach Avery, Chinaza Uche, Jesse LaTourette","United States",2021-06-13,2021,"TV-MA",89,"min","Horror Movies","When a team of researchers tries to find out what started a fire in a coal mine, they quickly discover that the disaster is anything but natural.",2021,"Jun"
"s736","Movie","Sarbath","Prabhakaran","Kathir, Soori, Rahasya Gorak, Ashvatt","India",2021-06-11,2021,"TV-PG",113,"min","Comedies, Dramas, International Movies","When a city man returns to his native village for his brother’s wedding, several unforeseen snags make his visit more eventful than anticipated.",2021,"Jun"
"s737","Movie","Skater Girl","Manjari Makijany","Rachel Saanchita Gupta, Amy Maghera, Shafin Patel, Ambrish Saxena, Swati Das, Jonathan Readwin, Ankit Yadav, Anurag Arora, Vinayak Gupta, Vivek Yadav, Waheeda Rehman","United States, India",2021-06-11,2021,"PG",110,"min","Children & Family Movies, Dramas, International Movies","When a teen in rural India discovers a life-changing passion for skateboarding, she faces a rough road as she follows her dream to compete.",2021,"Jun"
"s738","Tv Show","Trese","Jay Oliva","Shay Mitchell, Liza Soberano, Jon Jon Briones, Darren Criss, Manny Jacinto, Dante Basco, Nicole Scherzinger, Lou Diamond Phillips, Steve Blum","Philippines, Singapore, Indonesia",2021-06-11,2021,"TV-MA",1,"Season","Anime Series, Crime TV Shows, TV Horror","In Manila, where dark supernatural forces pervade the criminal underworld, it’s up to Alexandra Trese to keep the peace — but there’s a storm brewing.",2021,"Jun"
"s740","Movie","Wish Dragon","Chris Appelhans","Jimmy Wong, John Cho, Constance Wu, Will Yun Lee, Bobby Lee, Jimmy O. Yang, Ian Chen","China, United States, Canada",2021-06-11,2021,"PG",102,"min","Children & Family Movies, Comedies","Determined teen Din is longing to reconnect with his childhood best friend when he meets a wish-granting dragon who shows him the magic of possibilities.",2021,"Jun"
"s741","Movie","A Haunted House 2","Michael Tiddes","Marlon Wayans, Jaime Pressly, Essence Atkins, Affion Crockett, Hayes MacArthur, Rick Overton, Ashley Rickards, Cedric the Entertainer, Dave Sheridan, Missi Pyle, Gabriel Iglesias, Steele Stebbins","United States",2021-06-10,2014,"R",86,"min","Comedies, Horror Movies","Grieving after a tragedy, Malcolm tries to start fresh with his new girlfriend and her kids — but supernatural shenanigans find their way back to him.",2021,"Jun"
"s742","Movie","Blind Intersections","Lara Saba","Alaa Hammoud, Ghida Nouri, Carole Hajj, Chadi Haddad, Leila Hakim, Charbel Ziade, Nibal Arakji, Caroline Hatem, Josyane Boulos, Mario Bassil","Lebanon, United Arab Emirates",2021-06-10,2012,"TV-MA",91,"min","Dramas, International Movies","This film follows the societal challenges three strangers in Beirut go through as unexpected events link their fates.",2021,"Jun"
"s743","Movie","Camellia Sisters","Bao Nhan, Namcito","Le Khanh, Kaity Nguyen, Hong Van, Khuong Le, Hoang Dung, Anh Dung, Si Nguyen, Huyng Kien An","Vietnam",2021-06-10,2021,"TV-MA",117,"min","Dramas, International Movies","Tensions rise and untold secrets surface for three royal sisters when a family treasure is stolen the night before an antique auction.",2021,"Jun"
"s744","Movie","Copenhagen","Mark Raso","Gethin Anthony, Frederikke Dahl Hansen, Sebastian Armesto, Olivia Grant, Baard Owe, Mille Dinesen, Martin Hestbæk, Tamzin Merchant","Canada, United States, Denmark",2021-06-10,2014,"TV-MA",99,"min","Dramas, Independent Movies, Romantic Movies","Philandering his way across Europe to find the grandfather he's never met, William unexpectedly befriends a 14-year-old who changes how he sees women.",2021,"Jun"
"s746","Movie","Until Midnight","Tariq Alkazim","Ahmad Khamis Ali, Chuka Ekweogwu, Heba Al Hamwi, Rik Aby, Merouane Ali, Khalid Al Suwaidi, Saeed Arjumand","United Arab Emirates",2021-06-10,2019,"TV-14",77,"min","International Movies, Thrillers","After returning home from a work trip, a newlywed must fight off a masked intruder before his wife returns at midnight.",2021,"Jun"
"s747","Movie","Awake","Mark Raso","Gina Rodriguez, Ariana Greenblatt, Frances Fisher, Jennifer Jason Leigh, Barry Pepper, Shamier Anderson, Finn Jones, Lucius Hoyos, Gil Bellows","United States",2021-06-09,2021,"TV-MA",97,"min","Dramas, Thrillers","After a global event wipes out humanity's ability to sleep, a troubled ex-soldier fights to save her family as society and her mind spiral into chaos.",2021,"Jun"
"s748","Movie","Confusion Na Wa","Kenneth Gyang","Ramsey Nouah, OC Ukeje, Ali Nuhu, Tunde Aladese, Gold Ikponmwosa, Tony Goodman, Nathaniel Deme, Yanchat Sankey, Lisa Pam Tok, Toyin Alabi","Nigeria",2021-06-09,2013,"TV-MA",106,"min","Comedies, Dramas, International Movies","A misplaced cell phone's incriminating content becomes a prime blackmail opportunity for a pair of petty thieves who soon regret their greedy scheme.",2021,"Jun"
"s751","Movie","Tragic Jungle","Yulene Olaizola","Indira Andrewin, Gilberto Barraza, Gabino Rodríguez, Eligio Meléndez, Mariano Tun Xool, Dale Carley, José Alfredo González Dzul, Eliseo Mancilla De La Cruz","Mexico, France, Colombia",2021-06-09,2021,"TV-MA",97,"min","Dramas, Independent Movies, International Movies","To escape an arranged marriage, a woman flees into the depths of the Mayan jungle, where untamed nature merges the human and the supernatural.",2021,"Jun"
"s753","Movie","Vampire Academy","Mark Waters","Zoey Deutch, Lucy Fry, Danila Kozlovsky, Gabriel Byrne, Dominic Sherwood, Sarah Hyland, Sami Gayle","United States, United Kingdom",2021-06-07,2014,"PG-13",104,"min","Action & Adventure, Comedies, Sci-Fi & Fantasy","A half-human, half-vampire teen must prepare for class and her destiny as the protector of mortal vampires against their vicious immortal counterparts.",2021,"Jun"
"s755","Movie","A Private War","Matthew Heineman","Rosamund Pike, Jamie Dornan, Tom Hollander, Stanley Tucci, Nikki Amuka-Bird, Faye Marsay, Greg Wise, Corey Johnson, Raad Rawi, Jesuthasan Antonythasan","United Kingdom, United States",2021-06-05,2018,"R",110,"min","Dramas, Independent Movies","In this biopic, war correspondent Marie Colvin risks it all to bring back the truth from the frontlines, despite the toll it takes on her own life.",2021,"Jun"
"s757","Movie","Small Chops","Robert Peters","Chika Ike, Max Cavenham, Nkem Owoh, Nse Ikpe-Etim, Toyin Abraham, Eucharia Anunobi, Sophie Alakija, Hafis Ayetoro, Omotunde Adebowale David","Nigeria",2021-06-05,2020,"TV-MA",98,"min","Dramas, International Movies, Romantic Movies","When a business mogul hires an exotic dancer for a weekend of entertainment, it quickly morphs into a messy situation full of misunderstanding.",2021,"Jun"
"s758","Movie","Breaking Boundaries: The Science Of Our Planet","Jonathan Clay","David Attenborough, Johan Rockström","United States",2021-06-04,2021,"TV-PG",74,"min","Documentaries","David Attenborough and scientist Johan Rockström examine Earth's biodiversity collapse and how this crisis can still be averted.",2021,"Jun"
"s759","Tv Show","Feel Good","Ally Pankiw","Mae Martin, Charlotte Ritchie, Lisa Kudrow, Sophie Thompson, Tom Andrews, Tobi Bamtefa, Phil Burgers, Ophelia Lovibond, Adrian Lukis, Ritu Arya, Ramon Tikaram","United Kingdom",2021-06-04,2021,"TV-MA",2,"Seasons","Romantic TV Shows, TV Comedies, TV Dramas","Stand-up comic Mae Martin navigates a passionate, messy new relationship with her girlfriend, George, while dealing with the challenges of sobriety.",2021,"Jun"
"s763","Movie","Sweet & Sour","Lee Kae-byeok","Jang Ki-yong, Chae Soo-bin, Jung Soo-jung","South Korea",2021-06-04,2021,"TV-14",103,"min","Comedies, International Movies, Romantic Movies","Faced with real-world opportunities and challenges, a couple endures the highs and lows of trying to make a long-distance relationship survive.",2021,"Jun"
"s765","Movie","Trippin' with the Kandasamys","Jayan Moodley","Jailoshini Naidoo, Maeshni Naicker, Madhushan Singh, Mishqah Parthiephal, Koobeshan Naidoo, Yugan Naidoo, Mariam Bassa, Uraysha Ramrachia","South Africa",2021-06-04,2021,"TV-14",94,"min","Comedies, International Movies, Romantic Movies","To rekindle their marriages, best friends-turned-in-laws Shanthi and Jennifer plan a couples' getaway. But it comes with all kinds of surprises.",2021,"Jun"
"s766","Movie","Xtreme","Daniel Benmayor","Teo García, Óscar Jaenada, Óscar Casas, Andrea Duro, Sergio Peris-Mencheta, Alberto Jo Lee, Luis Zahera, Andrés Herrera, Nao Albet, César Bandera, Isa Montalbán","Spain",2021-06-04,2021,"TV-MA",112,"min","Action & Adventure, International Movies","In this fast-paced and action-packed thriller, a retired hitman — along with his sister and a troubled teen — takes revenge on his lethal stepbrother.",2021,"Jun"
"s767","Movie","Alan Saldaña: Locked Up","Alex Díaz","Alan Saldaña","Mexico",2021-06-03,2021,"TV-MA",49,"min","Stand-Up Comedy","Mexican comedian Alan Saldaña is back, poking gentle fun at himself and parceling advice, especially about how to stay married and how to be parents.",2021,"Jun"
"s769","Movie","Dancing Queens","Helena Bergström","Molly Nutley, Fredrik Quiñones, Marie Göranzon, Mattias Nordkvist, Claes Malmberg, Christopher Wollter, Emil Almén, Razmus Nyström, André Christenson, Louie Indriana, Max Ulveson","Sweden",2021-06-03,2021,"TV-MA",111,"min","Comedies, Dramas, International Movies","A dancer who gets a job cleaning at a struggling drag club dreams of being in the show, and her talent catches an ambitious choreographer's eye.",2021,"Jun"
"s771","Movie","Myriam Fares: The Journey","Myriam Fares","Myriam Fares","United Arab Emirates",2021-06-03,2021,"TV-14",72,"min","Documentaries, International Movies, Music & Musicals","From pregnancy to album preparations, Lebanese singer and “Queen of the Stage” Myriam Fares documents her experiences with her family while in lockdown.",2021,"Jun"
"s774","Movie","The Girl and the Gun","Rae Red","Janine Gutierrez, Felix Roco, JC Santos, Elijah Canlas, Sky Teotico, Archi Adamos, Allan Paule, Ruby Ruiz, Bie Ruaro, Jess Mendoza","Philippines",2021-06-03,2019,"TV-MA",78,"min","Dramas, International Movies, Thrillers","Fed up with abuse by those around her, a department store saleswoman finds a weapon in an alleyway and decides to settle scores.",2021,"Jun"
"s775","Movie","2 Hearts","Lance Hool","Jacob Elordi, Adan Canto, Radha Mitchell, Tiera Skovbye, Kari Matchett, Tahmoh Penikett","United States",2021-06-02,2020,"PG-13",101,"min","Dramas, Faith & Spirituality, Romantic Movies","In parallel love stories, the lives of college student Chris and wealthy businessman Jorge intersect in a profound twist of fate. Based on a true story.",2021,"Jun"
"s776","Movie","A Perfect Ending","Nicole Conn","Barbara Niven, Jessica Clark, John Heard, Morgan Fairchild, Kerry Knuppe, Imelda Corcoran, Mary Jane Wells, Rebecca Staab, Michael Adam Hamilton, Bryan Jackson, Bryan Mordechai Jackson","United States",2021-06-02,2012,"TV-MA",110,"min","Dramas, Independent Movies, LGBTQ Movies","After confessing an unusual secret, a repressed wife – prompted by her friends – decides to explore her sexuality with a high-priced call girl.",2021,"Jun"
"s777","Movie","American Outlaws","Les Mayfield","Colin Farrell, Scott Caan, Ali Larter, Gabriel Macht, Gregory Smith, Harris Yulin, Kathy Bates, Timothy Dalton, Ty O'Neal, Will McCormack, Ronny Cox, Terry O'Quinn, Muse Watson, Joe Stevens, Barry Tubb","United States",2021-06-02,2001,"PG-13",94,"min","Action & Adventure","In the wake of the Civil War, Jesse James leads a feisty group of ranchers in a fight against a railroad baron bent on seizing their land at any cost.",2021,"Jun"
"s778","Movie","And Then Came Lola","Ellen Seidler, Megan Siler","Ashleigh Sumner, Jill Bennett, Cathy DeBuono, Jessica Graham, Angelyna Martinez, Candy Tolentino, Linda Ignazi, Jenoa Harlow, Lisa Dewey, Kathy Domenici","United States",2021-06-02,2009,"TV-MA",70,"min","Comedies, Independent Movies, LGBTQ Movies","In this lesbian-themed nod to the film Run Lola Run, a photographer races against the clock to make it to an important meeting on time.",2021,"Jun"
"s780","Movie","Battlefield Earth","Roger Christian","John Travolta, Barry Pepper, Forest Whitaker, Kim Coates, Sabine Karsenti, Richard Tyson, Kelly Preston, Michael MacRae, Shaun Austin-Olsen, Tim Post, Michael Byrne","United States",2021-06-02,2000,"PG-13",118,"min","Action & Adventure, Cult Movies, Sci-Fi & Fantasy","In the year 3000, an alien race known as the Psychlos devastate planet Earth and force the surviving human population into slavery.",2021,"Jun"
"s783","Movie","Bliss","Lance Young","Craig Sheffer, Sheryl Lee, Terence Stamp, Casey Siemaszko, Spalding Gray, Lois Chiles, Blu Mankuma, Ken Camroux-Taylor, Eli Gabay, Molly Parker","Canada, United States",2021-06-02,1997,"R",103,"min","Dramas, Romantic Movies","Two young newlyweds seek out the help of unlicensed sex therapist Baltazar, who initiates the couple into the mysteries of tantric sex.",2021,"Jun"
"s784","Movie","Carnaval","Leandro Neri","Giovana Cordeiro, Gkay, Bruna Inocencio, Samya Pascotto, Flavia Pavanelli, Micael Borges, Jean Pedro, Rafael Medrado, Nikolas Antunes, Stella Miranda","Brazil",2021-06-02,2021,"TV-MA",95,"min","Comedies, International Movies, Music & Musicals","After a breakup, an influencer takes her friends on a free trip to Bahia's vibrant Carnival, where she learns life's not just about social media likes.",2021,"Jun"
"s785","Movie","Cloudburst","Thom Fitzgerald","Olympia Dukakis, Ryan Doucette, Brenda Fricker, Kristin Booth, Michael McPhee, John Dunsworth, Jeremy Akerman, Mary-Colin Chisholm, Kevin Kincaid","United States, Canada",2021-06-02,2011,"TV-MA",93,"min","Comedies, Dramas, Independent Movies","A lesbian couple escapes from their nursing home and heads to Canada to get married. Along the way, they pick up a young male hitchhiker.",2021,"Jun"
"s787","Movie","Company of Heroes","Don Michael Paul","Tom Sizemore, Chad Michael Collins, Vinnie Jones, Dimitri Diatchenko, Neal McDonough, Jürgen Prochnow, Sam Spruell, Richard Sammel, Philip Rham, Alastair Mackenzie","United States",2021-06-02,2013,"R",101,"min","Action & Adventure, Dramas","During the last major German offensive of World War II, a group of Allied soldiers sets out against all odds to turn the war around.",2021,"Jun"
"s788","Movie","Cradle 2 the Grave","Andrzej Bartkowiak","Jet Li, DMX, Anthony Anderson, Kelly Hu, Tom Arnold, Mark Dacascos, Gabrielle Union, Michael Jace, Drag-On, Paige Hurd","United States",2021-06-02,2003,"R",101,"min","Action & Adventure","When a jewel thief pulls off a risky diamond heist with his crew, a gang kidnaps his young daughter and steals the loot as a rival agent offers his help.",2021,"Jun"
"s789","Movie","Domestic Disturbance","Harold Becker","John Travolta, Vince Vaughn, Teri Polo, Matt O'Leary, Ruben Santiago-Hudson, Susan Floyd, Angelica Page, Steve Buscemi, Chris Ellis","United States",2021-06-02,2001,"PG-13",89,"min","Thrillers","A recovering alcoholic is skeptical of his son's claim that his new stepfather is a killer – but soon begins to sense the boy is telling the truth.",2021,"Jun"
"s791","Movie","Dream/Killer","Andrew Jenks","Bill Ferguson, Ryan Ferguson","United States",2021-06-02,2015,"TV-MA",109,"min","Documentaries","This riveting crime doc follows Bill as he confronts America's broken judicial system after his son is falsely sentenced to 40 years in prison.",2021,"Jun"
"s792","Movie","Felon","Ric Roman Waugh","Stephen Dorff, Val Kilmer, Harold Perrineau, Marisol Nichols, Anne Archer, Nick Chinlund, Nate Parker, Johnny Lewis, Sam Shepard, Jake Walker, Joey Villasenor, Antonio Leyba, Mike Seal, Richard Caruso, Kevin Wiggins, Larnell Stovall, Mara Holguin, Elton Walker, Brittany Perrineau, Esodie Geiger, Jermaine Washington, Greg Serano, Brian Keith Gamble, Mark Sivertsen, Carrie Fleming, Adam Taylor, Chris Browning, John Koyama, Shawn Prince, Christopher Dempsey, Cynthia Ruffin","United States",2021-06-02,2008,"R",104,"min","Action & Adventure, Dramas","After killing a burglar while trying to protect his family, regular guy Wade is convicted of involuntary manslaughter and thrown into prison.",2021,"Jun"
"s793","Movie","Flipped","Rob Reiner","Madeline Carroll, Callan McAuliffe, Rebecca De Mornay, Anthony Edwards, John Mahoney, Penelope Ann Miller, Aidan Quinn, Kevin Weisman, Morgan Lily, Ryan Ketzner","United States",2021-06-02,2010,"PG",90,"min","Comedies, Dramas, Romantic Movies","Bryce and Juli first meet as children, with Juli having a crush on Bryce. As they mature, it appears their bond may blossom into something more.",2021,"Jun"
"s794","Movie","Fools Rush In","Andy Tennant","Matthew Perry, Salma Hayek, Jon Tenney, Carlos Gómez, Tomas Milian, Siobhan Fallon Hogan, John Bennett Perry, Stanley DeSantis, Suzanne Snyder, Anne Betancourt, Jill Clayburgh","United States",2021-06-02,1997,"PG-13",109,"min","Comedies, Romantic Movies","When a one-night stand results in a pregnancy, two strangers with opposite personalities rush into marriage then must deal with the consequences.",2021,"Jun"
"s795","Movie","Gold Statue","Tade Ogidan","Gabriel Afolayan, Kunle Remi, Richard Mofe-Damijo, Sola Sobowale, Kelvin Ikeduba, Kunle Fawole, Norbert Young, Alibaba Akporobome, Segun Arinze, Rycardo Agbor","Nigeria",2021-06-02,2019,"TV-14",145,"min","Comedies, Dramas, International Movies","After tracing an artifact to his ancestry, a young man and his friend's search for a gilded statue lands them in a maximum-security prison.",2021,"Jun"
"s797","Movie","Hostel: Part III","Scott Spiegel","Kip Pardue, Brian Hallisay, John Hensley, Sarah Habel, Chris Coy, Skyler Stone, Thomas Kretschmann, Zulay Henao, Nickola Shreli, Derrick Carr","United States",2021-06-02,2011,"R",88,"min","Cult Movies, Horror Movies","In this installment in the popular horror franchise, a bachelor party in Las Vegas turns into a hellish bloodbath for all involved.",2021,"Jun"
"s798","Movie","I Am Sam","Jessie Nelson","Sean Penn, Michelle Pfeiffer, Dakota Fanning, Dianne Wiest, Loretta Devine, Richard Schiff, Laura Dern, Brad Silverman, Joseph Rosenberg, Stanley DeSantis, Doug Hutchison","United States",2021-06-02,2001,"PG-13",132,"min","Dramas","When the legal system declares him unfit to be a parent, a father with an intellectual disability fights to regain custody of his young daughter.",2021,"Jun"
"s799","Movie","Love Jones","Theodore Witcher","Larenz Tate, Nia Long, Isaiah Washington, Lisa Nicole Carson, Bill Bellamy, Leonard Roberts, Bernadette L. Clarke, Khalil Kain","United States",2021-06-02,1997,"R",109,"min","Comedies, Dramas, Independent Movies","A poet and a photographer take a chance on romance but find their ambitions and baggage could keep them from taking their relationship further.",2021,"Jun"
"s800","Movie","Million Dollar Baby","Clint Eastwood","Clint Eastwood, Hilary Swank, Morgan Freeman, Anthony Mackie, Jay Baruchel, Mike Colter, Lucia Rijker, Brían F. O'Byrne, Margo Martindale, Riki Lindhome","United States",2021-06-02,2004,"PG-13",133,"min","Dramas, Sports Movies","When a cantankerous trainer mentors a persistent amateur boxer determined to go pro, deep-seated emotions become their strongest opponents.",2021,"Jun"
"s801","Movie","Mosquita y Mari","Aurora Guerrero","Fenessa Pineda, Venecia Troncoso, Joaquín Garrido, Laura Patalano, Dulce Maria Solis, Marisela Uscanga, Melissa Uscanga, Omar Leyva, Tonita Castro, Paul Alayo","United States",2021-06-02,2012,"TV-14",85,"min","Dramas, Independent Movies, LGBTQ Movies","Neighbors but by no means friends, high schoolers Yolanda and Mari discover a bond and an attraction when they're made study partners.",2021,"Jun"
"s802","Movie","Never Back Down 2: The Beatdown","Michael Jai White","Michael Jai White, Dean Geyer, Alex Meraz, Todd Duffee, Scottie Epstein, Jillian Murray, Evan Peters, Stacey Asaro, Gralen Bryant Banks, Rus Blackwell","United States",2021-06-02,2011,"R",104,"min","Action & Adventure, Dramas, Sports Movies","A group of mixed martial arts fighters stars in this action thriller that follows a quartet of brawlers as they prepare for a major underground event.",2021,"Jun"
"s803","Movie","Ninja Assassin","James McTeigue","Rain, Naomie Harris, Ben Miles, Rick Yune, Shô Kosugi, Sung Kang, Richard van Weyden, Thorston Manderlay, Wladimir Tarasjanz, Eleonore Weisgerber","Germany, United States, France",2021-06-02,2009,"R",99,"min","Action & Adventure","A former assassin must protect himself and a Europol agent from a ruthless band of assassins who wish to exist in secrecy.",2021,"Jun"
"s804","Tv Show","Ouran High School Host Club","Takuya Igarashi","Maaya Sakamoto, Mamoru Miyano, Masaya Matsukaze, Kenichi Suzumura, Keisuke Oda, Ayaka Saito, Daisuke Kirii","Japan",2021-06-02,2006,"TV-PG",1,"Season","Anime Series, Romantic TV Shows, Teen TV Shows","New student Haruhi stumbles on the Ouran High School Host Club, an all-male group that makes money by entertaining the girls of the school.",2021,"Jun"
"s805","Movie","Population 436","Michelle MacLaren","Jeremy Sisto, Fred Durst, Charlotte Sullivan, David Ames, Cory Cassidy, James Blicq, Martin Trudel, Reva Timbers, Rick Skene, Peter Outerbridge, Dana Horrox","Canada, United States",2021-06-02,2006,"R",93,"min","Horror Movies, Thrillers","A census taker sent to investigate why Rockwell Falls has had the same population, 436, for more than a century, soon wishes he hadn't taken the job.",2021,"Jun"
"s809","Movie","Sniper: Legacy","Don Michael Paul","Tom Berenger, Chad Michael Collins, Doug Allen, Dominic Mafham, Mercedes Mason, Mark Lewis Jones, Nestor Serrano, Dennis Haysbert, Alex Roe, Yana Marinova","United States, Bulgaria",2021-06-02,2014,"R",98,"min","Action & Adventure","When a troubled sniper begins killing officers he blames for a bungled mission, elite marksman Brandon Beckett sets out to neutralize the threat.",2021,"Jun"
"s810","Movie","Starsky & Hutch","Todd Phillips","Ben Stiller, Owen Wilson, Vince Vaughn, Juliette Lewis, Snoop Dogg, Fred Williamson, Jason Bateman, Amy Smart, Carmen Electra, George Cheung","United States",2021-06-02,2004,"PG-13",101,"min","Action & Adventure, Comedies","New undercover cop partners Starsky and Hutch must overcome their differences to solve an important case with help from street informant Huggy Bear.",2021,"Jun"
"s811","Movie","Streets of Fire","Walter Hill","Michael Paré, Diane Lane, Rick Moranis, Amy Madigan, Willem Dafoe, Deborah Van Valkenburgh, Richard Lawson, Rick Rossovich, Bill Paxton, Lee Ving","United States",2021-06-02,1984,"PG",94,"min","Action & Adventure, Classic Movies, Cult Movies","Tough ex-soldier Tom Cody springs into action when a depraved motorcycle gang kidnaps his former girlfriend, Ellen, who's now a famous singer.",2021,"Jun"
"s813","Movie","Swordfish","Dominic Sena","John Travolta, Hugh Jackman, Halle Berry, Don Cheadle, Sam Shepard, Vinnie Jones, Drea de Matteo, Rudolf Martin, Zach Grenier, Camryn Grimes","United States",2021-06-02,2001,"R",99,"min","Action & Adventure","A gifted hacker with a criminal past is recruited by a group of shadowy, seductive figures for an elaborate scheme where nothing is quite as it seems.",2021,"Jun"
"s815","Movie","The Four Seasons","Alan Alda","Alan Alda, Carol Burnett, Len Cariou, Sandy Dennis, Rita Moreno, Jack Weston, Bess Armstrong, Elizabeth Alda, Beatrice Alda","United States",2021-06-02,1981,"PG",108,"min","Comedies, Romantic Movies","Three middle-aged couples vacation together every season until one of the men ditches his wife for a younger woman, tilting the group's dynamics.",2021,"Jun"
"s817","Movie","The Interpreter","Sydney Pollack","Nicole Kidman, Sean Penn, Catherine Keener, Jesper Christensen, Yvan Attal, Earl Cameron, George Harris, Michael Wright, Clyde Kusatsu, Eric Keenleyside, Hugo Speer","United Kingdom, France, Germany, United States",2021-06-02,2005,"PG-13",128,"min","Thrillers","Silvia Broome is a translator at the United Nations. But her job turns perilous when she overhears a plot to assassinate a government official.",2021,"Jun"
"s818","Movie","The Meddler","Lorene Scafaria","Susan Sarandon, Rose Byrne, J.K. Simmons, Cecily Strong, Jerrod Carmichael, Michael McKean, Jason Ritter, Billy Magnussen, Lucy Punch, Sarah Baker","United States",2021-06-02,2015,"PG-13",104,"min","Comedies, Dramas, Independent Movies","Still-grieving widow Marnie moves to Los Angeles to be close to daughter Lori, but soon discovers new outlets for her maternal and romantic needs.",2021,"Jun"
"s819","Movie","The Mirror Has Two Faces","Barbra Streisand","Barbra Streisand, Jeff Bridges, Lauren Bacall, George Segal, Mimi Rogers, Pierce Brosnan, Brenda Vaccaro, Austin Pendleton, Elle Macpherson, Ali Marsh, Leslie Stefanson, Taina Elg, Lucy Avery Brooke, Amber Smith","United States",2021-06-02,1996,"PG-13",127,"min","Comedies, Dramas, Romantic Movies","Tired of being single, middle-aged professor Rose Morgan accepts her colleague's proposal – but her colleague only wants a platonic marriage.",2021,"Jun"
"s820","Movie","The Outlaw Josey Wales","Clint Eastwood","Clint Eastwood, Sondra Locke, Chief Dan George, Bill McKinney, John Vernon, Paula Trueman, Sam Bottoms, Geraldine Keams, Woodrow Parfrey, Joyce Jameson","United States",2021-06-02,1976,"PG",136,"min","Action & Adventure, Classic Movies","In this gritty Oscar-nominated Western, an ex-Confederate soldier on the run comes to rest in a quiet community, where he falls for a pretty settler.",2021,"Jun"
"s822","Movie","The Wedding Guest","Michael Winterbottom","Dev Patel, Radhika Apte, Jim Sarbh","United Kingdom",2021-06-02,2018,"R",97,"min","Dramas, Romantic Movies, Thrillers","Hired to extract a bride-to-be before her arranged wedding in Pakistan, a hired gun goes on the run with his hostage when his plan unravels.",2021,"Jun"
"s823","Movie","The Wind","Emma Tammi","Caitlin Gerard, Julia Goldani Telles, Ashley Zukerman, Miles Anderson, Dylan McTee","United States",2021-06-02,2019,"R",88,"min","Horror Movies","Isolated on a wind-ravaged 19th-century homestead, a frontierswoman begins to suspect that evil lurks in the terrifying emptiness all around her.",2021,"Jun"
"s824","Movie","Then Came You","Peter Hutchings","Asa Butterfield, Maisie Williams, Nina Dobrev, Ken Jeong, Tyler Hoechlin, David Koechner, Peyton List, Tituss Burgess","United States",2021-06-02,2019,"TV-MA",97,"min","Comedies, Dramas, Independent Movies","A hypochondriac confronts his fear of death when a terminally ill teen girl enlists him to help her complete her bucket list.",2021,"Jun"
"s825","Movie","Welcome Home","George Ratliff","Aaron Paul, Emily Ratajkowski, Riccardo Scamarcio, Katy Louise Saunders, Alice Bellagamba","United States",2021-06-02,2018,"R",97,"min","Thrillers","A couple rents a villa in Italy hoping to mend their bruised relationship, but the devilishly charming homeowner can’t seem to leave them alone.",2021,"Jun"
"s827","Movie","Bo Burnham: Inside","Bo Burnham","Bo Burnham","United States",2021-05-30,2021,"TV-MA",88,"min","Stand-Up Comedy","A new comedy special shot and performed by Bo Burnham, alone, over the course of the past year.",2021,"May"
"s829","Movie","Collateral Beauty","David Frankel","Will Smith, Edward Norton, Kate Winslet, Michael Peña, Helen Mirren, Naomie Harris, Keira Knightley, Jacob Latimore, Ann Dowd, Liza Colón-Zayas","United States",2021-05-28,2016,"PG-13",97,"min","Dramas","An advertising executive wrestling with grief finds meaning by writing letters to unconventional recipients as caring colleagues plot a ruse.",2021,"May"
"s835","Movie","Blue Miracle","Julio Quintana","Jimmy Gonzales, Dennis Quaid, Anthony Gonzalez, Bruce McGill, Raymond Cruz, Nathan Arenas, Miguel Angel Garcia, Isaac Arellanes, Steve Gutierrez, Dana Wheeler-Nicholson, Fernanda Urrejola, Silverio Palacios","United States",2021-05-27,2021,"TV-PG",97,"min","Children & Family Movies, Dramas, Faith & Spirituality","To save their cash-strapped orphanage, a guardian and his kids partner with a washed-up boat captain for a chance to win a lucrative fishing competition.",2021,"May"
"s837","Movie","Ghost Lab","Paween Purijitpanya","Thanapob Leeratanakachorn, Paris Intarakomalyasut, Nuttanicha Dungwattanawanich, Suquan Bulakul, Rachanee Siralert, Chaleeda Gilbert, Nuttawut Jenmana, Alanta Potjes, Anchuleeon Buagaew, Jinjuta Rattanaburi","Thailand",2021-05-27,2021,"TV-MA",118,"min","Horror Movies, International Movies, Thrillers","After witnessing a haunting in their hospital, two doctors become dangerously obsessed with obtaining scientific proof that ghosts exist.",2021,"May"
"s839","Movie","Soy Rada: Serendipity","Pablo Faro","Agustín Aristarán","Argentina",2021-05-27,2021,"TV-MA",70,"min","Stand-Up Comedy","The delightful Argentine comic Agustín Aristarán (aka Soy Rada) is back, this time putting the spotlight on family and parenting, magic and music.",2021,"May"
"s840","Movie","The Day I lost My Shadow","Soudade Kaadan","Sawsan Arsheed, Reham Kassar, Samer Ismael, Owiss Mokhallati, Hanane Hajj Ali, Yassin Albokhari, Yamam Al Hassan, Noor Maghout, Mohammad Alsayyed Ali, Mostafa Alkar, Amal Assaf, Madonna Adib, Marwa Almassri, Abdel Nasser Maraqbi","Syria, France, Lebanon, Qatar",2021-05-27,2018,"TV-MA",91,"min","Dramas, Independent Movies, International Movies","As winter hits hard and resources run low in Damascus, a single mom heads to the war-scarred outskirts looking for gas to prepare her son a warm meal.",2021,"May"
"s841","Movie","Baggio: The Divine Ponytail","Letizia Lamartire","Andrea Arcangeli, Valentina Bellè, Andrea Pennacchi, Antonio Zavatteri, Anna Ferruzzo, Riccardo Goretti, Thomas Trabacchi, Marc Clotet, Martufello","Italy",2021-05-26,2021,"TV-MA",92,"min","Dramas, International Movies, Sports Movies","The story of Roberto Baggio, one of the best soccer players of all time, including his career highs, triumphs over injuries and discovery of Buddhism.",2021,"May"
"s847","Movie","Home","Tim Johnson","Jim Parsons, Rihanna, Steve Martin, Jennifer Lopez, Matt Jones, Brian Stepanek, April Lawrence","United States",2021-05-25,2015,"PG",94,"min","Children & Family Movies, Comedies, Sci-Fi & Fantasy","When misfit alien Oh mistakenly sends a party invite to the entire galaxy, he goes on the run to avoid trouble and befriends spunky human girl Tip.",2021,"May"
"s851","Movie","99 Songs","Vishwesh Krishnamoorthy","Ehan Bhat, Edilsy Vargas, Manisha Koirala, Lisa Ray, Tenzin Dalha, Warina Hussain, Ranjit Barot, Neel Tyagi, Rahul Ram, Diwakar Pundir","India",2021-05-21,2021,"TV-14",131,"min","Dramas, International Movies, Music & Musicals","Challenged to compose 100 songs before he can marry the girl he loves, a tortured but passionate singer-songwriter embarks on a poignant musical journey.",2021,"May"
"s854","Movie","Army of the Dead","Zack Snyder","Dave Bautista, Ella Purnell, Omari Hardwick, Garret Dillahunt, Ana de la Reguera, Theo Rossi, Matthias Schweighöfer, Nora Arnezeder, Hiroyuki Sanada, Tig Notaro, Raúl Castillo, Huma Qureshi, Samantha Win, Richard Cetrone, Michael Cassidy","United States",2021-05-21,2021,"R",148,"min","Action & Adventure, Horror Movies","After a zombie outbreak in Las Vegas, a group of mercenaries takes the ultimate gamble by venturing into the quarantine zone for the greatest heist ever.",2021,"May"
"s860","Movie","Asmaa","Amr Salama","Hend Sabry, Maged El-Kidwani, Hany Adel, Sayed Rajab, Ahmed Kamal, Boutros Ghaly, Laila Ezz El Arab, Samia Asaad, Fatmah Adel, Mohamad Yones, Mohamed Abd El Azim","Egypt",2021-05-20,2011,"TV-14",92,"min","Dramas, International Movies","Constantly denied medical treatment, an HIV positive woman confronts societal stigma with unexpected courage. Inspired by true events.",2021,"May"
"s864","Movie","Spy Kids: All the Time in the World","Robert Rodriguez","Jessica Alba, Joel McHale, Rowan Blanchard, Mason Cook, Jeremy Piven, Alexa PenaVega, Daryl Sabara, Ricky Gervais, Danny Trejo","United States",2021-05-20,2011,"PG",88,"min","Children & Family Movies, Comedies","Twins Rebecca and Cecil spring into action with their retired secret agent stepmother to stop a time-manipulating mastermind and his nefarious plans.",2021,"May"
"s866","Movie","Sabotage","David Ayer","Arnold Schwarzenegger, Sam Worthington, Olivia Williams, Terrence Howard, Joe Manganiello, Josh Holloway, Mireille Enos, Harold Perrineau, Martin Donovan, Max Martini, Mark Schlegel, Kevin Vance","United States",2021-05-19,2014,"R",109,"min","Action & Adventure, Dramas","A crack team of DEA agents plots a daring heist, making off with $10 million in drug money. They soon find themselves targets of an unknown killer.",2021,"May"
"s867","Movie","Small Town Crime","Eshom Nelms, Ian Nelms","John Hawkes, Anthony Anderson, Octavia Spencer, Robert Forster, Clifton Collins Jr., Jeremy Ratchford, James Lafferty, Michael Vartan, Daniel Sunjata, Don Harvey, Stefanie Scott, Caity Lotz, Dale Dickey","United States",2021-05-19,2017,"R",92,"min","Thrillers","When a disgraced ex-cop discovers a dying woman, he's compelled to track down her killer — an act of self-redemption that takes him down a dark path.",2021,"May"
"s871","Movie","Amy Tan: Unintended Memoir","James Redford","Amy Tan","United States",2021-05-18,2021,"TV-14",101,"min","Documentaries","From her painful past to her successful career after ""The Joy Luck Club,"" groundbreaking writer Amy Tan shares her life story in this documentary.",2021,"May"
"s872","Movie","Sardar Ka Grandson","Kaashvie Nair","Arjun Kapoor, Neena Gupta, Rakul Preet Singh, Kumud Mishra, Aditi Rao Hydari, John Abraham, Kanwaljeet Singh, Soni Razdan, Masood Akhtar, Divya Seth, Ravjeet Singh, Akashdeep Sabir","India",2021-05-18,2021,"TV-14",140,"min","Comedies, Dramas, International Movies","A devoted grandson’s mission to reunite his ailing grandmother with her ancestral home turns into a complicated, comic cross-border affair.",2021,"May"
"s873","Movie","Sleight","J.D. Dillard","Jacob Latimore, Seychelle Gabriel, Sasheer Zamata, Storm Reid, Cameron Esposito, Dulé Hill, Michael Villar, Brandon Johnson, Donzaleigh Abernathy, Jay Walker","United States",2021-05-16,2016,"R",89,"min","Dramas, Independent Movies, Sci-Fi & Fantasy","Struggling to raise his little sister on his own, a young street magician turns to drug dealing, unaware of how ruthless his supplier can be.",2021,"May"
"s874","Movie","Ahaan","Nikhil Pherwani","Arif Zakaria, Abuli Mamaji, Niharika Singh, Rajit Kapoor, Plabita Borthakur, Shilpa Mehta, Kaizaad Kotwal, Sonali Sachdev, Haresh Raut","India",2021-05-15,2021,"TV-MA",81,"min","Dramas, Independent Movies, International Movies","Jilted by his wife, a man with OCD finds eye-opening common ground and camaraderie with his neighbor, a young man with Down Syndrome.",2021,"May"
"s878","Movie","Cinema Bandi","Praveen Kandregula","Vikas Vasistha, Sandeep Varanasi, Rag Mayur, Trishara, Munivenkatapa, Uma Yg, Sirivennela Yanamandhala, Sindhu Sreenivasa Murthy","India",2021-05-14,2021,"TV-MA",99,"min","Comedies, Independent Movies, International Movies","A struggling rickshaw driver’s life takes a rollicking turn when he comes upon an expensive camera and decides to make a film with his fellow villagers.",2021,"May"
"s879","Movie","Ferry","Cecilia Verheyden","Frank Lammers, Elise Schaap, Huub Stapel, Monic Hendrickx, Raymond Thiry, Maarten Heijmans, Yannick van de Velde","Belgium, Netherlands",2021-05-14,2021,"TV-MA",107,"min","Dramas, International Movies, Thrillers","Before he built a drug empire, Ferry Bouman returns to his hometown on a revenge mission that finds his loyalty tested — and a love that alters his life.",2021,"May"
"s880","Tv Show","Halston","Daniel Minahan","Ewan McGregor, Bill Pullman, Rebecca Dayan, David Pittu, Krysta Rodriguez, Rory Culkin, Vera Farmiga, Gian Franco Rodriguez, Sullivan Jones, Kelly Bishop, Dilone, James Waterston, Jason Kravits, Mary Beth Peil","United States",2021-05-14,2021,"TV-MA",1,"Season","TV Dramas","His name built an empire. His style defined an era. American fashion designer Halston skyrockets to fame before his life starts to spin out of control.",2021,"May"
"s882","Movie","I Am All Girls","Donovan Marsh","Erica Wessels, Hlubi Mboya, Deon Lotz, Brendon Daniels, Mothusi Magano","South Africa",2021-05-14,2021,"TV-MA",107,"min","Dramas, International Movies, Thrillers","A relentless detective finds common ground with a killer systematically targeting the perpetrators running a powerful child-trafficking ring.",2021,"May"
"s883","Movie","Jungle Beat: The Movie","Brent Dawes","Ed Kear, David Menkin, Ina Marie Smith, John Guerrasio, David Rintoul, Gavin Peter, Lucy Montgomery, Florrie Wilkinson, Adam Neill, Jason Pennycooke","Mauritius",2021-05-14,2021,"TV-Y7",90,"min","Children & Family Movies, Comedies","When a lost and lonely alien crash-lands on Earth, his new crew of talking animal friends helps him get back home — and try to save the world!",2021,"May"
"s886","Movie","Table Manners","Leli Maki","Diaan Lawrenson, Renate Stuurman, Neels Van Jaarsveld, Thabo Malema, John Lata, Fiona Ramsey, Jonathan Taylor, Julian Robinson","Canada, South Africa",2021-05-14,2018,"TV-MA",104,"min","Comedies, Dramas, International Movies","When a housewife's picture-perfect life comes crashing down, she finds solace and hope through cooking, family and love.",2021,"May"
"s888","Movie","The Strange House","Daniel Prochaska","León Orlandianyi, Benno Roßkopf, Julia Koschitz, Marii Weichsler, Lars Bitterlich, Michael Pink, Inge Maux, Elfriede Schüsseleder, Michael Somma, Finn Reiter, Markus Stubeier, Luca Streussnig","Austria",2021-05-14,2020,"TV-MA",100,"min","Horror Movies, International Movies, Thrillers","When a big-city family moves to a remote town, two young brothers and their new friends try to solve the menacing mystery that haunts their home.",2021,"May"
"s890","Movie","The Woman in the Window","Joe Wright","Amy Adams, Gary Oldman, Anthony Mackie, Fred Hechinger, Wyatt Russell, Brian Tyree Henry, Jennifer Jason Leigh, Jeanine Serralles, Mariah Bozeman, Julianne Moore","United States",2021-05-14,2021,"R",102,"min","Dramas, Thrillers","Confined to her home by agoraphobia, a psychologist becomes obsessed with her new neighbors — and solving a brutal crime she witnesses from her window.",2021,"May"
"s892","Movie","Layer Cake","Matthew Vaughn","Daniel Craig, Colm Meaney, Kenneth Cranham, Sienna Miller, Tom Hardy, Michael Gambon, George Harris, Jamie Foreman, Marcel Iures, Ben Whishaw, Tamer Hassan","United Kingdom",2021-05-13,2004,"R",105,"min","Independent Movies, International Movies, Thrillers","A suave, steely-eyed London cocaine dealer's retirement plans hit a violent snag when his boss asks him to do one more job.",2021,"May"
"s893","Movie","Tottaa Pataaka Item Maal","Aditya Kripalani","Shalini Vatsa, Chitrangada Chakraborty, Vinay Sharma, Sonal Joshi, Kritika Pande","India",2021-05-13,2018,"TV-MA",107,"min","Dramas, Independent Movies, International Movies","Exasperated with living in perpetual fear for their safety, four women kidnap a man to show him the realities of being female in Delhi.",2021,"May"
"s895","Movie","Dance of the Forty One","David Pablos","Alfonso Herrera, Emiliano Zurita, Mabel Cadena, Fernando Becerril, Paulina Álvarez Muñoz","Mexico, Brazil",2021-05-12,2021,"TV-MA",99,"min","Dramas, Independent Movies, International Movies","A gay congressman marries the Mexican president's daughter but cavorts with a young man at a secret club. And then scandal hits. Based on a true story.",2021,"May"
"s896","Movie","Oxygen","Alexandre Aja","Mélanie Laurent, Mathieu Amalric, Malik Zidi","France, United States",2021-05-12,2021,"TV-14",102,"min","Dramas, International Movies, Thrillers","After waking up in a cryogenic unit, Liz fights to survive and remember who she is before her oxygen runs out.",2021,"May"
"s900","Movie","Illegal Woman","Ramon Térmens","Daniel Faraldo, Isak Férriz, Yolanda Sey, Raquel Camón, Adeline Flaun, Klaudia Dudová, Boris Ruiz, Àngels Bassas, Ahmad Alhamsho, Abdel Aziz El Mountassir","Spain",2021-05-11,2020,"TV-MA",119,"min","Dramas, International Movies","An immigration lawyer and a Nigerian woman caught in a ring of corruption team up to uncover the truth behind a suspicious death in a detention center.",2021,"May"
"s902","Movie","Deadly Switch","Svetlana Cvetko","Teri Polo, Dylan Walsh, Danika Yarosh, Hayley McLaughlin, Bryce Durfee, Matt Passmore, Heather Mazur, Ashlyn Pearce","United States",2021-05-10,2019,"TV-PG",86,"min","Independent Movies, Thrillers","In this indie thriller, a foreign exchange student moves in with her roommate's family who grieves over the daughter they would do anything to get back.",2021,"May"
"s904","Movie","Nayattu","Martin Prakkat","Kunchacko Boban, Joju George, Nimisha Sajayan, Jaffer Idukki, Yama Gilgamesh, Anil Nedumangad, Dineesh P, Vinod Sagar","India",2021-05-09,2021,"TV-MA",122,"min","Dramas, International Movies, Thrillers","Three police officers become pawns for unscrupulous lawmakers when they are framed in an incident amid political elections and must flee to evade arrest.",2021,"May"
"s905","Movie","Sleepless","Baran bo Odar","Jamie Foxx, Michelle Monaghan, Scoot McNairy, Dermot Mulroney, T.I., David Harbour, Gabrielle Union, Octavius J. Johnson, Tim Connolly, Drew Sheer","United States",2021-05-08,2017,"R",95,"min","Action & Adventure","A Las Vegas cop attempts to rob a drug shipment from a casino kingpin, but the heist goes horribly wrong, leading to the kidnapping of his son.",2021,"May"
"s906","Movie","Super Me","Zhang Chong","Darren Wang, Song Jia, Cao Bingkun, Wu Gang, Chin Shih-chieh, Wang Ziyi, Kevin Lee","China",2021-05-08,2021,"TV-14",104,"min","Action & Adventure, Dramas, International Movies","A struggling screenwriter discovers his lucrative ability to bring antiques from his dreams into the real world — but his new life soon unravels.",2021,"May"
"s907","Movie","Have You Ever Seen Fireflies? - Theatre Play","Yılmaz Erdoğan","Demet Akbağ, Zerrin Sümer, Sinan Bengier, Salih Kalyon, Bican Günalan, Şebnem Sönmez, Binnur Kaya, Serhat Özcan","Turkey",2021-05-07,1999,"TV-MA",118,"min","Dramas, International Movies","Yılmaz Erdoğan's lauded stage play traces the life of wunderkind Gülseren as she navigates social and political change.",2021,"May"
"s910","Movie","Milestone","Ivan Ayr","Suvinder Vicky, Lakshvir Saran, Mohinder Gujral, Gurinder Makna, Daljeet Singh, Akhilesh Kumar, Gaurika Bhatt, Arun Aseng","India",2021-05-07,2021,"TV-14",98,"min","Dramas, Independent Movies, International Movies","Recently marking 500,000 kilometers on the road, a newly bereaved trucker faces the threat of losing the job that has come to define him to a new intern.",2021,"May"
"s911","Movie","Monster","Anthony Mandler","Kelvin Harrison Jr., Jennifer Hudson, Jeffrey Wright, Jennifer Ehle, Tim Blake Nelson, Nasir 'Nas' Jones, Rakim Mayers, Paul Ben-Victor, John David Washington, Jharrel Jerome, Dorian Missick","United States",2021-05-07,2021,"TV-MA",99,"min","Dramas","A talented teen implicated in a robbery-turned-murder fights for his innocence and integrity against a criminal justice system that’s already judged him.",2021,"May"
"s914","Movie","Time to Dance","Stanley Menino D'Costa","Sooraj Pancholi, Isabelle Kaif, Rajpal Yadav, Waluscha D'Souza, Natasha Powell, Martin Rycroft, Amrit Maghera, Saqib Saleem","India",2021-05-07,2020,"TV-PG",107,"min","Dramas, International Movies, Romantic Movies","When a ballroom dancer’s shot at a crucial tournament is jeopardized, a street dancer must face his own painful past and step up as her new partner.",2021,"May"
"s915","Movie","Unrest","Jennifer Brea","Jennifer Brea, Omar Wasow, Jessica Taylor-Bearman","United Kingdom, United States",2021-05-07,2017,"TV-MA",97,"min","Documentaries","In this heart-wrenching documentary, a 28-year-old Ph.D. student turns the camera on herself to capture her struggles with chronic fatigue syndrome.",2021,"May"
"s916","Movie","And Tomorrow the Entire World","Julia von Heinz","Mala Emde, Noah Saavedra, Tonio Schneider, Luisa-Céline Gaffron, Andreas Lust, Nadine Sauter, Ivy Lissack, Hussein Eliraqui, Victoria Trauttmansdorff, Michael Wittenborn","Germany, France",2021-05-06,2020,"TV-MA",112,"min","Dramas, International Movies, Thrillers","A law student joins an anti-fascist group and finds herself sucked into increasingly dangerous situations and drawn more and more to violence.",2021,"May"
"s917","Movie","Dead Man Down","Niels Arden Oplev","Colin Farrell, Noomi Rapace, Terrence Howard, Dominic Cooper, Isabelle Huppert, Luis Da Silva Jr., Armand Assante, F. Murray Abraham","United States",2021-05-06,2013,"R",118,"min","Action & Adventure","An enforcer plotting revenge against the ruthless criminal he works for is blackmailed by a mysterious neighbor looking to exact vengeance of her own.",2021,"May"
"s918","Movie","Framing John DeLorean","Don Argott, Sheena M. Joyce","Alec Baldwin, Josh Charles, Morena Baccarin, Dean Winters, Michael Rispoli, Dana Ashbrook, Jason Jones, Josh Cooke, Sean Cullen, William Hill","United States",2021-05-05,2019,"TV-MA",109,"min","Documentaries, Dramas","From his rise in the auto industry to his fall from grace, John DeLorean's legacy of power, fast cars and drugs comes to life in this documentary.",2021,"May"
"s923","Movie","The Clovehitch Killer","Duncan Skiles","Dylan McDermott, Charlie Plummer, Samantha Mathis, Madisen Beaty, Brenna Sherman, Lance Chantiles-Wertz, Emma Jones, Jonathan Riggs","United States",2021-05-04,2018,"TV-MA",109,"min","Dramas, Independent Movies, Thrillers","A teenager's picture-perfect family is torn apart when he uncovers unnerving evidence of a serial killer close to home.",2021,"May"
"s925","Movie","Aliens Stole My Body","Sean McNamara","Jayden Greig, Lauren McNamara, Dan Payne, Alex Zahara, Sean Quan, Kirsten Robek, Ty Consiglio, Christian Convery, Sandy Robson, Christina Meredith Lewall, George Takei","United States",2021-05-01,2020,"PG",88,"min","Children & Family Movies, Comedies","The Galactic Patrol is on the hunt for Deputy Rod Allbright's body. Now they must team up with old and new friends to stop the body-snatching fiend.",2021,"May"
"s927","Movie","Au coeur des gangs","Vondie Curtis-Hall","Tyrese Gibson, Meagan Good, Larenz Tate, Henry Hunter Hall, Kimora Lee Simmons, Game","United States",2021-05-01,2006,"R",97,"min","Action & Adventure, Dramas","In Los Angeles, recently paroled O2 teams up with a street-smart hustler when a gang hijacks his car and holds his son for ransom.",2021,"May"
"s929","Movie","Best of the Best","Robert Radler","Eric Roberts, James Earl Jones, Sally Kirkland, Chris Penn, Phillip Rhee, John P. Ryan, John Dye, Louise Fletcher","United States",2021-05-01,1989,"PG-13",97,"min","Action & Adventure, Sports Movies","Personal problems and racial tensions distract the members of a U.S. karate team handpicked to compete in an international martial arts competition.",2021,"May"
"s931","Movie","Due Date","Todd Phillips","Robert Downey Jr., Zach Galifianakis, Michelle Monaghan, Jamie Foxx, Juliette Lewis, Danny McBride, RZA, Matt Walsh","United States",2021-05-01,2010,"R",95,"min","Action & Adventure, Comedies","Days before his pregnant wife's due date, Peter lands on the ""no-fly"" list, forcing him to drive across the country with an irritating slacker.",2021,"May"
"s932","Movie","Fun with Dick & Jane","Dean Parisot","Jim Carrey, Téa Leoni, Alec Baldwin, Richard Jenkins, Angie Harmon, John Michael Higgins, Richard Burgi, Carlos Jacott, Aaron Michael Drozin, Gloria Garayua","United States",2021-05-01,2005,"PG-13",91,"min","Comedies","After losing their high-paying corporate jobs, an upwardly mobile couple turns to robbing banks to maintain their standard of living.",2021,"May"
"s933","Movie","Green Zone","Paul Greengrass","Matt Damon, Greg Kinnear, Brendan Gleeson, Amy Ryan, Khalid Abdalla, Jason Isaacs, Said Faraj, Michael O'Neill, Igal Naor, Raad Rawi","United Kingdom, France, Spain, United States",2021-05-01,2010,"R",115,"min","Action & Adventure","A US Army officer uncovers a conspiracy about weapons of mass destruction in Iraq, launching a crusade that creates enemies within his own military.",2021,"May"
"s934","Movie","Hachi: A Dog's Tale","Lasse Hallström","Richard Gere, Joan Allen, Cary-Hiroyuki Tagawa, Sarah Roemer, Jason Alexander, Erick Avari, Davenia McFadden, Robbie Sublett, Kevin DeCoste, Rob Degnan","United Kingdom, United States",2021-05-01,2009,"G",93,"min","Children & Family Movies, Dramas","When his master dies, a loyal pooch named Hachiko keeps a vigil for more than a decade at the train station where he once greeted his owner every day.",2021,"May"
"s935","Movie","JT LeRoy","Justin Kelly","Kristen Stewart, Laura Dern, Jim Sturgess, Diane Kruger, Kelvin Harrison Jr., James Jagger, Courtney Love, David Brown","United Kingdom, Canada, United States",2021-05-01,2018,"R",109,"min","Dramas, Independent Movies","In an elaborate hoax, a young woman pretends to be the acclaimed writer JT LeRoy, a fictional persona invented by her writer sister-in-law.",2021,"May"
"s936","Movie","Madagascar 3: Europe's Most Wanted","Eric Darnell, Tom McGrath, Conrad Vernon","Ben Stiller, Chris Rock, David Schwimmer, Jada Pinkett Smith, Sacha Baron Cohen, Cedric the Entertainer, Andy Richter, Tom McGrath, Frances McDormand, Jessica Chastain, Bryan Cranston, Martin Short","United States",2021-05-01,2012,"PG",96,"min","Children & Family Movies, Comedies","Next stop: New York! But to get back home, Alex and friends must hitch a ride with a traveling European circus and evade an evil animal-control officer.",2021,"May"
"s943","Movie","Mystic River","Clint Eastwood","Sean Penn, Tim Robbins, Kevin Bacon, Laurence Fishburne, Marcia Gay Harden, Laura Linney, Kevin Chapman, Tom Guiry, Emmy Rossum, Spencer Treat Clark","United States, Australia",2021-05-01,2003,"R",138,"min","Dramas, Thrillers","Haunted by a monstrous crime, three childhood friends in Boston cross paths again decades later in connection with a murder investigation.",2021,"May"
"s944","Movie","Never Back Down","Jeff Wadlow","Sean Faris, Amber Heard, Cam Gigandet, Evan Peters, Leslie Hope, Djimon Hounsou, Wyatt Smith, Affion Crockett, Neil Brown Jr., Lauren Leech, Tilky Jones, Steven Crowley, Tom Nowicki","United States",2021-05-01,2008,"PG-13",113,"min","Action & Adventure, Dramas, Sports Movies","When a quick-tempered teen moves to a new town and faces the challenges of attending a new high school, he seeks solace in an underground fight club.",2021,"May"
"s945","Movie","S.M.A.R.T Chase","Charles Martin","Orlando Bloom, Leo Wu, Simon Yam, Hannah Quinlivan","China",2021-05-01,2018,"TV-MA",94,"min","Action & Adventure","A disgraced security agent who specializes in transporting valuable objects gets a shot at redemption when he's hired to safeguard a precious antique.",2021,"May"
"s946","Movie","Sitting in Limbo","Stella Corradi","Patrick Robinson, Nadine Marshall, Pippa Bennett-Warner, CJ Beckford","United Kingdom",2021-05-01,2020,"TV-MA",89,"min","Dramas, International Movies","After living 50 years in the UK, Anthony Bryan is wrongfully detained by the government and threatened with deportation. Based on true events.",2021,"May"
"s947","Movie","Stargate","Roland Emmerich","Kurt Russell, James Spader, Jaye Davidson, Viveca Lindfors, Alexis Cruz, Mili Avital, Leon Rippy, John Diehl, Carlos Lauchu, Djimon Hounsou","United States, France",2021-05-01,1994,"PG-13",121,"min","Action & Adventure, Sci-Fi & Fantasy","An Egyptologist joins a mission into the unknown when he helps the military unlock the mystery of a stone archway that's a portal to another universe.",2021,"May"
"s948","Movie","State of Play","Kevin Macdonald","Russell Crowe, Ben Affleck, Rachel McAdams, Helen Mirren, Robin Wright, Jason Bateman, Jeff Daniels, Michael Berresse, Harry Lennix","United States, United Kingdom, France",2021-05-01,2009,"PG-13",127,"min","Dramas, Thrillers","A veteran journalist teams up with a young reporter to untangle a web of lies surrounding the suspicious death of a woman tied to a powerful politician.",2021,"May"
"s949","Movie","Swiped","Ann Deborah Fishman","Kendall Ryan Sanders, Noah Centineo, Nathan Gamble, Kristen Johnston, Leigh-Allyn Baker, Christian Hutcherson, Shelby Wulfert, Steve Daron, Kalani Hilliker, Maddy Curley, George Hamilton","United States",2021-05-01,2018,"TV-14",94,"min","Comedies","When two college roommates develop a discreet hookup app, casual affairs – and complications – soon run rampant on campus.",2021,"May"
"s950","Movie","The Darkest Hour","Chris Gorak","Emile Hirsch, Olivia Thirlby, Max Minghella, Rachael Taylor, Joel Kinnaman, Veronika Vernadskaya, Dato Bakhtadze, Yuriy Kutsenko","United States, Russia",2021-05-01,2011,"PG-13",89,"min","Action & Adventure, Sci-Fi & Fantasy","Young Americans visit Moscow when the city is turned upside down by an alien invasion and band together with the locals to fight back.",2021,"May"
"s951","Movie","The Lovely Bones","Peter Jackson","Mark Wahlberg, Rachel Weisz, Susan Sarandon, Stanley Tucci, Michael Imperioli, Saoirse Ronan, Rose McIver, Christian Thomas Ashdale, Reece Ritchie, Carolyn Dando","United States, United Kingdom, New Zealand",2021-05-01,2009,"PG-13",136,"min","Dramas, International Movies, Sci-Fi & Fantasy","In the aftermath of her murder, 14-year-old Susie watches from beyond as her loved ones mourn and search for her killer who is hiding in plain sight.",2021,"May"
"s952","Movie","The Sweetest Thing","Roger Kumble","Cameron Diaz, Christina Applegate, Selma Blair, Thomas Jane, Jason Bateman, Parker Posey, Frank Grillo, Eddie McClintock, Lillian Adams, Johnny Messner","United States",2021-05-01,2002,"R",89,"min","Comedies, Romantic Movies","After meeting her potential soul mate, a commitment-averse young woman hits the road with her best friend on a wild, raunchy misadventure to find him.",2021,"May"
"s953","Movie","The Whole Nine Yards","Jonathan Lynn","Bruce Willis, Matthew Perry, Rosanna Arquette, Michael Clarke Duncan, Natasha Henstridge, Amanda Peet, Kevin Pollak, Harland Williams, Carmen Ferland, Serge Christianssens","United States",2021-05-01,2000,"R",99,"min","Action & Adventure, Comedies","An unhappily married dentist becomes mixed up with mobsters and murder plots when he discovers that a notorious hit man has moved in next door.",2021,"May"
"s954","Movie","The Whole Truth","Courtney Hunt","Keanu Reeves, Renée Zellweger, Gugu Mbatha-Raw, Gabriel Basso, Jim Belushi, Jim Klock, Ritchie Montgomery, Christopher Berry","United States",2021-05-01,2016,"R",93,"min","Dramas, Thrillers","Trying to earn an acquittal for a teen client accused of murdering his wealthy father, a defense attorney uncovers disturbing facts about the victim.",2021,"May"
"s955","Movie","The Yeti Adventures","Pierre Greco, Nancy Florence Savard","Rachelle Lefevre, Noel Fisher, Colm Feore, Julian Stamboulieh, Jesse Camacho, Bronwen Mantel, Arthur Holden","Canada",2021-05-01,2018,"TV-PG",85,"min","Children & Family Movies, Comedies","An explorer and a detective set off for the snow-capped Himalayas to try to prove the existence of the mystical Yeti in this animated adventure.",2021,"May"
"s956","Movie","Under Siege","Andrew Davis","Steven Seagal, Tommy Lee Jones, Gary Busey, Erika Eleniak, Colm Meaney, Damian Chapa, Andy Romano, Patrick O'Neal, Nick Mancuso, Troy Evans","France, United States",2021-05-01,1992,"R",102,"min","Action & Adventure","A disgruntled former CIA operative and his group of terrorists commandeer a nuclear battleship. Standing in their way is one tough cook.",2021,"May"
"s957","Movie","Zack and Miri Make a Porno","Kevin Smith","Seth Rogen, Elizabeth Banks, Craig Robinson, Jason Mewes, Jeff Anderson, Traci Lords, Katie Morgan, Ricky Mabe, Justin Long, Brandon Routh, Tyler Labine, Tom Savini, Tisha Campbell-Martin, Jennifer Schwalbach, Gerry Bednob","United States",2021-05-01,2008,"R",101,"min","Comedies, Independent Movies, Romantic Movies","Zack and Miri make and star in an adult film to bring in easy money. But their unspoken feelings for each other might threaten the whole enterprise.",2021,"May"
"s960","Movie","The Disciple","Chaitanya Tamhane","Aditya Modak, Arun Dravid, Sumitra Bhave, Deepika Bhide Bhagwat, Kiran Yadnyopavit, Abhishek Kale, Neela Khedkar, Makarand Mukund, Kristy Banerjee, Prasad Vanarse","India",2021-04-30,2021,"TV-MA",128,"min","Dramas, Independent Movies, International Movies","Self-doubt, sacrifice and struggle converge into an existential crisis for a devoted classical vocalist as the mastery he strives for remains elusive.",2021,"Apr"
"s963","Movie","The Strangers: Prey at Night","Johannes Roberts","Bailee Madison, Martin Henderson, Emma Bellomy, Lea Enslin, Damian Maffei, Christina Hendricks, Lewis Pullman","United States, United Kingdom",2021-04-30,2018,"R",85,"min","Horror Movies","Home-invasion horror comes to the trailer park when a family arrives at a mobile home community to find nobody there but a trio of masked murderers.",2021,"Apr"
"s967","Movie","Get the Grift","Pedro Antonio","Marcus Majella, Samantha Schmütz, Caito Mainier, Pedroca Monteiro, Thelmo Fernandes, Zeca Carvalho, Pablo Sanabio, Luan Caruzo","Brazil",2021-04-28,2021,"TV-MA",95,"min","Comedies, International Movies","After a botched scam, Clóvis bumps into Lohane, his estranged foster sister. In a bind, they soon realize the only way out is to band together.",2021,"Apr"
"s970","Movie","August: Osage County","John Wells","Meryl Streep, Julia Roberts, Chris Cooper, Ewan McGregor, Margo Martindale, Sam Shepard, Dermot Mulroney, Julianne Nicholson, Juliette Lewis, Abigail Breslin, Benedict Cumberbatch, Misty Upham","United States",2021-04-27,2014,"R",121,"min","Dramas","When their father disappears, three strong-willed women return to their childhood home and to their equally strong-willed mother.",2021,"Apr"
"s971","Movie","Battle: Los Angeles","Jonathan Liebesman","Aaron Eckhart, Michelle Rodriguez, Ramon Rodriguez, Bridget Moynahan, Ne-Yo, Michael Peña, Lucas Till, Cory Hardrict, Adetokumboh M'Cormack, Jim Parrack","United States",2021-04-27,2011,"PG-13",116,"min","Action & Adventure, Sci-Fi & Fantasy","Led by their skillful staff sergeant, a platoon of gutsy Marines fights to protect all humankind from astonishingly powerful aliens.",2021,"Apr"
"s972","Movie","Between Worlds","Maria Pulera","Nicolas Cage, Franka Potente, Penelope Mitchell, Garrett Clayton, Lydia Hearst, Hopper Penn","Spain",2021-04-27,2018,"R",91,"min","Thrillers","Grieving for his dead wife and daughter, a trucker plunges into a romance with a mother who needs his help. The dead, however, are far from gone.",2021,"Apr"
"s974","Movie","One","Santhosh Viswanath","Mammootty, Joju George, Murali Gopy, Mathew Thomas, Nimisha Sajayan, Salim Kumar, Gayathri Arun, Ishaani Krishna","India",2021-04-27,2020,"TV-PG",149,"min","Dramas, International Movies","A formidable Kerala chief minister’s party loyalties and personal principles are tested when a damning social media post sparks a heated power struggle.",2021,"Apr"
"s975","Movie","Ram Prasad Ki Tehrvi","Seema Pahwa","Supriya Pathak, Parambrata Chatterjee, Konkona Sen Sharma, Vikrant Massey, Manoj Pahwa, Vinay Pathak, Ninad Kamat, Naseeruddin Shah","India",2021-04-24,2019,"TV-14",113,"min","Dramas, Independent Movies, International Movies","Conflicts, complications and confrontations make for an emotional and eventful affair when a multigenerational family reunites in Lucknow.",2021,"Apr"
"s977","Movie","Among Family","Ozan Açıktan","Engin Günaydın, Demet Evgar, Erdal Özyağcılar, Su Kutlu, Devrim Yakut, Fatih Artman, Gülse Birsel, Şevket Çoruh, Derya Karadaş, Devin Özgür Çınar","Turkey",2021-04-23,2017,"TV-14",127,"min","Comedies, International Movies","Amid a marital crisis, Fikret befriends songstress Solmaz after a wacky encounter and must fill in as the father of her soon-to-wed daughter.",2021,"Apr"
"s978","Movie","Dedemin Fisi","Meltem Bozoflu","Onur Buldu, Alper Kul, Erdem Yener, Onur Atilla, Özge Borak, Doğa Rutkay, Meltem Yılmazkaya, İrem Sak","Turkey",2021-04-23,2016,"TV-14",101,"min","Comedies, International Movies","When a brain-dead family patriarch is about to be taken off life support, his extended family gathers round and plots to see who'll get his money.",2021,"Apr"
"s979","Movie","Deliha","Hakan Algül","Gupse Özay, Barış Arduç, Cihan Ercan","Turkey",2021-04-23,2014,"TV-MA",102,"min","Comedies, International Movies, Romantic Movies","Short on sense but long on self-confidence, dotty Deliha sets her sights on a hunky photographer who opens up shop in her neighborhood.",2021,"Apr"
"s980","Movie","Düğün Dernek","Selçuk Aydemir, Birkan Pusa","Ahmet Kural, Murat Cemcir, Rasim Öztekin, Devrim Yakut, Barış Yıldız, İnan Ulaş Torun, Zerrin Sümer, Şinasi Yurtsever","Turkey",2021-04-23,2013,"TV-MA",102,"min","Comedies, International Movies","On the first day of Ramadan, Ismail joins friends on a road trip to a mosque and encounters his son, who, to Ismail's chagrin, plans a hasty wedding.",2021,"Apr"
"s981","Movie","Dügün Dernek 2: Sünnet","Selçuk Aydemir","Ahmet Kural, Murat Cemcir, Rasim Öztekin, Devrim Yakut, Barış Yıldız, İnan Ulaş Torun, Şinasi Yurtsever, Erdal Tosun","Turkey",2021-04-23,2015,"TV-MA",107,"min","Comedies, International Movies","Ismail and his old screwball crew land themselves in hot water when his grandson's circumcision evolves into a buzz-making citywide event.",2021,"Apr"
"s982","Movie","G.O.R.A","Ömer Faruk Sorak","Cem Yılmaz, Rasim Öztekin, Özkan Uğur, İdil Fırat, Şafak Sezer, Özge Özberk, Erdal Tosun, Cezmi Baskın, Ozan Güven, Engin Günaydın","Turkey",2021-04-23,2004,"TV-MA",123,"min","Action & Adventure, Comedies, International Movies","Carpet dealer and UFO photo forger Arif is abducted by aliens. On the planet Gora, he helps friends escape from a meteorite strike and find freedom.",2021,"Apr"
"s983","Movie","Hayat Öpücügü","Şenol Sönmez","Ali Sunal, Hatice Şendil, Ayda Aksel, Ahmet Saraçoğlu, Janset, Zerrin Sümer, Somer Karvan, Ali Çelik","Turkey",2021-04-23,2015,"TV-14",98,"min","Comedies, Dramas, International Movies","High-strung Metin finally stops seeing doom and gloom around every corner when he meets vivacious Hayat, but she has her own soul-searching to do.",2021,"Apr"
"s984","Movie","Heroes: Silence and Rock & Roll","Alexis Morante","Enrique Bunbury, Juan Valdivia, Joaquín Cardiel, Pedro Andreu","Spain",2021-04-23,2021,"TV-MA",95,"min","Documentaries, International Movies, Music & Musicals","An exploration of the rise of Héroes del Silencio, the seminal 1980s Spanish rock band. Anchored by Enrique Bunbury, they focused on a harder sound.",2021,"Apr"
"s985","Movie","Kara Bela","Burak Aksak","Cengiz Bozkurt, Seda Bakan, Erkan Kolçak Köstendil, Cihan Ercan, Berat Yenilmez, İştar Gökseven, Erdal Tosun, Tarık Ünlüoğlu","Turkey",2021-04-23,2015,"TV-MA",101,"min","Comedies, International Movies","The uneventful life of middle-aged Kudret turns upside down when a road trip turns into a wild race for survival with killers in hot pursuit.",2021,"Apr"
"s986","Movie","Kocan Kadar Konus","Kıvanç Baruönü","Ezgi Mola, Murat Yıldırım, Gülenay Kalkan, Ebru Cündübeyoğlu, Eda Ece, Begüm Öner, Gül Arıcı, Muhammet Uzuner","Turkey",2021-04-23,2015,"TV-MA",104,"min","Comedies, International Movies, Romantic Movies","A 30-year-old who's never taken the traditional path to love is tutored by her friends and family before reconnecting with her high school crush.",2021,"Apr"
"s987","Movie","Kocan Kadar Konus 2: Dirilis","Kıvanç Baruönü","Ezgi Mola, Murat Yıldırım, Gülenay Kalkan, Nevra Serezli, Eda Ece","Turkey",2021-04-23,2016,"TV-14",104,"min","Comedies, International Movies, Romantic Movies","Efsun has found Mr. Right in Sinan, and their relationship is taking a serious turn. But their eccentric families quickly complicate the romance.",2021,"Apr"
"s989","Tv Show","Let's Fight Ghost","Kongkiat Khomsiri","Suppapong Udomkaewkanjana, Patchanan Jiajirachote, Thongpoom Siripipat, Apiwit Reardon, Kornrawich Sungkitbool, Waratthaya Wongchayaporn, Wannasak Sirilar","Thailand",2021-04-23,2021,"TV-14",1,"Season","International TV Shows, Romantic TV Shows, TV Comedies","A med student with a supernatural gift tries to cash in on his abilities by facing off against ghosts, till a wandering spirit brings romance instead.",2021,"Apr"
"s990","Movie","My Travel Buddy","Bedran Güzel","Oğuzhan Koç, İbrahim Büyükak, Emre Kınay, Aslı Bekiroğlu, Eda Ece, Bahar Şahin, Muharrem Bayrak, Toygan Avanoğlu","Turkey",2021-04-23,2017,"TV-MA",111,"min","Comedies, International Movies","Days before Eid, a salesman fired from his job drives to Ayvalık to meet his girlfriend's family, but the trip goes astray due to his zany travel buddy.",2021,"Apr"
"s991","Movie","Niyazi Gül Dörtnala","Hakan Algül","Ata Demirer, Demet Akbağ, Şebnem Bozoklu, Levent Ülgen","Turkey",2021-04-23,2015,"TV-MA",102,"min","Comedies, International Movies","Seeking the formula behind a magical elixir bequeathed to him by his father, a veterinary professor gets embroiled in a mobster's horse-racing scheme.",2021,"Apr"
"s992","Movie","One Like It","Marwan Nabil","Riham Abdel Ghafour, Mohammed Aly Rizk, Hazem Samir, Salwa Othman, Mahmoud Gharib","Egypt",2021-04-23,2020,"TV-G",15,"min","Dramas, Independent Movies, International Movies","This short film follows a day in the life of a young woman in Egypt and how her interactions with others expose long-standing stereotypes and biases.",2021,"Apr"
"s995","Movie","This Lady Called Life","Kayode Kasum","Bisola Aiyeola, Efa Iwara, Molawa Onajobi, Tina Mba, Wale Ojo, Jemima Osunde, Lota Chukwu, Samuel Asa'ah, Michael Ejoor, Uche Elumelu","Nigeria",2021-04-23,2020,"TV-14",120,"min","Dramas, International Movies, Romantic Movies","Abandoned by her family, young single mother Aiye struggles to survive but stays focused on her dream of becoming an elite chef.",2021,"Apr"
"s996","Movie","Vizontele","Yılmaz Erdoğan, Ömer Faruk Sorak","Yılmaz Erdoğan, Demet Akbağ, Altan Erkekli, Cem Yılmaz, Cezmi Baskın, Bican Günalan, Sebnem Sönmez, İclal Aydın, Mesut Çakarli, Zeynep Tokuş","Turkey",2021-04-23,2001,"TV-MA",106,"min","Comedies, Dramas, International Movies","In 1974, a rural town in Anatolia gets its first television set – an event that's met with both excitement and trepidation by the villagers.",2021,"Apr"
"s997","Movie","HOMUNCULUS","Takashi Shimizu","Go Ayano, Ryo Narita, Yukino Kishii, Anna Ishii, Seiyo Uchino","Japan",2021-04-22,2021,"TV-MA",116,"min","Horror Movies, International Movies, Thrillers","Truth and illusion blurs when a homeless amnesiac awakens from an experimental medical procedure with the ability to see people's innermost traumas.",2021,"Apr"
"s1000","Movie","Stowaway","Joe Penna","Anna Kendrick, Toni Collette, Daniel Dae Kim, Shamier Anderson","Germany, United States",2021-04-22,2021,"TV-MA",116,"min","Dramas, International Movies, Thrillers","A three-person crew on a mission to Mars faces an impossible choice when an unplanned passenger jeopardizes the lives of everyone on board.",2021,"Apr"
"s1002","Movie","Oloibiri","Curtis Graham","Olu Jacobs, Richard Mofe-Damijo, William R. Moses, Taiwo Ajai-Lycett, Ifeanyi Williams, Ivie Okujaye, Dayton Sinkia, Bradley Gordon","Canada, Nigeria, United States",2021-04-21,2015,"TV-14",86,"min","Dramas, International Movies, Thrillers","After drilling depletes a small village, a corporation finds more oil in the region, igniting tensions among the community.",2021,"Apr"
"s1003","Movie","Tell Me When","Gerardo Gatica","Jesús Zavala, Ximena Romo, Verónica Castro, José Carlos Ruiz, Gabriel Nuncio, Rosa María Bianchi, Héctor Bonilla, Andrés Almeida","Mexico",2021-04-21,2021,"TV-MA",97,"min","Comedies, International Movies","Workaholic Will puts his humdrum life in LA on hold to fulfill his grandpa's last wish: visiting Mexico City's most iconic sights and falling in love.",2021,"Apr"
"s1014","Movie","Miss Sloane","John Madden","Jessica Chastain, Mark Strong, Gugu Mbatha-Raw, Michael Stuhlbarg, Raoul Bhaneja, John Lithgow, Sam Waterston, Chuck Shamata, Jake Lacy, Alison Pill, David Wilson Barnes","France, United States, United Kingdom, Canada",2021-04-19,2016,"R",132,"min","Thrillers","A tenacious Capitol Hill lobbyist with a well-earned reputation for winning takes on the most challenging battle of her career.",2021,"Apr"
"s1016","Movie","American Me","Edward James Olmos","Edward James Olmos, William Forsythe, Pepe Serna, Danny De La Paz, Evelina Fernandez, Cary-Hiroyuki Tagawa, Daniel Villarreal, Sal Lopez, Daniel Haro, Domingo Ambriz","United States",2021-04-17,1992,"R",126,"min","Dramas","Three friends born in poverty create their own capitalist dream as powerful gang members. Time in prison makes one of them consider a fresh beginning.",2021,"Apr"
"s1017","Movie","Delhi Belly","Abhinay Deo","Imran Khan, Vir Das, Kunaal Roy Kapur, Poorna Jagannathan, Shenaz Treasury, Vijay Raaz, Paresh Ganatra, Rahul Singh","India",2021-04-17,2011,"TV-MA",101,"min","Action & Adventure, Comedies, International Movies","Three flatmates get involved in the shady business belonging to one roomie's fiancé, and discover that a global crime syndicate is gunning for them.",2021,"Apr"
"s1018","Movie","Dhobi Ghat (Mumbai Diaries)","Kiran Rao","Aamir Khan, Monica Dogra, Kriti Malhotra, Prateik Babbar, Aasha Pawar, Jyoti Pawar, Norma Lobo, Kitu Gidwani, Danish Husain, Jehan Manekshaw","India",2021-04-17,2010,"TV-MA",102,"min","Dramas, International Movies","In this intimate drama, circumstances draw together four people from different castes – which would normally preclude them from forming friendships.",2021,"Apr"
"s1019","Movie","Jaane Tu... Ya Jaane Na","Abbas Tyrewala","Imran Khan, Genelia D'Souza, Manjari Fadnis, Ayaz Khan, Prateik Babbar, Ratna Pathak Shah, Arbaaz Khan, Sohail Khan","India",2021-04-17,2008,"TV-14",147,"min","Comedies, International Movies, Music & Musicals","Soft-spoken Jai and spitfire beauty Aditi couldn't be more different – but their family and friends know that they're a perfect match.",2021,"Apr"
"s1020","Movie","Lagaan","Ashutosh Gowariker","Aamir Khan, Gracy Singh, Rachel Shelley, Paul Blackthorne, Kulbhushan Kharbanda, Raghuvir Yadav, Yashpal Sharma, Rajendranath Zutshi, Rajesh Vivek, Aditya Lakhia","India, United Kingdom",2021-04-17,2001,"PG",224,"min","Dramas, International Movies, Music & Musicals","In 1890s India, an arrogant British commander challenges the harshly taxed residents of Champaner to a high-stakes cricket match.",2021,"Apr"
"s1021","Movie","Madness in the Desert","Satyajit Bhatkal","Aamir Khan, Ashutosh Gowariker","India",2021-04-17,2004,"TV-14",141,"min","Documentaries, International Movies","The story of making ""Lagaan,"" one of the millennium's seminal Indian films, is told from the point of view of production team member Satyajit Bhatkal.",2021,"Apr"
"s1022","Movie","Peepli Live","Anusha Rizvi, Mahmood Farooqui","Omkar Das Manikpuri, Raghuvir Yadav, Malaika Shenoy, Nawazuddin Siddiqui, Naseeruddin Shah, Sitaram Panchal, Shalini Vatsa, Farrukh Jaffar, Aamir Bashir, Vishal Om Prakash","India",2021-04-17,2010,"TV-MA",109,"min","Comedies, Dramas, Independent Movies","Two indigent farmers consider suicide so that their families can collect a government subsidy that's paid to the relatives of deceased farmers.",2021,"Apr"
"s1023","Movie","Taare Zameen Par","Aamir Khan","Aamir Khan, Darsheel Safary, Tanay Chheda, Tisca Chopra, Vipin Sharma, Girija Oak, M.K. Raina","India",2021-04-17,2007,"PG",162,"min","Dramas, International Movies","When daydreamer Ishaan is sent to boarding school, an unconventional art teacher tries to help the imaginative student discover his true identity.",2021,"Apr"
"s1024","Movie","Ajeeb Daastaans","Shashank Khaitan, Raj Mehta, Neeraj Ghaywan, Kayoze Irani","Fatima Sana Shaikh, Jaideep Ahlawat, Armaan Ralhan, Nushrat Bharucha, Abhishek Banerjee, Inayat Verma, Konkona Sen Sharma, Aditi Rao Hydari, Shefali Shah, Manav Kaul, Tota Roy Chowdhury","India",2021-04-16,2021,"TV-MA",142,"min","Dramas, Independent Movies, International Movies","Four shorts explore the surprising ways in which unexpected catalysts inflame the uncomfortable emotions simmering under fractured relationships.",2021,"Apr"
"s1025","Movie","Arlo the Alligator Boy","Ryan Crego","Michael J. Woodard, Mary Lambert, Brett Gelman, Jonathan Van Ness, Tony Hale, Haley Tju, Annie Potts, Vincent Rodriguez III, Flea, Jennifer Coolidge","United States",2021-04-16,2021,"TV-Y7",93,"min","Children & Family Movies, Comedies, Music & Musicals","To find the father he never knew, optimistic Arlo leaves his swampy Southern home for New York City, making friends along the way. A musical adventure.",2021,"Apr"
"s1027","Movie","Barbie & Chelsea: The Lost Birthday","Cassi Simonds","America Young, Cassidy Naber, Kirsten Day, Cassandra Morris, Lisa Fuson, Greg Chun, Benjamin Pronsky, Laila Berzins, Nakia Burrise, Jacob Craner","United States",2021-04-16,2021,"TV-Y",60,"min","Children & Family Movies","When Barbie’s sister Chelsea thinks her birthday has been skipped, she hunts for a magic gem on a jungle island that will grant her wish to get it back.",2021,"Apr"
"s1028","Movie","Crimson Peak","Guillermo del Toro","Mia Wasikowska, Jessica Chastain, Tom Hiddleston, Charlie Hunnam, Jim Beaver, Burn Gorman, Leslie Hope, Doug Jones, Jonathan Hyde, Bruce Gray","Canada, United States, Mexico",2021-04-16,2015,"R",119,"min","Horror Movies, Romantic Movies, Sci-Fi & Fantasy","After marrying a mysterious British aristocrat, a young heiress moves into his crumbling, creepy ancestral home and finds it conceals sinister secrets.",2021,"Apr"
"s1030","Movie","Doctor Bello","Tony Abulu","Isaiah Washington, Vivica A. Fox, Jimmy Jean-Louis, Genevieve Nnaji, Stephanie Okereke, Justus Esiri, Ebbe Bassey, Jon Freda, Evan Brinkman","United States",2021-04-16,2013,"TV-MA",96,"min","Dramas, International Movies","A troubled doctor sets out to save the life of a miracle worker who cured his cancer patient using an unprecedented and mysterious remedy.",2021,"Apr"
"s1031","Movie","Four Sisters Before the Wedding","Mae Czarina Cruz","Alexa Ilacad, Charlie Dizon, Gillian Vicencio, Belle Mariano, Dominic Ochoa, Carmina Villaroel, Irma Adlawan, Kakai Bautista, Cai Cortez, Jameson Blake, Joao Constancia, Jeremiah Lisbo, Clarence Delgado, Pinky Amador, Minnie Aguilar, Gigi De Lana, Toni Gonzaga, Bea Alonzo, Angel Locsin, Shaina Magdayao, Enchong Dee","Philippines",2021-04-16,2020,"TV-MA",116,"min","Children & Family Movies, Comedies, Dramas","When their parents' marriage threatens to crumble, the teenage Salazar siblings plot to reconcile them before their 20th wedding anniversary.",2021,"Apr"
"s1032","Movie","Into the Beat","Stefan Westerwelle","Alexandra Pfeifer, Yalany Marschner, Trystan Pütter, Helen Schneider, Julius Nitschkoff, Dennis Kyere, Ina Geraldine Guy, Katrin Pollitt, Julia Strowski, Anton Wichers","Germany",2021-04-16,2020,"TV-14",102,"min","Dramas, International Movies, Romantic Movies","A teen ballerina discovers hip-hop by chance and is faced with an impossible choice: Does she follow her parents’ footsteps... or her newfound passion?",2021,"Apr"
"s1034","Movie","Rush","Ron Howard","Chris Hemsworth, Daniel Brühl, Olivia Wilde, Alexandra Maria Lara, Pierfrancesco Favino, David Calder, Natalie Dormer, Stephen Mangan, Christian McKay, Alistair Petrie","United Kingdom, Germany, United States",2021-04-16,2013,"R",123,"min","Action & Adventure, Dramas, International Movies","In the 1970s, a rivalry propels race car drivers Niki Lauda and James Hunt to fame and glory — until a horrible accident threatens to end it all.",2021,"Apr"
"s1035","Movie","Synchronic","Justin Benson, Aaron Moorhead","Anthony Mackie, Jamie Dornan, Katie Aselton, Ally Ioannides, Ramiz Monsef, Bill Oberst Jr.","United States",2021-04-16,2020,"R",102,"min","Thrillers","Two paramedics begin to question their realities after coming across several bizarre deaths linked to a new narcotic with mind-bending effects.",2021,"Apr"
"s1036","Movie","The Zookeeper's Wife","Niki Caro","Jessica Chastain, Johan Heldenbergh, Daniel Brühl, Timothy Radford, Efrat Dor, Iddo Goldberg, Shira Haas, Michael McElhatton, Val Maloku, Goran Kostic","Czech Republic, United Kingdom, United States",2021-04-16,2017,"PG-13",127,"min","Dramas","When the Nazis invade Poland, Warsaw Zoo caretakers work with the underground resistance to save Jews from the horrors of the Third Reich.",2021,"Apr"
"s1037","Movie","Time Trap","Mark Dennis, Ben Foster","Andrew Wilson, Cassidy Gifford, Brianne Howey, Reiley McClendon, Olivia Draguicevich, Max Wright, Hans Marrero, Rich Skidmore, Chris Sturgeon, Gopal Bidari","United States",2021-04-16,2017,"TV-14",88,"min","Action & Adventure, Sci-Fi & Fantasy","While searching for their missing archaeology professor, a group of students discovers a cave where time passes differently than it does on the surface.",2021,"Apr"
"s1038","Movie","Tuesdays & Fridays","Taranveer Singh","Anmol Thakeria Dhillon, Jhataleka, Niki Walia, Kamini Khanna, Zoa Morani, Nayan Shukla, Eklavyey Kashyap, Reem Shaikh","India",2021-04-16,2021,"TV-14",106,"min","Comedies, Dramas, International Movies","To avoid the burden of commitment, a young lawyer and a writer agree to be romantic partners only two days a week. That won’t get complicated — right?",2021,"Apr"
"s1040","Movie","Dark City Beneath the Beat","TT The Artist","Uneek, Mighty Mark, Tsu Terry, TT The Artist","United States",2021-04-15,2020,"TV-MA",65,"min","Documentaries, Music & Musicals","In this documentary, TT the Artist captures the irrepressible bounce and infectious beats of a Baltimore club scene that demands to be seen and heard.",2021,"Apr"
"s1042","Movie","GANTZ:O","Keiichi Sato, Yasushi Kawamura","Daisuke Ono, M・A・O, Tomohiro Kaku, Saori Hayami, Shuichi Ikeda, Kendo Kobayashi, Razor Ramon RG, Razor Ramon HG, Masane Tsukayama, Masaya Onosaka, Kenjiro Tsuda, Teruaki Ogawa, Hisanori Yoshida, Yuki Kaji","Japan",2021-04-15,2016,"TV-MA",96,"min","Action & Adventure, Anime Features, Horror Movies","Teams of recently deceased people who've been revived and given high-tech weapons must cooperate to defeat an army of monsters in Tokyo and Osaka.",2021,"Apr"
"s1043","Tv Show","Garth Brooks: The Road I’m On","Glenn Weiss","Garth Brooks","United States",2021-04-15,2019,"TV-PG",1,"Season","Docuseries","Revealing interviews and archive footage tell the story of Garth Brooks' humble beginnings, rise to fame and unprecedented impact on country music.",2021,"Apr"
"s1047","Movie","Only Mine","Michael Civille","Amber Midthunder, Brett Zimmerman, Chris Browning, Walter Fauntleroy, Claudia Ferri, Lorenzo James Henrie, Ellen Wroe, Ashley Holliday Tavares, Nancy Linehan Charles, Jonna Walsh","United States",2021-04-15,2019,"TV-14",88,"min","Thrillers","After dating a charming cop who turns into an obsessive stalker, a small-town girl must save herself from his deadly ways.",2021,"Apr"
"s1051","Movie","Ride or Die","Ryuichi Hiroki","Kiko Mizuhara, Honami Sato, Yoko Maki, Anne Suzuki, Tetsushi Tanaka, Sara Minami, Yui Uemura, Shinya Niiro, Shunsuke Tanaka, Setsuko Karasuma","Japan",2021-04-15,2021,"TV-MA",143,"min","Dramas, International Movies, LGBTQ Movies","Rei helps the woman she’s been in love with for years escape her abusive husband. While on the run, their feelings for each other catch fire.",2021,"Apr"
"s1053","Movie","The Master","Paul Thomas Anderson","Joaquin Phoenix, Philip Seymour Hoffman, Amy Adams, Laura Dern, Kevin J. O'Connor, Jesse Plemons, Rami Malek, Christopher Evan Welch, Madisen Beaty, Ambyr Childers, Price Carson","United States",2021-04-15,2012,"R",137,"min","Dramas, Independent Movies","A heavy-drinking loner finds some semblance of a family when he stumbles onto the ship of Lancaster Dodd, the charismatic leader of a new ""religion.""",2021,"Apr"
"s1054","Movie","Time Is Illmatic","One9","Nasir 'Nas' Jones, Busta Rhymes, Pete Rock, Pharrell Williams, Q-Tip, Swizz Beatz, Alicia Keys, DJ Premier","United States",2021-04-15,2014,"TV-MA",75,"min","Documentaries, Music & Musicals","Providing a behind-the-scenes look at the making of Nas's debut album, this documentary also delves into his deep connection to his New York roots.",2021,"Apr"
"s1056","Movie","Zoot Suit","Luis Valdez","Daniel Valdez, Edward James Olmos, Charles Aidman, Tyne Daly, John Anderson, Abel Franco, Mike Gomez, Francis X. McCarthy, Alma Martínez, Lupe Ontiveros, Tony Plana","United States",2021-04-15,1981,"R",103,"min","Cult Movies, Dramas, Music & Musicals","In this drama based on a 1940s trial, the members of a Mexican American gang are sentenced to San Quentin for a murder they may not have committed.",2021,"Apr"
"s1067","Movie","The Soul","Cheng Wei-hao","Chang Chen, Janine Chang, Christopher Lee, Anke Sun, Lin Hui-min, Samuel Ku, Zhang Bojia, Lu Hsueh-feng","China, Taiwan",2021-04-14,2021,"TV-MA",130,"min","Dramas, International Movies, Thrillers","While investigating the death of a businessman, a prosecutor and his wife uncover occult secrets as they face their own life-and-death dilemma.",2021,"Apr"
"s1068","Tv Show","The Underclass","Pass Patthanakumjon","Nannaphas Loetnamchoetsakun, Praewa Suthamphong, Sumitra Duangkaew, Tanutchai Wijitvongtong, Tarisa Preechatangkit, Natticha Chantaravareelekha, Miori Ohkubo, Pakwan Noijaiboon, Napaphat Worraphuttanon, Vathusiri Phuwapunyasiri, Rinrada Inthaisong, Suchaya Saenkhot, Mananya Kaoju, Kandis Wanarun, Ekapol Deebunmee, Panta Pattanaampaiwong, Rachaya Tupkunanon, Supasawad Buranawech, Thitirat Rojsangrat, Sawanee Utoomma, Phattharanarin Mueanarit, Chanyapuk Numprasop","Thailand",2021-04-14,2020,"TV-MA",1,"Season","International TV Shows, TV Dramas, Teen TV Shows","After getting dropped from an elite program, a student gets tangled in the affairs of a high school gang while trying to find her own identity.",2021,"Apr"
"s1070","Movie","Uppena","Buchi Babu Sana","Panja Vaisshnav Tej, Krithi Shetty, Vijay Sethupathi","India",2021-04-14,2020,"TV-14",145,"min","Dramas, International Movies, Romantic Movies","The son of a fishing community falls for a village head's daughter, but they face violent opposition from the girl’s doggedly old-fashioned father.",2021,"Apr"
"s1081","Movie","New Gods: Nezha Reborn","Zhao Ji","Yang Tianxiang, Zhang He, Xuan Xiaoming, Li Shimeng","China",2021-04-12,2021,"TV-14",118,"min","Action & Adventure, Anime Features, International Movies","While living as an ordinary deliveryman and motor racing fan, Nezha encounters old nemeses and must rediscover his powers to protect his loved ones.",2021,"Apr"
"s1084","Movie","The Stand-In","Jamie Babbit","Drew Barrymore, Michael Zegen, T.J. Miller, Holland Taylor, Ellie Kemper, Andrew Rannells, Michelle Buteau","United States",2021-04-10,2020,"R",102,"min","Comedies","Her career in shambles, a reclusive movie star hires her stand-in to go to rehab for her, not expecting how much the look-alike will relish the role.",2021,"Apr"
"s1086","Movie","Night in Paradise","Park Hoon-jung","Um Tae-goo, Jeon Yeo-been, Cha Seoung-won, Lee Ki-young, Park Ho-san","South Korea",2021-04-09,2021,"TV-MA",132,"min","Dramas, International Movies","Hiding out in Jeju Island following a brutal tragedy, a wronged mobster with a target on his back connects with a woman who has her own demons.",2021,"Apr"
"s1087","Movie","Ojukokoro: Greed","Dare Olaitan","Seun Ajayi, Zainab Balogun, Sammie Eddie, Linda Ejiofor, Charles Etubiebi, Shawn Faqua, Lord Frank, Ikubese Emmanuel Ifeanyi, Somkele Iyamah, Ali Nuhu, Wale Ojo","Nigeria",2021-04-09,2016,"TV-MA",108,"min","Dramas, International Movies, Thrillers","Down and out of luck, the manager of a shady gas station gets in over his head when he tries to steal from his grubby employers.",2021,"Apr"
"s1088","Movie","Roohi","Hardik Mehta","Rajkummar Rao, Varun Sharma, Janhvi Kapoor, Manav Vij, Sarita Joshi, Anuraag Arora, Alexx O'Nell, Rajesh Jais","India",2021-04-09,2021,"TV-14",133,"min","Comedies, Horror Movies, International Movies","Hired to kidnap a bride, two bumbling pals face a wacky predicament when one falls for their abductee — and the other, for the spirit possessing her.",2021,"Apr"
"s1089","Movie","Thunder Force","Ben Falcone","Melissa McCarthy, Octavia Spencer, Jason Bateman, Bobby Cannavale, Pom Klementieff, Melissa Leo, Taylor Mosby, Marcella Lowery, Melissa Ponzio","United States",2021-04-09,2021,"PG-13",107,"min","Action & Adventure, Comedies","Two childhood best friends reunite as an unlikely crime-fighting superhero duo when one invents a formula that gives ordinary people superpowers.",2021,"Apr"
"s1090","Movie","Two Distant Strangers","Travon Free, Martin Desmond Roe","Joey Bada$$, Andrew Howard, Zaria","United States",2021-04-09,2021,"TV-MA",32,"min","Dramas","In this Oscar-nominated short film, a man trying to go home to his dog gets stuck in a time loop that forces him to relive a deadly run-in with a cop.",2021,"Apr"
"s1091","Movie","Story of Kale: When Someone's in Love","Angga Dwimas Sasongko","Ardhito Pramono, Aurélie Moeremans, Arya Saloka, Roy Sungkono, Gilbert Pohan, Azizah Hanum, Tanta Ginting","Indonesia",2021-04-08,2020,"TV-PG",78,"min","Dramas, International Movies, Romantic Movies","After leaving a toxic relationship, Dinda embarks on a romance with Kale, whose view on love soon shatters as he wrestles with his own insecurities.",2021,"Apr"
"s1099","Movie","Mandela","Madonne Ashwin","Yogi Babu, Sheela Rajkumar, Sangili Murugan, G. M. Sundhar","India",2021-04-05,2021,"TV-14",140,"min","Comedies, Dramas, International Movies","Amid a local election with two rivals vying to win by any means necessary, a barber lands in a curiously powerful position as the single deciding vote.",2021,"Apr"
"s1100","Movie","The Fisherman's Diary","Enah Johnscott","Kang Quintus, Faith Fidel, Casson Chinepoh, Ramsey Nouah, Ndamo Damaris, Neba Godwill Awantu, Onyama Laura, Prince Sube, Daphne Nije, Zoe Elora Ebai Mayohchu","Cameroon",2021-04-04,2020,"TV-MA",143,"min","Dramas, International Movies","Inspired by Nobel Peace Prize winner Malala Yousafzai, a young girl defies the expectations of her father and village to pursue an education",2021,"Apr"
"s1101","Movie","What Lies Below","Braden R. Duemmler","Ema Horvath, Trey Tucker, Mena Suvari, Haskiri Velazquez, Danny Corbo, Olan Montgomery, Troy Iwata","United States",2021-04-04,2020,"TV-MA",88,"min","Horror Movies, Thrillers","Back home at her lake house, a teenager begins to suspect that a sinister force lurks beneath the surface of her mother's too-perfect new lover.",2021,"Apr"
"s1102","Movie","Escape from Planet Earth","Cal Brunker","Rob Corddry, Brendan Fraser, Sarah Jessica Parker, William Shatner, Jessica Alba, Jane Lynch, George Lopez, Sofía Vergara, Craig Robinson, Ricky Gervais, Steve Zahn, Chris Parnell","United States, Canada",2021-04-03,2013,"PG",89,"min","Children & Family Movies, Comedies, Sci-Fi & Fantasy","This all-ages animated comedy follows the adventures of astronaut Scorch Supernova, a hero of the blue aliens who has a vast appetite for adventure.",2021,"Apr"
"s1103","Movie","Accepted","Steve Pink","Justin Long, Jonah Hill, Adam Herschman, Columbus Short, Maria Thayer, Lewis Black, Blake Lively, Mark Derwin, Ann Cusack, Robin Lord Taylor, Hannah Marks, Anthony Heald","United States",2021-04-02,2006,"PG-13",93,"min","Comedies","Rejected by every college he applied to, a high school senior invents a fake university that will fool his parents and help his fellow outcasts.",2021,"Apr"
"s1104","Movie","Air Strike","Xiao Feng","Bruce Willis, Liu Ye, Song Seung-heon, William Chan Wai-ting, Fan Wei, Wu Gang, Ma Su, Janine Chang, Che Yongli, Feng Yuanzheng, Geng Le","China",2021-04-02,2018,"R",97,"min","Action & Adventure, Dramas, International Movies","The residents of Chongqing try to survive Japanese air raids as a U.S. military advisor trains a squadron of Chinese pilots desperate to fight back.",2021,"Apr"
"s1105","Movie","An American Girl: McKenna Shoots for the Stars","Vince Marcello","Jade Pettyjohn, Kerris Dorsey, Nia Vardalos, Ian Ziering, Ysa Penarejo, Cathy Rigby, Kally Berard, Talia Pura, Paula Rivera, George Chiang","United States, Canada",2021-04-02,2012,"TV-Y",94,"min","Children & Family Movies, Comedies, Dramas","A talented young gymnast struggles with her schoolwork and an injury. But with help from her tutor, she gets her confidence back.",2021,"Apr"
"s1106","Movie","Concrete Cowboy","Ricky Staub","Idris Elba, Caleb McLaughlin, Jharrel Jerome, Byron Bowers, Lorraine Toussaint, Method Man, Ivannah Mercedes, Jamil Prattis, Liz Priestley","United Kingdom, United States",2021-04-02,2021,"R",112,"min","Dramas, Independent Movies","Sent to live with his estranged father for the summer, a rebellious teen finds kinship in a tight-knit Philadelphia community of Black cowboys.",2021,"Apr"
"s1107","Movie","Cross: Rise of the Villains","Patrick Durham, Paul G. Volk","Brian Austin Green, Vinnie Jones, Lori Heuring, Richard Grieco, Patrick Durham, Tim Abell, Carson Lee Bradshaw, Manu Intiraymi, Danny Trejo","United States",2021-04-02,2019,"R",100,"min","Action & Adventure","Armed with a mighty ancient amulet, a team of weapons experts joins forces to defend Los Angeles from supervillains with explosive powers of their own.",2021,"Apr"
"s1108","Movie","God Calling","BB Sasore","Zainab Balogun, Karibi Fubara, Diana Egwuatu, Richard Mofe-Damijo, Tina Mba, Onyeka Onwenu, Nkem Owoh, Patrick Diabuah, Ademola Adedoyin, Bikiya Graham Douglas","Nigeria",2021-04-02,2018,"TV-MA",120,"min","Dramas, Faith & Spirituality, International Movies","The loss of a child plunges Sade into a suicidal depression, but her suffering leads to faith – with a little assist from modern technology.",2021,"Apr"
"s1109","Movie","Irul","Naseef Yusuf Izuddin","Fahadh Faasil, Soubin Shahir, Darshana Rajendran","India",2021-04-02,2021,"TV-MA",91,"min","International Movies, Thrillers","When a car breakdown forces a couple to seek shelter in a nearby home, conversations with the stranger inside soon suggest there’s a killer among them.",2021,"Apr"
"s1110","Movie","Just Say Yes","Appie Boudellah, Aram van de Rest","Yolanthe Cabau, Noortje Herlaar, Kim-Lian van der Meij, Nienke Plas, Pip Pellens, Jim Bakkum, Huub Smit, Edwin Jonker","Netherlands",2021-04-02,2021,"TV-MA",98,"min","Comedies, International Movies, Romantic Movies","Incurable romantic Lotte finds her life upended when her plans for a picture-perfect wedding unravel — just as her self-absorbed sister gets engaged.",2021,"Apr"
"s1111","Movie","Madame Claude","Sylvie Verheyde","Karole Rocher, Garance Marillier, Roschdy Zem, Pierre Deladonchamps, Liah O'Prey, Paul Hamy, Mylène Jampanoï, Hafsia Herzi, Regina Anikiy, Annabelle Belmondo, Joséphine de La Baume","France",2021-04-02,2021,"TV-MA",113,"min","Dramas, International Movies","In 1960s Paris, Madame Claude's influence extends beyond the world of sex work — until an affluent young woman threatens to change everything.",2021,"Apr"
"s1112","Movie","Wild Child","Nick Moore","Emma Roberts, Kimberley Nixon, Juno Temple, Linzey Cocker, Sophie Wu, Alex Pettyfer, Georgia King, Natasha Richardson, Aidan Quinn, Lexi Ainsworth","United States, United Kingdom, France",2021-04-02,2008,"PG-13",98,"min","Comedies, Romantic Movies","Accustomed to getting her way, a wealthy teenage girl from Los Angeles is sent to a strict boarding school in England to clean up her act.",2021,"Apr"
"s1113","Movie","Woody Woodpecker","Alex Zamm","Timothy Omundson, Thaila Ayala, Eric Bauza, Graham Verchere, Jordana Largy, Scott McNeil, Adrian Glynn McMorran, Chelsea Miller, Sean Tyson","United States",2021-04-02,2017,"PG",91,"min","Children & Family Movies, Comedies","A rascally bird with a distinctive laugh pecks back with a vengeance when his forest habitat is threatened by a slick lawyer building his dream home.",2021,"Apr"
"s1114","Movie","2012","Roland Emmerich","John Cusack, Amanda Peet, Chiwetel Ejiofor, Thandie Newton, Oliver Platt, Tom McCarthy, Woody Harrelson, Danny Glover, Liam James, Morgan Lily","United States",2021-04-01,2009,"PG-13",158,"min","Action & Adventure, Sci-Fi & Fantasy","When a flood of natural disasters begins to destroy the world, a divorced dad desperately tries to save his family by outrunning the cataclysmic chaos.",2021,"Apr"
"s1115","Movie","3 Idiots","Rajkumar Hirani","Aamir Khan, Kareena Kapoor, Madhavan, Sharman Joshi, Omi Vaidya, Boman Irani, Mona Singh, Javed Jaffrey","India",2021-04-01,2009,"PG-13",164,"min","Comedies, Dramas, International Movies","While attending one of India's premier colleges, three miserable engineering students and best friends struggle to beat the school's draconian system.",2021,"Apr"
"s1116","Movie","Ferrari Ki Sawaari","Rajesh Mapuskar","Sharman Joshi, Boman Irani, Ritwik Sahore, Paresh Rawal, Deepak Shirke, Satyadeep Misra, Aakash Dabhade, Nilesh Diwekar, Vidya Balan","India",2021-04-01,2012,"TV-PG",133,"min","Comedies, International Movies, Sports Movies","A father winds up involved with a stolen Ferrari as he tries to acquire the money to send his son to the leading cricket academy.",2021,"Apr"
"s1119","Movie","Insidious","James Wan","Patrick Wilson, Rose Byrne, Lin Shaye, Ty Simpkins, Barbara Hershey, Leigh Whannell, Angus Sampson, Andrew Astor, Joseph Bishara","United States, Canada",2021-04-01,2010,"PG-13",103,"min","Horror Movies, Thrillers","A family moves into a new home, where their son falls into a coma and eerie events begin to reveal something far more sinister is lurking in the house.",2021,"Apr"
"s1120","Movie","Into the Grizzly Maze","David Hackl","James Marsden, Thomas Jane, Billy Bob Thornton, Piper Perabo, Scott Glenn, Michaela McManus, Adam Beach, Kelly Curran","United States, Canada",2021-04-01,2015,"R",90,"min","Action & Adventure, Horror Movies","Estranged brothers Beckett and Rowan reunite in the Alaskan wild to confront a savage grizzly bear wreaking havoc on their hometown.",2021,"Apr"
"s1121","Movie","Kingsglaive: Final Fantasy XV","Takeshi Nozue","Aaron Paul, Lena Headey, Sean Bean, Adrian Bouchet, Liam Mulvey, Alexa Kahn, Todd Haberkorn, John DeMita, David Gant, Darin De Paul","Japan, United States",2021-04-01,2016,"PG-13",116,"min","Action & Adventure, Sci-Fi & Fantasy","King Regis of Lucis orders his Kingsglaive warriors to stop the army of Niflheim before it invades and steals the crystal that gives Lucis its power.",2021,"Apr"
"s1122","Movie","Legally Blonde","Robert Luketic","Reese Witherspoon, Luke Wilson, Selma Blair, Matthew Davis, Victor Garber, Jennifer Coolidge","United States",2021-04-01,2001,"PG-13",96,"min","Comedies, Romantic Movies","When dazzling L.A. sorority girl Elle Woods gets dumped by her snobby boyfriend, she decides to win him back by following him to Harvard Law School.",2021,"Apr"
"s1123","Movie","Madam Chief Minister","Subhash Kapoor","Richa Chadda, Saurabh Shukla, Manav Kaul, Shubrajyoti Barat, Akshay Oberoi, Boloram Das, Nikhil Vijay, Raviza Chauhan","India",2021-04-01,2020,"TV-14",121,"min","Dramas, International Movies","Rising from disadvantage to become a state leader, a tenacious politician learns that with great power comes great responsibility, ruthlessness and risk.",2021,"Apr"
"s1125","Movie","Maximum Risk","Ringo Lam","Jean-Claude Van Damme, Natasha Henstridge, Jean-Hugues Anglade, Zach Grenier, Paul Ben-Victor, Frank Senger, Stéphane Audran","United States",2021-04-01,1996,"R",101,"min","Action & Adventure","After discovering he's a twin when a look-alike turns up dead, a French cop assumes his brother's identity to uncover the truth and seek vengeance.",2021,"Apr"
"s1127","Movie","My Fair Lady","George Cukor","Audrey Hepburn, Rex Harrison, Stanley Holloway, Wilfred Hyde-White, Gladys Cooper, Jeremy Brett, Theodore Bikel, Mona Washbourne, Isobel Elsom, John Holland, Alan Napier, Marni Nixon","United States",2021-04-01,1964,"G",173,"min","Classic Movies, Music & Musicals","When a Cockney flower girl takes elocution lessons from an aloof professor, he decides to introduce her to high society, transforming both their lives.",2021,"Apr"
"s1129","Movie","S.W.A.T.: Under Siege","Tony Giglio","Sam Jaeger, Michael Jai White, Adrianne Palicki, Ty Olsson, Kyra Zagorsky, Olivia Cheng, Lisa Chandler, Monique Ganderton, Matthew Marsden, Chris Gauthier","United States",2021-04-01,2017,"R",89,"min","Action & Adventure, International Movies","When a S.W.A.T. team takes in a mysterious, high-profile prisoner, international threats unleash a barrage of attacks on their compound to retrieve him.",2021,"Apr"
"s1132","Movie","Seven Souls in the Skull Castle: Season Flower","Hidenori Inoue","Shun Oguri, Koji Yamamoto, Songha, Ryo, Munetaka Aoki, Nana Seino, Yoshimasa Kondo, Arata Furuta","Japan",2021-04-01,2017,"TV-14",181,"min","Action & Adventure, Dramas, International Movies","Japan, 1590. Wandering samurai band together to take on the lord of Skull Castle in this “Flower” version of the bold show performed in a 360º theater.",2021,"Apr"
"s1134","Movie","Sniper: Ghost Shooter","Don Michael Paul","Chad Michael Collins, Billy Zane, Dennis Haysbert, Nick Gomez, Ravil Isyanov, Stephanie Vogt, Navid Negahban, Presciliana Esparolini, Enoch Frost","United States",2021-04-01,2016,"R",99,"min","Action & Adventure","Snipers ordered to protect a gas pipeline from terrorists suspect a security breach when they're targeted by a ghost shooter who knows their location.",2021,"Apr"
"s1135","Movie","Starship Troopers: Traitor of Mars","Shinji Aramaki, Masaru Matsumoto","Casper Van Dien, Dina Meyer, DeRay Davis, Justin Doran, Luci Christian, Emily Neves, Scott Gibbs, Juliet Simmons, Chris Gibson, Greg Ayres","United States, Japan",2021-04-01,2017,"R",88,"min","Action & Adventure, Sci-Fi & Fantasy","When a corrupt official plans to sabotage the planet Mars, it’s up to Rico and a group of fresh recruits to fend off a surprise bug attack on their own.",2021,"Apr"
"s1136","Movie","Takers","John Luessenhop","Matt Dillon, Paul Walker, Chris Brown, Idris Elba, Jay Hernandez, Hayden Christensen, Michael Ealy, T.I., Marianne Jean-Baptiste, Zoe Saldana, Steve Harris, Johnathon Schaech","United States",2021-04-01,2010,"PG-13",107,"min","Action & Adventure","An elite crew of bank robbers sets up a daring heist after a former associate persuades them to target an armored car that could be their biggest score.",2021,"Apr"
"s1137","Movie","Tersanjung the Movie","Hanung Bramantyo, Pandu Adjisurya","Clara Bernadeth, Giorgino Abraham, Kevin Ardilova, Nugie, Kinaryosih, Marthino Lio, Djenar Maesa Ayu, Ernanto Kusuma, Sacha Stevenson","Indonesia",2021-04-01,2021,"TV-14",114,"min","Dramas, International Movies, Romantic Movies","After growing up in a tumultuous household, Yura finds herself in a love triangle with two close friends as she faces a personal and financial crisis.",2021,"Apr"
"s1138","Movie","The Knight and the Princess","Bashir El Deek","Sedky Sakhr, Hashem El Garhy, Shahira Kamal, Aiemzy, Hani R. Eskander, Saif Abu-Kandil","Egypt, Saudi Arabia",2021-04-01,2019,"TV-PG",96,"min","Action & Adventure, International Movies, Music & Musicals","A fictional account of the heroic quests of a 7th-century knight, from rescuing hostages abducted by pirates in the Indian Sea to taking on a tyrant.",2021,"Apr"
"s1139","Movie","The Pianist","Roman Polański","Adrien Brody, Thomas Kretschmann, Frank Finlay, Maureen Lipman, Emilia Fox, Ed Stoppard, Julia Rayner, Jessica Kate Meyer, Ronan Vibert, Ruth Platt","United Kingdom, France, Poland, Germany, United States",2021-04-01,2002,"R",149,"min","Dramas, Independent Movies, International Movies","Famed Polish pianist Wladyslaw Szpilman struggles to survive the onslaught of Nazi tyranny during World War II in this drama based on his memoirs.",2021,"Apr"
"s1140","Movie","The Stepfather","Nelson McCormick","Dylan Walsh, Sela Ward, Penn Badgley, Amber Heard, Sherry Stringfield, Paige Turco, Jon Tenney, Nancy Linehan Charles, Marcuis Harris, Braeden Lemasters, Deirdre Lovejoy","United States",2021-04-01,2009,"PG-13",102,"min","Horror Movies, Thrillers","A series of mysterious events makes a teenager suspect that his mother's new boyfriend may be a dangerous serial killer known for preying on families.",2021,"Apr"
"s1141","Movie","Universal Soldier: The Return","Mic Rodgers","Jean-Claude Van Damme, Michael Jai White, Heidi Schanz, Xander Berkeley, Justin Lazard, Kiana Tom, Daniel von Bargen, James Black, Karis Paige Bryant, Bill Goldberg","United States",2021-04-01,1999,"R",83,"min","Action & Adventure","An ex-Universal Soldier working to design smarter cyborg warriors discovers that the supercomputer controlling the soldiers has a sinister agenda.",2021,"Apr"
"s1142","Movie","Wazir","Bejoy Nambiar","Amitabh Bachchan, Farhan Akhtar, Aditi Rao Hydari, Manav Kaul, Neil Nitin Mukesh, John Abraham","India",2021-04-01,2016,"TV-14",98,"min","Dramas, International Movies, Thrillers","Helping an amputee grandmaster settle the score for his tragic past, a grieving detective unravels a conspiracy more complicated than he imagined.",2021,"Apr"
"s1143","Movie","White Boy","Shawn Rech","Richard Wershe Jr.","United States",2021-04-01,2017,"TV-MA",83,"min","Documentaries","This true-crime documentary exposes new facts about alleged teen drug lord ""White Boy Rick"" and his lesser-known role as an FBI informant.",2021,"Apr"
"s1145","Movie","Yes Man","Peyton Reed","Jim Carrey, Zooey Deschanel, Bradley Cooper, John Michael Higgins, Rhys Darby, Danny Masterson, Fionnula Flanagan, Terence Stamp, Sasha Alexander, Molly Sims","United States, United Kingdom",2021-04-01,2008,"PG-13",104,"min","Comedies, Romantic Movies","After a bitter divorce, a loan officer falls under the sway of a self-help guru who urges him to say yes to everything that comes his way for a year.",2021,"Apr"
"s1146","Movie","At Eternity's Gate","Julian Schnabel","Willem Dafoe, Rupert Friend, Oscar Isaac, Mads Mikkelsen, Mathieu Amalric, Emmanuelle Seigner, Niels Arestrup, Anne Consigny, Amira Casar, Vincent Perez, Lolita Chammah, Stella Schnabel, Vladimir Consigny","Ireland, Switzerland, United Kingdom, France, United States",2021-03-31,2018,"PG-13",111,"min","Dramas","Wild artistic inspiration and emotional turmoil fill painter Vincent van Gogh's last years as he struggles to bring his unique vision to the world.",2021,"Mar"
"s1148","Movie","Not a Game","Jose Gomez","Brendon Mcdonnell","United Kingdom",2021-03-31,2020,"TV-MA",98,"min","Documentaries, International Movies, Sports Movies","This documentary offers an honest look at our fraught, complex relationship to video games from the perspectives of gamers and their concerned parents.",2021,"Mar"
"s1151","Movie","7 Yards: The Chris Norton Story","Jonathon Link","Chris Norton","United States",2021-03-30,2021,"TV-PG",93,"min","Documentaries","The true story of former college football player Chris Norton, who defied the odds after a devastating accident — with the woman he loves by his side.",2021,"Mar"
"s1152","Movie","Octonauts & the Ring of Fire","Blair Simmons","Simon Greenall, Rob Rackstraw, Jo Wyatt, Paul Buckley, Simon Foster, Teresa Gallagher, Richard Grieve, Michael Murphy, Paul Panting, Keith Wickham","China, United Kingdom",2021-03-30,2021,"TV-Y",73,"min","Children & Family Movies","When red-hot volcanoes start a chain reaction of disasters across the ocean, the Octonauts must work together to face their biggest challenge yet.",2021,"Mar"
"s1154","Movie","Mandela: Long Walk to Freedom","Justin Chadwick","Idris Elba, Naomie Harris, Tony Kgoroge, Riaad Moosa, Zolani Mkiva, Simo Mogwaza, Fana Mokoena, Thapelo Mokoena, Jamie Bartlett, Deon Lotz, Terry Pheto, Mark Elderkin","United Kingdom, South Africa, France",2021-03-29,2013,"PG-13",141,"min","Dramas, International Movies","This in-depth biopic portrays groundbreaking South African leader Nelson Mandela's fight against political oppression and virulent racism.",2021,"Mar"
"s1155","Movie","Lawless","John Hillcoat","Shia LaBeouf, Jessica Chastain, Jason Clarke, Guy Pearce, Lew Temple, Gary Oldman, Tim Tolin, Dane DeHaan, Mia Wasikowska, Chris McGarry, Tom Hardy","United States",2021-03-28,2012,"R",116,"min","Dramas","This true-to-life action saga profiles Virginia's bootlegging Bondurant brothers, whose exploits during the Prohibition era made them outlaw heroes.",2021,"Mar"
"s1157","Movie","A Week Away","Roman White","Kevin Quinn, Bailee Madison, Jahbril Cook, Kat Conner Sterling, Sherri Shepherd, David Koechner, Iain Tucker, Amy Grant","United States",2021-03-26,2021,"TV-PG",98,"min","Children & Family Movies, Faith & Spirituality, Music & Musicals","In this uplifting musical, a troubled teen takes a leap of faith by attending summer camp — and unexpectedly finds love, friends and a place to belong.",2021,"Mar"
"s1161","Movie","Croupier","Mike Hodges","Clive Owen, Kate Hardie, Alex Kingston, Gina McKee, Nicholas Ball, Nick Reding, Alexander Morton","Ireland, United Kingdom, France, Germany",2021-03-26,1998,"TV-MA",95,"min","Dramas, Independent Movies, Thrillers","A would-be writer lands a job as a croupier to make ends meet. But when he becomes involved with a gambler, he is lured into taking part in a heist.",2021,"Mar"
"s1163","Movie","Keeping the Bees","Eylem Kaftan","Meryem Uzerli, Feyyaz Duman, Hakan Karsak, Şennur Nogaylar, Burcu Salihoğlu","Turkey",2021-03-26,2020,"TV-14",93,"min","Dramas, International Movies","Ayşe returns from Germany to her Black Sea hometown and sets out to fulfill her mom's dying wish — to care for her beloved bee farms.",2021,"Mar"
"s1165","Movie","Ni de coña","Fernando Ayllón","Nathalie Seseña, Goyo Jiménez, José Juan Vaquero, Jordi Sánchez, Ricardo Quevedo, Carolina Noriega, Max Marieges, Kikín Fernández, Norma Nivia, Moi Camacho","Spain",2021-03-26,2020,"TV-MA",97,"min","Comedies, International Movies","Trying to fix their relationships, four couples attend a spiritual retreat at a Caribbean resort, where temptation and mishaps add problems to the mix.",2021,"Mar"
"s1166","Movie","Pagglait","Umesh Bist","Sanya Malhotra, Sayani Gupta, Ashutosh Rana, Raghuvir Yadav, Shruti Sharma, Sheeba Chaddha, Natasha Rastogi, Rajesh Tailang, Meghna Malik, Jameel Khan, Chetan Sharma, Ananya Khare, Bhupesh Pandya","India",2021-03-26,2021,"TV-PG",114,"min","Comedies, Dramas, International Movies","Widowed soon after marriage, a young woman grapples with an inability to grieve, quirky relatives and a startling discovery about her late husband.",2021,"Mar"
"s1168","Movie","Caught by a Wave","Massimiliano Camaiti","Elvira Camarrone, Christian Roberto, Donatella Finocchiaro, Corrado Invernizzi, Vincenzo Amato, Manuela Ventura, Rosalba Battaglia, Daniele Pilli","Italy",2021-03-25,2021,"TV-14",100,"min","Dramas, International Movies, Romantic Movies","After falling in love at a sailing summer camp in Sicily, reality comes crashing down on a teenage couple when a harsh truth prompts a pivotal decision.",2021,"Mar"
"s1171","Movie","Secret Magic Control Agency","Aleksey Tsitsilin","Nicholas Corda, Sylvana Joyce, Alyson Leigh Rosenfeld, Courtney Shaw, Erica Schroeder, Georgette Timoney, Mary O'Brady, Marc Thompson","Russia, United States",2021-03-25,2021,"TV-Y7",105,"min","Children & Family Movies, Comedies","Hansel and Gretel of fairy tale fame — now acting as secret agents — must use magic, clever thinking and teamwork on a mission to find a missing king.",2021,"Mar"
"s1173","Movie","Loyiso Gola: Unlearning","Kagiso Lediga","Loyiso Gola","South Africa",2021-03-23,2021,"TV-MA",60,"min","Stand-Up Comedy","South African comedian Loyiso Gola serves up filter-free humor as he riffs about race, identity, politics, and a school prank gone embarrassingly wrong!",2021,"Mar"
"s1174","Tv Show","Men on a Mission","Jung-ah Im","Ho-dong Kang, Soo-geun Lee, Sang-min Lee, Young-chul Kim, Jang-hoon Seo, Hee-chul Kim, Kyung-hoon Min","South Korea",2021-03-23,2021,"TV-14",6,"Seasons","International TV Shows, Korean TV Shows, Stand-Up Comedy & Talk Shows","Male celebs play make-believe as high schoolers, welcoming star transfer students every week and engaging in battles of witty humor and slapstick.",2021,"Mar"
"s1176","Movie","Philomena","Stephen Frears","Judi Dench, Steve Coogan, Sophie Kennedy Clark, Mare Winningham, Barbara Jefford, Ruth McCabe, Peter Hermann, Sean Mahon, Anna Maxwell Martin, Michelle Fairley, Kate Fleetwood","United Kingdom, United States, France",2021-03-22,2013,"PG-13",98,"min","Dramas, Independent Movies, International Movies","A kind-hearted Irishwoman teams with an acerbic journalist to find the son she was forced to give up for adoption 50 years ago.",2021,"Mar"
"s1177","Movie","Any Crybabies Around?","Takuma Sato","Taiga Nakano, Riho Yoshioka, Kanichiro, Takashi Yamanaka, Kimiko Yo, Toshiro Yanagiba","Japan",2021-03-20,2020,"TV-MA",108,"min","Dramas, International Movies","An immature young father in Akita becomes an outcast in his community after a media incident. Two years later he returns to ineptly try to make amends.",2021,"Mar"
"s1178","Movie","Hospital","Brody Chu","Lin Po-Hung, Tai Bo, Jacqueline Zhu, Lei Hong, Hsu Lichi, Yoko Young, Samuel Gu, Eunice Lin","Taiwan",2021-03-20,2020,"TV-MA",90,"min","Horror Movies, International Movies","In an abandoned hospital in Tainan, visitors seeking to communicate with their relatives' spirits are haunted by disturbing, supernatural occurrences.",2021,"Mar"
"s1179","Movie","Jiu Jitsu","Dimitri Logothetis","Alain Moussi, Nicolas Cage, Tony Jaa, Rick Yune, Frank Grillo, Marie Avgeropoulos, JuJu Chan, Ryan Tarran, Eddie Steeples, Raymond Pinharry, Mary Makariou","United States",2021-03-20,2020,"R",102,"min","Action & Adventure","After the defeat of a celebrated war hero, an ancient order of fighters battles powerful space invaders as the fate of humanity hangs in the balance.",2021,"Mar"
"s1185","Movie","The Yin Yang Master","Li Weiran","Chen Kun, Zhou Xun, Qu Chuxiao, Shen Yue, William Chan Wai-ting, Wang Likun, Cici Wang","China",2021-03-19,2021,"TV-14",120,"min","Action & Adventure, International Movies","A feud erupts between realms, and Yin Yang master Qing Ming teams up with disgraced guard Yuan Boya to vanquish a demonic threat as a conspiracy looms.",2021,"Mar"
"s1186","Movie","Who's the Boss","Chinaza Onuzo","Funke Akindele, Blossom Chukwujekwu, Sharon Ooja, Ini Dima-Okojie, Segun Arinze, Bolly Lomo, Beverly Osu, Tayo Faniran","Nigeria",2021-03-19,2020,"TV-MA",106,"min","Comedies, International Movies, Romantic Movies","A young, overworked ad executive with an overbearing boss starts her own side hustle and invents an employer once her business begins to flourish.",2021,"Mar"
"s1188","Movie","Deadly Illusions","Anna Elizabeth James","Kristin Davis, Dermot Mulroney, Greer Grammer, Shanola Hampton, Marie Wagenman, Shylo Molina, Abella Bala, Shaun Wu","United States",2021-03-18,2021,"R",115,"min","Thrillers","After a bestselling novelist suffering from writer's block hires a new nanny for her children, the line between fiction and reality starts to blur.",2021,"Mar"
"s1189","Movie","Get the Goat","Vitor Brandt","Matheus Nachtergaele, Edmilson Filho, Letícia Lima, Leandro Ramos, Evelyn Castro, Valéria Vitoriano, Victor Allen, Renan Medeiros, Eyrio Okura, Jéssica Tamochunas, Marcondes Falcão, Juliano Cazarré","Brazil",2021-03-18,2021,"TV-14",98,"min","Action & Adventure, Comedies, International Movies","Two hapless cops find themselves in over their heads as they cross paths with dangerous criminals while searching for Celestina, a beloved goat mascot.",2021,"Mar"
"s1190","Movie","Nate Bargatze: The Greatest Average American","Troy Miller","Nate Bargatze","United States",2021-03-18,2021,"TV-G",60,"min","Stand-Up Comedy","Nate Bargatze touches on Zoom comedy shows, losing his phone, hotel breakfast fails, animal caddies, new math and much more in this special.",2021,"Mar"
"s1191","Movie","Skylines","Liam O'Donnell","Lindsey Morgan, Jonathan Howard, Daniel Bernhardt, Rhona Mitra, James Cosmo, Yayan Ruhian, Alexander Siddig, Cha-Lee Yoon, Ieva Andrejevaite, Jeremy Fitzgerald","United Kingdom, United States",2021-03-18,2020,"R",113,"min","Action & Adventure","When a mysterious alien virus begins to endanger humanity, an elite team of soldiers launches into space to end the threat for good.",2021,"Mar"
"s1192","Movie","The Fluffy Movie","Manny Rodriguez, Jay Lavender","Gabriel Iglesias","United States",2021-03-18,2014,"PG-13",101,"min","Stand-Up Comedy","Comedian Gabriel Iglesias takes the stage in San Jose, California, for a stand-up performance featuring wild stories and even wilder impersonations.",2021,"Mar"
"s1193","Movie","The Present","Farah Nabulsi","Saleh Bakri, Maryam Kanj, Maryam Kamiel Basha, Ameer Khlawe, Ala' Hanani, Malak Abu Ghraibeh, Karam Elayyan, Leila Mouammar, Angie Saba","United Kingdom,",2021-03-18,2020,"TV-MA",24,"min","Dramas, International Movies","Yusuf and his daughter set out to buy his wife an anniversary gift, a gesture demanding much patience and negotiation skills in the West Bank.",2021,"Mar"
"s1195","Movie","Catch.er","Walter Taylaur","OC Ukeje, Blossom Chukwujekwu, Alexx Ekubo, Beverly Naya, Tope Tedela, Gbenro Ajibade, Omowunmi Dada, Kiki Omeili, Wofai Fada","Nigeria",2021-03-17,2017,"TV-14",80,"min","Dramas, International Movies, Thrillers","A man becomes the prime suspect in his wife's murder, but the police investigation soon widens to other potential culprits with hidden motives.",2021,"Mar"
"s1196","Movie","Operation Varsity Blues: The College Admissions Scandal","Chris Smith","Matthew Modine","United States",2021-03-17,2021,"R",100,"min","Documentaries","Reenactments drive this documentary investigating the mastermind behind a scam to get the kids of rich and famous families into top US universities.",2021,"Mar"
"s1198","Movie","Get on Up","Tate Taylor","Chadwick Boseman, Nelsan Ellis, Dan Aykroyd, Viola Davis, Lennie James, Fred Melamed, Craig Robinson, Jill Scott, Octavia Spencer, Jacinte Blankenship","United Kingdom, United States",2021-03-16,2014,"PG-13",139,"min","Dramas, Music & Musicals","Music legend James Brown makes a turbulent journey from humble origins to superstardom as the Godfather of Soul in this biopic starring Chadwick Boseman.",2021,"Mar"
"s1199","Movie","RebellComedy: Straight Outta the Zoo","Ladislaus Kiraly","Khalid Bounouar, Alain Frei, Babak Ghassim, Benaissa Lamroubal, Salim Samatou, Hany Siam, Ususmango, DJ Wati","Germany",2021-03-16,2021,"TV-MA",74,"min","Stand-Up Comedy","The comics of RebellComedy take the stage and tackle mistaken identities, geriatric influencers, our flawed perceptions of animals and more.",2021,"Mar"
"s1200","Movie","Savages","Oliver Stone","Taylor Kitsch, Aaron Taylor-Johnson, Blake Lively, John Travolta, Benicio Del Toro, Salma Hayek, Demián Bichir, Sandra Echeverría, Emile Hirsch, Joaquín Cosío, Ali Wong","United States",2021-03-16,2012,"R",131,"min","Dramas, Thrillers","With the help of a shady DEA agent, two weed entrepreneurs take on a merciless cartel leader who wants in on their business and kidnaps their lover.",2021,"Mar"
"s1203","Movie","C/O Kaadhal","Hemambar Jasti","Deepann, Vetri, Mumtaz Sorcar, Ayra, Karthik Rathnam, Sonia Giri, Nishesh, Shwetha","India",2021-03-15,2021,"TV-14",131,"min","Dramas, International Movies, Romantic Movies","Cutting across conventions and expectations, four brave love stories blossom in this Tamil remake of the 2018 Telugu film ""Care of Kancharapalem.”",2021,"Mar"
"s1204","Movie","The BFG","Steven Spielberg","Mark Rylance, Ruby Barnhill, Penelope Wilton, Jemaine Clement, Rebecca Hall, Rafe Spall, Bill Hader, Ólafur Darri Ólafsson, Adam Godley, Michael Adamthwaite, Daniel Bacon, Jonathan Holmes, Chris Gibbs, Paul Moniz de Sa","United States, India, United Kingdom",2021-03-15,2016,"PG",118,"min","Children & Family Movies, Dramas","A little orphan meets up with a kind giant who's supposed to eat her but instead protects her from some truly horrible giants who terrorize them both.",2021,"Mar"
"s1209","Movie","Çarsi Pazar","Muharrem Gülmez","Erdem Yener, Ayhan Taş, Emin Olcay, Muharrem Gülmez, Elif Nur Kerkük, Tarık Papuççuoğlu, Suzan Aksoy, Doğa Konakoğlu, Esin Eden, Deniz Özerman","Turkey",2021-03-12,2015,"TV-MA",97,"min","Comedies, International Movies","The slacker owner of a public bath house rallies his community to save it when a big developer comes to town to close it down and open a new mall.",2021,"Mar"
"s1210","Movie","Just In Time","Dolapo Adeleke","Sarah Hassan, Stycie Waweru, Mawuli Gavor, Pierra Makena, Eve D'Souza, Christabel Jazz Mistri, Martin Githinji, Lydia Gitachu, Kagwe Mungai, Blessing Lung'Aho","Kenya",2021-03-12,2020,"TV-G",92,"min","Comedies, Dramas, International Movies","A meticulous clerk for a bookstore that has just been shuttered suddenly finds herself taking care of her cousin's witty 11-year-old daughter.",2021,"Mar"
"s1212","Movie","Mucize","Mahsun Kırmızıgül","Talat Bulut, Mert Turak, Mahsun Kırmızıgül, Erdem Yener, Erol Demiröz, Ali Sürmeli, Meral Çetinkaya, Büşra Pekin","Turkey",2021-03-12,2015,"TV-14",136,"min","Dramas, International Movies","Sent away from his family to a remote mountain town, teacher Mahir helps the villagers build a school – and inspires a path to hope for them all.",2021,"Mar"
"s1213","Movie","Paper Lives","Can Ulkay","Çağatay Ulusoy, Emir Ali Doğrul, Ersin Arıcı, Turgay Tanülkü, Selen Öztürk, Osman İskender Bayer, Tomris Çetinel, Volkan Çalışkan, Mehmet Bahattin Genç, Okşan Büyük","Turkey",2021-03-12,2021,"TV-MA",97,"min","Dramas, International Movies","In the streets of Istanbul, ailing waste warehouse worker Mehmet takes a small boy under his wing and must soon confront his own traumatic childhood.",2021,"Mar"
"s1216","Movie","Romantik Komedi","Ketche","Sedef Avcı, Cemal Hünal, Begüm Kütük, Engin Altan Düzyatan, Sinem Kobal, Gürgen Öz, Burcu Kara, Kubilay Penbeklioğlu","Turkey",2021-03-12,2010,"TV-MA",110,"min","Comedies, International Movies, Romantic Movies","Bored with her life and inspired by a friend's wedding, Esra quits her job and dumps her boyfriend, leading to a series of romantic misadventures.",2021,"Mar"
"s1217","Movie","Romantik Komedi 2: Bekarlığa Veda","Erol Özlevi","Sinem Kobal, Engin Altan Düzyatan, Sedef Avcı, Cemal Hünal, Burcu Kara, Gürgen Öz, Öykü Çelik, Gökçe Özyol","Turkey",2021-03-12,2013,"TV-MA",105,"min","Comedies, International Movies, Romantic Movies","Didem tries everything to get actor Cem to propose to her, but he's got other things on his mind: a beautiful new co-star and a secret bachelor party.",2021,"Mar"
"s1219","Movie","YES DAY","Miguel Arteta","Jennifer Garner, Edgar Ramírez, Jenna Ortega, Julian Lerner, Everly Carganilla, Tracie Thoms, Fortune Feimster, Nat Faxon, Arturo Castro","United States",2021-03-12,2021,"PG",90,"min","Children & Family Movies, Comedies","A mom and dad who usually say no decide to say yes to their kids' wildest requests — with a few ground rules — on a whirlwind day of fun and adventure.",2021,"Mar"
"s1220","Movie","You're Everything To Me","Tolga Örnek","Tolga Çevik, Cengiz Bozkurt, Melis Birkan, Tuna Çevik","Turkey",2021-03-12,2016,"TV-PG",107,"min","Comedies, Dramas, Independent Movies","When an old fling shows up with their infant child, a dallying man-child must take on the role of father and create a fairytale world for his daughter.",2021,"Mar"
"s1221","Movie","Coven of Sisters","Pablo Agüero","Alex Brendemühl, Amaia Aberasturi, Daniel Fanego, Garazi Urkola, Yune Nogueiras, Jone Laspiur, Irati Saez de Urabain, Lorea Ibarra","Spain, Argentina",2021-03-11,2021,"TV-MA",92,"min","Dramas, Independent Movies, International Movies","Basque Country, 1609. To postpone their execution, a group of women accused of witchcraft lure their inquisitor into witnessing the witches' Sabbath.",2021,"Mar"
"s1222","Movie","Generasi 90an: Melankolia","Mohammad Irfan Ramly","Ari Irham, Aghniny Haque, Taskya Namya, Marcella Zalianty, Gunawan Sudrajat, Jennifer Coppen","Indonesia",2021-03-11,2020,"TV-14",94,"min","Dramas, International Movies","After the devastating loss of a loved one, Abby forms a bond with his sister's best friend as he struggles to move on.",2021,"Mar"
"s1223","Movie","The Block Island Sound","Kevin McManus, Matthew McManus","Chris Sheffield, Michaela McManus, Neville Archambault, Ryan O'Flanagan, Matilda Lawler, Jim Cummings, Jeremy Holm, Heidi Niedermeyer, Willie C. Carpenter, Matthew Lawler","United States",2021-03-11,2020,"TV-MA",99,"min","Horror Movies, Independent Movies","On an island, a fisherman's family faces horrors and dark truths when an ominous force begins killing the wildlife and puts their own lives in danger.",2021,"Mar"
"s1224","Tv Show","Dealer","Ange Basterga, Nicolas Lopez","Abdramane Diakité, Mohamed Boudouh, Sébastien Houbani, Idir Azougli, Julien Meurice, Abdillah Assoumani, Jean-Toussaint Bernard, Romain Vissol","France",2021-03-10,2021,"TV-MA",1,"Season","Crime TV Shows, International TV Shows, TV Action & Adventure","Tensions erupt when two filmmakers infiltrate an area ruled by gangs to shoot a music video for a rapper in this gritty found-footage series.",2021,"Mar"
"s1229","Movie","Bombay Rose","Gitanjali Rao","Cyli Khare, Gargi Shitole, Amardeep Jha, Amit Deondi, Makrand Deshpande, Virendra Saxena, Shishir Sharma","India, United Kingdom, France, Qatar",2021-03-08,2021,"PG-13",97,"min","Dramas, Independent Movies, International Movies","Amidst the bustle of a magnetic and multifaceted city, the budding love between two dreamers is tested.",2021,"Mar"
"s1231","Movie","Aelay","Halitha Shameem","P. Samuthirakani, Manikandan, Madhumathi Padmanathan, Akalyadevi B., S I Neelambari","India",2021-03-05,2021,"TV-14",151,"min","Comedies, Dramas, Independent Movies","A son stoically returns to his village upon his father’s death, recalling their chilly dynamic before a bizarre event disrupts his visit.",2021,"Mar"
"s1233","Movie","Dogwashers","Carlos Moreno","Christian Tappan, Anderson Ballesteros, John Álex Toro, Ulises González, Leonor López, Hector Mauricio Mejia, Johnnie Castillo, Isabella Licht Delgado, Marlon Pérez Cruz, Kevin Andrés Muñoz","Colombia",2021-03-05,2021,"TV-MA",108,"min","Comedies, Dramas, International Movies","When a narco past his prime refuses to pay a debt to an upstart, only a secret stash of money can save his men. But guess what the gardener just found?",2021,"Mar"
"s1234","Movie","Fate of Alakada","Kayode Kasum","Toyin Abraham, Broda Shaggi, Calabar Chic, Munirat Antoinette Lecky, Khafi Kareem, Bukola Oshibowale, Adebimpe Akintunde, Temisan Emmanuel, Olaniyi Afonja, Sydney Egere","Nigeria",2021-03-05,2020,"TV-14",113,"min","Comedies, International Movies","Faking her way through any situation, a social media influencer poses as an event planner and is tasked with throwing an extravagant, star-studded bash.",2021,"Mar"
"s1237","Movie","Sentinelle","Julien Leclercq","Olga Kurylenko, Marilyn Lima, Michel Nabokoff, Martin Swabey, Carole Weyers, Andrey Gorlenko, Antonia Malinova, Gabriel Almaer, Blaise Afonso, Guillaume Duhesme, Michel Biel","France",2021-03-05,2021,"TV-MA",81,"min","Action & Adventure, Dramas, International Movies","Transferred home after a traumatizing combat mission, a highly trained French soldier uses her lethal skills to hunt down the man who hurt her sister.",2021,"Mar"
"s1238","Movie","Mariposa","Fajar Bustomi","Adhisty Zara, Angga Yunanda, Dannia Salsabila, Abun Sungkar, Junior Roberts, Syakir Daulay, Ariyo Wahab, Ersa Mayori, Baim Wong, Irgi Fahrezi","Indonesia",2021-03-04,2020,"TV-14",116,"min","Comedies, International Movies, Romantic Movies","New student Acha falls for Iqbal, a high-achieving student who's torn between love and family pressure.",2021,"Mar"
"s1240","Movie","Parker","Taylor Hackford","Jason Statham, Jennifer Lopez, Michael Chiklis, Wendell Pierce, Clifton Collins Jr., Bobby Cannavale, Patti LuPone, Carlos Carrasco, Micah Hauptman, Emma Booth, Nick Nolte","United States",2021-03-04,2013,"R",119,"min","Action & Adventure","Parker is a thief – but he has scruples. So when his crew double-crosses him, Parker teams up with an unlikely partner to even the score.",2021,"Mar"
"s1241","Movie","Safe Haven","Lasse Hallström","Josh Duhamel, Julianne Hough, Cobie Smulders, David Lyons, Noah Lomax, Mimi Kirkland","United States",2021-03-04,2013,"PG-13",116,"min","Dramas, Romantic Movies","When a mysterious woman arrives in a small North Carolina town, she begins a new life but remains haunted by a terrifying secret.",2021,"Mar"
"s1242","Movie","Moxie","Amy Poehler","Hadley Robinson, Lauren Tsai, Patrick Schwarzenegger, Nico Hiraga, Sydney Park, Josephine Langford, Clark Gregg, Josie Totah, Alycia  Pascual-Peña, Anjelika Washington, Charlie Hall, Sabrina Haskett, Ike Barinholtz, Amy Poehler, Marcia Gay Harden","United States",2021-03-03,2021,"PG-13",112,"min","Comedies, Dramas, Music & Musicals","Inspired by her mom's rebellious past and a confident new friend, a shy 16-year-old publishes an anonymous zine calling out sexism at her school.",2021,"Mar"
"s1244","Movie","Black or White","Mike Binder","Kevin Costner, Octavia Spencer, Jillian Estell, Bill Burr, Mpho Koaho, Anthony Mackie, Jennifer Ehle, André Holland, Gillian Jacobs, Paula Newsome","United States",2021-03-02,2014,"PG-13",121,"min","Dramas","A widowed lawyer struggles to retain custody of his biracial granddaughter when the girl's paternal grandmother questions his competence.",2021,"Mar"
"s1245","Movie","Indoo Ki Jawani","Abir Sengupta","Kiara Advani, Aditya Seal, Mallika Dua, Rakesh Bedi, Rajendra Sethi, Chittaranjan Tripathi, Rajesh Jais, Alka Badola Kaushal","India",2021-03-02,2020,"TV-14",115,"min","Action & Adventure, Comedies, International Movies","A spirited but naive young woman seeks a one-night stand, but after discovering her date’s real identity, things quickly go from casual to complicated.",2021,"Mar"
"s1249","Movie","Biggie: I Got a Story to Tell","Emmett Malloy","The Notorious B.I.G., Sean ""P. Diddy"" Combs","United States",2021-03-01,2021,"R",98,"min","Documentaries, Music & Musicals","Featuring rare footage and in-depth interviews, this documentary celebrates the life of The Notorious B.I.G. on his journey from hustler to rap king.",2021,"Mar"
"s1252","Movie","Dances with Wolves","Kevin Costner","Kevin Costner, Mary McDonnell, Rodney Grant, Graham Greene, Floyd ""Red Crow"" Westerman, Tantoo Cardinal, Robert Pastorelli, Charles Rocket, Maury Chaykin, Jimmy Herman","United States, United Kingdom",2021-03-01,1990,"PG-13",181,"min","Action & Adventure, Classic Movies, Dramas","On the frontier, a Civil War soldier bonds with a Sioux tribe and adapts to their way of life, becoming their ally amid growing threats.",2021,"Mar"
"s1253","Movie","How to Be Really Bad","Marco Petry","Emma Bading, Janina Fautz, Ludwig Simon, Samuel Finzi, Emilio Sakraya, Oliver Korittke, Alwara Höfels, Matilda Marz, Amina Merai, Johann von Bülow, Axel Stein, Theo Trebs","Germany",2021-03-01,2018,"TV-14",100,"min","Comedies, International Movies","The devil's sassy (and bored) daughter makes a deal with her dad: If she can turn a good person evil, she gets to ditch hell and stay on Earth.",2021,"Mar"
"s1254","Movie","LEGO Marvel Spider-Man: Vexed by Venom","Andrew Duncan, Ken Cunningham","Robbie Daymond, Ben Pronsky, Josh Keaton, Tara Strong, Jennifer Hale, Laura Bailey","United States",2021-03-01,2019,"TV-Y",22,"min","Children & Family Movies, Comedies","When Green Goblin and Venom team up for a disastrous scheme, Spider-Man calls in a wall-crawling ally and must rely on his Spidey senses to stop them.",2021,"Mar"
"s1255","Movie","Rain Man","Barry Levinson","Dustin Hoffman, Tom Cruise, Valeria Golino, Gerald R. Molen, Jack Murdock, Michael D. Roberts, Ralph Seymour, Lucinda Jenney, Bonnie Hunt","United States",2021-03-01,1988,"R",134,"min","Classic Movies, Dramas","Motivated by money, a selfish workaholic seeking a piece of his late father's inheritance takes a life-changing road trip with his estranged brother.",2021,"Mar"
"s1257","Movie","Tenacious D in The Pick of Destiny","Liam Lynch","Jack Black, Kyle Gass, JR Reed, Troy Gentile, Ronnie James Dio, Paul F. Tompkins, Ned Bellamy, Fred Armisen, Kirk Ward, Amy Poehler, Tim Robbins, Dave Grohl, Ben Stiller","United States, Germany",2021-03-01,2006,"R",94,"min","Comedies, Cult Movies, Music & Musicals","Dreaming of being a rock god, Midwesterner JB heads to California, where he crosses paths with idler KG – giving rise to the musical duo Tenacious D.",2021,"Mar"
"s1259","Movie","Bigfoot Family","Jérémie Degruson, Ben Stassen","Jules Wojciechowski, Roger Craig Smith, Grant George, David Lodge, Lindsey Alena, Sandy Fox, Joey Lotsko","Belgium, France",2021-02-26,2021,"TV-Y7",88,"min","Children & Family Movies, Comedies","Bigfoot’s now a big deal. So when he goes missing, his shy but tech-savvy teen son must take on an evil CEO to save his family and a wildlife preserve.",2021,"Feb"
"s1260","Movie","Captain Fantastic","Matt Ross","Viggo Mortensen, Frank Langella, George MacKay, Samantha Isler, Annalise Basso, Nicholas Hamilton, Shree Crooks, Charlie Shotwell, Ann Dowd, Erin Moriarty, Missi Pyle, Kathryn Hahn, Steve Zahn","United States",2021-02-26,2016,"R",119,"min","Comedies, Dramas, Independent Movies","A father raising his children off the grid begins to question his anti-establishment, utopian views when a tragic loss pulls them back into society.",2021,"Feb"
"s1261","Movie","Crazy About Her","Dani de la Orden","Álvaro Cervantes, Susana Abaitua, Luis Zahera, Clara Segura, Aixa Villagrán, Paula Malia, Nil Cardoner, Txell Aixendri, Alberto San Juan","Spain",2021-02-26,2021,"TV-MA",107,"min","Comedies, International Movies, Romantic Movies","After spending a wild night together, Adri discovers the only way to see Carla again is to become a patient at the psychiatric center where she resides.",2021,"Feb"
"s1262","Movie","Fuga","Pablo Larraín","Benjamín Vicuña, Gastón Pauls, Alfredo Castro, Francisca Imboden, Héctor Noguera, María Izquierdo, Willy Semler, Alejandro Trejo, Mateo Iribarren, Marcial Tagle, Paulina Urrutia","Argentina, Chile",2021-02-26,2006,"TV-MA",112,"min","Dramas, Independent Movies, International Movies","A struggling music student discovers and tries to complete an unfinished symphony begun by a famous composer, whose career was ended by a past trauma.",2021,"Feb"
"s1264","Movie","No Escape","John Erick Dowdle","Owen Wilson, Lake Bell, Pierce Brosnan, Sterling Jerins, Claire Geare, Thanawut Ketsaro, Chatchawai Kamonsakpitak, Sahajak Boonthanakit","United States, Thailand",2021-02-26,2015,"R",103,"min","Action & Adventure","Soon after relocating to Southeast Asia, an American family lands in the midst of a violent coup that could cost them their lives.",2021,"Feb"
"s1265","Movie","Our Idiot Brother","Jesse Peretz","Paul Rudd, Elizabeth Banks, Zooey Deschanel, Emily Mortimer, Kathryn Hahn, Steve Coogan, Rashida Jones, Hugh Dancy, Shirley Knight, Adam Scott, T.J. Miller","United States",2021-02-26,2011,"R",90,"min","Comedies, Dramas, Independent Movies","A seemingly clueless idealist relies on his exasperated sisters for shelter and support after his girlfriend dumps him and his dog is taken away.",2021,"Feb"
"s1266","Movie","The Girl on the Train","Ribhu Dasgupta","Parineeti Chopra, Aditi Rao Hydari, Kirti Kulhari, Avinash Tiwary, Tota Roy Chowdhury","India",2021-02-26,2021,"TV-MA",120,"min","International Movies, Thrillers","A troubled divorcée fixates on a seemingly ideal couple from afar until a shocking observation sends her spiraling straight into a knotty murder case.",2021,"Feb"
"s1267","Movie","Tony Manero","Pablo Larraín","Alfredo Castro, Paola Lattus, Héctor Morales, Amparo Noguera, Elsa Poblete","Chile, Brazil",2021-02-26,2008,"TV-MA",97,"min","Dramas, Independent Movies, International Movies","Amid the violence of Pinochet's reign in 1978 Chile, emotionally dead Raúl finds escape in his obsession over the protagonist in ""Saturday Night Fever.""",2021,"Feb"
"s1268","Movie","Who Am I","Baran bo Odar","Tom Schilling, Elyas M'Barek, Wotan Wilke Möhring, Antoine Monot Jr., Hannah Herzsprung, Stephan Kampwirth, Trine Dyrholm, Leopold Hornung, Leonard Carow","Germany",2021-02-26,2014,"TV-MA",102,"min","International Movies, Thrillers","After his compatriots are murdered by Russian gangsters, a hacker confesses the history of his elite, fame-seeking group to a Europol investigator.",2021,"Feb"
"s1270","Movie","Geez & Ann","Rizki Balki","Hanggini, Junior Roberts, Roy Sungkono, Shenina Cinnamon, Ashira Zamita, Amel Carla, Davina Karamoy, Naimma Aljufri, Andi Viola, Jasmine Elfira Burhan, Kezia Aletheia, Dewi Rezer, Ersa Mayori, Indra Brasco, Bobby Samuel, Ady Sky, Farhan Rasyid","Indonesia",2021-02-25,2021,"TV-PG",106,"min","Dramas, International Movies, Romantic Movies","After falling for Geez, a heartthrob at school, Ann must confront family opposition, heartache and deception as their romance struggles.",2021,"Feb"
"s1274","Movie","Blue, Painful, Fragile","Shunsuke Kariyama","Ryo Yoshizawa, Hana Sugisaki, Amane Okayama, Honoka Matsumoto, Hiroya Shimizu, Nana Mori, Mizuki Kayashima, Ken Mitsuishi, Tasuku Emoto","Japan",2021-02-24,2020,"TV-14",119,"min","International Movies, Thrillers","Kaede and Hisano form a club to change the world. When Hisano vanishes, Kaede throws himself into bringing the club back to its idealistic roots.",2021,"Feb"
"s1279","Movie","Brian Regan: On the Rocks","Troy Miller","Brian Regan","United States",2021-02-23,2021,"TV-G",58,"min","Stand-Up Comedy","Brian Regan tackles the big issues weighing on him, including aging, time, obsessive behavior, backpacks on airplanes, ungrateful horses and raisins.",2021,"Feb"
"s1282","Movie","Red","Tirumala Kishore","Ram Pothineni, Nivetha Pethuraj, Malvika Sharma, Amritha Aiyer, Sampath Raj","India",2021-02-23,2021,"TV-14",143,"min","Dramas, International Movies","A murder investigation leads police to a photo of a suspect, but when two men are found with faces that match the picture, the case gets doubly tricky.",2021,"Feb"
"s1284","Movie","The Conjuring","James Wan","Vera Farmiga, Patrick Wilson, Lili Taylor, Ron Livingston, Shanley Caswell, Hayley McFarland, Joey King, Mackenzie Foy, Kyla Deaver, Shannon Kook","United States",2021-02-21,2013,"R",112,"min","Horror Movies, Thrillers","When a family starts experiencing supernatural terrors after moving into a Rhode Island farmhouse, they seek the help of a pair of noted demonologists.",2021,"Feb"
"s1285","Movie","The Conjuring 2","James Wan","Patrick Wilson, Vera Farmiga, Madison Wolfe, Frances O'Connor, Lauren Esposito, Benjamin Haigh, Patrick McAuley, Simon McBurney, Maria Doyle Kennedy, Simon Delaney, Franka Potente","Canada, United States, United Kingdom",2021-02-21,2016,"R",134,"min","Horror Movies","After her daughter unwittingly releases a malevolent spirit in their house in London, a woman enlists the Warrens' help to confront the evil presence.",2021,"Feb"
"s1287","Movie","Classmates Minus","Huang Hsin-Yao","Shih Ming-shuai, Cheng Jen-shuo, Nadow Lin, Liu Kuan-ting, Chen Yi-wen, Lotus Wang, Ada Pan, Hung Shiao-ling, Jacqueline Zhu, Evelyn Zheng Yu-tong","Taiwan",2021-02-20,2020,"TV-MA",123,"min","Comedies, Dramas, Independent Movies","Four school buddies — a director, a temp worker, an insurance salesman and a paper craftsman — grapple with unfulfilled dreams amid middle age ennui.",2021,"Feb"
"s1289","Movie","Operation Finale","Chris Weitz","Oscar Isaac, Ben Kingsley, Lior Raz, Mélanie Laurent, Nick Kroll, Joe Alwyn, Haley Lu Richardson, Michael Aronov, Peter Strauss, Ohad Knoller, Torben Liebrecht, Greta Scacchi, Pepe Rapazote","United States",2021-02-20,2018,"PG-13",123,"min","Dramas, Thrillers","In 1960, Israeli spies undertake a daring mission to capture notorious Nazi war criminal Adolf Eichmann and bring him to justice. Based on real events.",2021,"Feb"
"s1291","Movie","I Care a Lot","J Blakeson","Rosamund Pike, Peter Dinklage, Eiza González, Dianne Wiest, Chris Messina, Isiah Whitlock Jr., Macon Blair, Alicia Witt, Damian Young","United Kingdom, United States",2021-02-19,2021,"R",118,"min","Comedies, LGBTQ Movies, Thrillers","A court-appointed legal guardian defrauds her older clients and traps them under her care. But her latest mark comes with some unexpected baggage.",2021,"Feb"
"s1292","Movie","Love","Khalid Rahman","Shine Tom Chacko, Rajisha Vijayan, Gokulan, Sudhi Koppa, Veena Nandakumar, Johny Antony","India",2021-02-19,2020,"TV-14",91,"min","Dramas, Independent Movies, International Movies","The troubling inner workings of a toxic marriage reveal themselves in surprising ways after one of the couple’s feuds spins out of control.",2021,"Feb"
"s1294","Tv Show","Pitta Kathalu","Tharun Bhascker Dhaassyam, B. V. Nandini Reddy, Nag Ashwin, Sankalp Reddy","Manchu Lakshmi, Saanve Megghana, Naveen Kumar, Jagapathi Babu, Amala Paul, Aswin Kakamanu, Shruthi Haasan, Sanjith Hegde, Sangeeth Shoban, Anish Kuruvilla, Uko, Dayanand Reddy, Thanmayi, Satya Dev, Eesha Rebba, Srinivas Avasarala, Ashima Narwal","India",2021-02-19,2021,"TV-MA",1,"Season","International TV Shows, TV Dramas","From secrets and lies to jealousy and control, four stories in this anthology film explore the darker, deceptive sides of love.",2021,"Feb"
"s1296","Movie","Eeb Allay Ooo!","Prateek Vats","Shardul Bhardwaj, Nutan Sinha, Shashi Bhushan, Mahinder Nath, Nitin Goel, Naina Sareen","India",2021-02-18,2019,"TV-MA",97,"min","Comedies, Dramas, Independent Movies","Hired as a monkey repeller upon moving to Delhi, a young man struggles to find his footing in his unenviable job and his place in the unforgiving world.",2021,"Feb"
"s1298","Movie","No Escape Room","Alex Merkin","Jeni Ross, Mark Ghanimé, Hamza Haq, Kathyrn Davis, Dennis Andres, Brianna Barnes","United States",2021-02-18,2018,"TV-14",85,"min","Horror Movies","A lighthearted bonding opportunity takes a dark and decidedly dangerous turn when a father and daughter try out an escape room in a small town.",2021,"Feb"
"s1305","Movie","Animals on the Loose: A You vs. Wild Movie","Ben Simms","Bear Grylls","United States",2021-02-16,2021,"TV-PG",139,"min","Children & Family Movies","When wild animals escape from a sanctuary, Bear Grylls — and you — must pursue them and secure their protective habitat. An interactive special.",2021,"Feb"
"s1306","Movie","Awara Paagal Deewana","Vikram Bhatt","Akshay Kumar, Sunil Shetty, Aftab Shivdasani, Preeti Jhangiani, Amrita Arora, Aarti Chhabria, Paresh Rawal, Johny Lever, Rahul Dev, Supriya Pilgaonkar","India",2021-02-16,2002,"TV-14",162,"min","Action & Adventure, Comedies, Dramas","A dentist unwittingly becomes caught in the madcap fight between two criminal brothers-in-law trying to kill one another off to claim their inheritance.",2021,"Feb"
"s1308","Movie","The Resurrection of Gavin Stone","Dallas Jenkins","Brett Dalton, Anjelah Johnson-Reyes, D.B. Sweeney, Neil Flynn, Shawn Michaels, Patrick Gagnon, Tim Frank, Tara Rios, Liam Matthews, Mary Thornton","United States",2021-02-16,2017,"PG",92,"min","Children & Family Movies, Comedies, Dramas","After one too many run-ins with the law, a Hollywood bad boy finds redemption while fulfilling his court-ordered community service at a megachurch.",2021,"Feb"
"s1310","Movie","My Teacher, My Obsession","Damián Romay","Lucy Loken, Laura Bilgeri, Rusty Joiner, Alexandria Deberry, Dakota Bruton, Theresa Sutera, Vin Morreale Jr., Shelby Alicea, Tyler Joseph Campbell, Lestonja Diaz","United States",2021-02-15,2018,"TV-14",86,"min","Thrillers","When Riley changed schools, she didn't expect the girls to crush on her English teacher dad. And he didn't expect a disturbing infatuation.",2021,"Feb"
"s1312","Movie","Namaste Wahala","Hamisha Daryani Ahuja","Ini Dima-Okojie, Ruslaan Mumtaz, Richard Mofe-Damijo, Joke Silva, Sujata Sehgal, Koye Kekere Ekun, Hamisha Daryani Ahuja, Anee Icha, Ibrahim Suleiman, Osas Ighodaro, Broda Shaggi","Nigeria",2021-02-14,2021,"TV-14",107,"min","Comedies, Dramas, International Movies","An interracial romance hits humorous and heart-wrenching hiccups as the couple's parents fight tooth and nail against their relationship.",2021,"Feb"
"s1313","Movie","Monsoon","Hong Khaou","Henry Golding, Parker Sawyers, Molly Harris, David Tran","United Kingdom",2021-02-13,2020,"TV-MA",85,"min","Dramas, Independent Movies, LGBTQ Movies","A reflective man must come to terms with his forced displacement from Vietnam when he returns to his birthplace to spread his parents' ashes.",2021,"Feb"
"s1316","Movie","Hate by Dani Rovira","Mario Briongos","Dani Rovira","Spain",2021-02-12,2021,"TV-MA",83,"min","Stand-Up Comedy","From his hometown of Málaga, Dani Rovira reflects on human beings’ nonsensical hatred in this hilarious and unfiltered comedy special.",2021,"Feb"
"s1317","Movie","Mundina Nildana","Vinay Bharadwaj","Praveen Tej, Radhika Narayan, Ananya Kashyap, Ajay Raj, Dattanna, Shankar Ashwath, Kshama Santosh Rai, Diksha Sharma","India",2021-02-12,2019,"TV-MA",104,"min","Dramas, International Movies, Romantic Movies","As three young professionals chase their wildly different dreams, their relationships with each other indelibly impact their journeys of self-discovery.",2021,"Feb"
"s1319","Movie","To All The Boys: Always And Forever","Michael Fimognari","Lana Condor, Noah Centineo, Janel Parrish, Anna Cathcart, Ross Butler, Madeleine Arthur, Emilija Baranac, Trezzo Mahoro, Sarayu Blue, John Corbett, Kelcey Mawema, Sofia Black-D'Elia, Henry Thomas","United States",2021-02-12,2021,"TV-14",116,"min","Comedies, Romantic Movies","Senior year of high school takes center stage as Lara Jean returns from a family trip to Korea and considers her college plans — with and without Peter.",2021,"Feb"
"s1320","Movie","Xico's Journey","Eric D. Cabello Díaz","Verónica Alva, Pablo Gama Iturrarán “Mago Gamini”, Luis Ángel Jaramillo, Lila Downs, Elena Poniatowska, Verónica Castro, Enrique Guzmán, Alex Lora, Marco Antonio Solís, Víctor Trujillo","Mexico",2021-02-12,2021,"TV-Y7",87,"min","Children & Family Movies","A girl, a dog and her best pal set out to save a mountain from a gold-hungry corporation. But the key lies closer to home, with her sidekick pup, Xico.",2021,"Feb"
"s1323","Movie","Growing up and other problems","Clara Martínez-Lázaro","Silvia Alonso, Bárbara Goenaga, María Esteve, Vito Sanz, Francesco Carril","Spain",2021-02-11,2018,"TV-14",91,"min","Comedies, Dramas, International Movies","A 30-something woman without a steady partner or income samples stability when her pregnant best friend asks her to be the godmother of her child.",2021,"Feb"
"s1324","Movie","Layla Majnun","Monty Tiwa","Reza Rahadian, Acha Septriasa, Baim Wong, Beby Tsabina, Dian Nitami, Uli Herdinansyah, Natasha Rizki, Eriska Rein, Landung Simatupang, August Melasz, Chantiq Schagerl, Cut Ashifa, Aida Cabiyeva, Murad Ismayil, Nadya Arina, Augie Fantinus, Angelia Livie, Ernanto Kusumo","Indonesia",2021-02-11,2020,"TV-14",119,"min","Dramas, International Movies, Romantic Movies","While in Azerbaijan, Layla, an Indonesian scholar, falls for Samir, an admirer of her work — but her arranged marriage stands in the way.",2021,"Feb"
"s1325","Movie","Middle of Nowhere","Ava DuVernay","Emayatzy Corinealdi, David Oyelowo, Omari Hardwick, Lorraine Toussaint, Edwina Findley Dickerson, Sharon Lawrence, Nehemiah Sutton, Troy Curvey III, Maya Gilbert, Dondre T. Whitfield","United States",2021-02-11,2012,"R",102,"min","Dramas, Independent Movies, Romantic Movies","After her husband is sent to prison for eight years, medical student Ruby shelves her studies to focus on her partner's welfare as he serves his time.",2021,"Feb"
"s1326","Movie","Red Dot","Alain Darborg","Nanna Blondell, Anastasios Soulis, Thomas Hanzon, Johannes Kuhnke, Tomas Bergström, Kalled Mustonen, Anna Azcárate","Sweden",2021-02-11,2021,"TV-MA",86,"min","International Movies, Thrillers","Trying to rekindle their marriage and with a child on the way, a young couple on a ski trip suddenly finds themselves stalked by remorseless killers.",2021,"Feb"
"s1327","Movie","Squared Love","Filip Zylber","Adrianna Chlebicka, Mateusz Banasiuk, Agnieszka Żulewska, Krzysztof Czeczot, Mirosław Baka, Tomasz Karolak, Bartłomiej Kotschedoff, Jacek Knap, Anna Smołowik, Helena Mazur, Sebastian Stankiewicz","Poland",2021-02-11,2021,"TV-14",102,"min","Comedies, International Movies, Romantic Movies","A celebrity journalist and renowned womanizer starts to rethink his life choices after he falls for a mysterious model who leads a double life.",2021,"Feb"
"s1328","Movie","This Is the Life","Ava DuVernay","Abstract Rude, Chali 2na, Cut Chemist, Ellay Khule, Riddlore, Medusa, Myka Nyne, Pigeon John, 2Mex","United States",2021-02-11,2008,"TV-MA",98,"min","Documentaries, Music & Musicals","Examine how the group of alternative hip-hop artists known as the Good Lifers started a movement and created a robust, progressive musical community.",2021,"Feb"
"s1330","Movie","The Misadventures of Hedi and Cokeman","Julien Royal","Hedi Bouchenafa, Nassim Lyes, Fred Testot, Julie Ferrier, Benjamin Tranié, Hugues Jourdain, Charlotte Gabris, Vincent Desagnat, Nina Kepekian, Hakim Jemili, Bun-hay Mean","France",2021-02-10,2021,"TV-MA",99,"min","Comedies, International Movies","In Paris, two dysfunctional dealers use family ties to try to boost their small drug business in this crass comedy based on the webseries.",2021,"Feb"
"s1331","Movie","The World We Make","Brian Baugh","Caleb Castille, Rose Reid, Kevin Sizemore, Gregory Alan Williams","United States",2021-02-10,2019,"PG",108,"min","Dramas, Romantic Movies","A teenage equestrian and a local football player fall for each other, but simmering racism in their small town puts their relationship to the test.",2021,"Feb"
"s1334","Movie","War Dogs","Todd Phillips","Jonah Hill, Miles Teller, Ana de Armas, Kevin Pollak, Bradley Cooper, Shaun Toub, Steve Lantz, Gregg Weiner, JB Blanc, Patrick St. Esprit","United States, Cambodia, Romania",2021-02-08,2016,"R",114,"min","Comedies, Dramas","A massage therapist gets in over his head when he partners with a charismatic childhood pal in the lucrative but shady business of global arms dealing.",2021,"Feb"
"s1335","Movie","Monster Run","Henri Wong","Shawn Yue, Jessie Li, Kara Wai, Tu Men, Qiao Shan, Wang Yutian, Yang Di, Wang Zhener","China",2021-02-07,2020,"TV-14",104,"min","Action & Adventure, International Movies","Jimo, an outcast who can see monsters, teams up with a monster hunter to fight evil forces and soon discovers her greater calling.",2021,"Feb"
"s1337","Movie","Blanche Gardin: I talk to myself","Maïa Sandoz","Blanche Gardin","France",2021-02-05,2017,"TV-MA",88,"min","Stand-Up Comedy","Touching on bulimia, death and cat sodomy, this French actress and comedian is keen to push the envelope in a one-woman show with understated flair.",2021,"Feb"
"s1338","Movie","Doob: No Bed of Roses","Mostofa Sarwar Farooki","Irrfan Khan, Nusrat Imroz Tisha, Parno Mittra, Rokeya Prachy, Nader Chowdhury, Rashad Hossain","Bangladesh",2021-02-05,2017,"TV-PG",104,"min","Dramas, Independent Movies, International Movies","As a noted filmmaker’s infidelity becomes a media firestorm, his fractured family privately navigates the fallout of his actions for years to come.",2021,"Feb"
"s1341","Movie","Little Big Women","Joseph Hsu","Chen Shu-fang, Hsieh Ying-xuan, Vivian Hsu, Sun Ke-fang, Ding Ning, Buffy Chen, Chang Han, Lung Shao-hua, Honduras, Weber Yang, Sara Yu, Janine Chang","Taiwan",2021-02-05,2020,"TV-14",123,"min","Dramas, International Movies","A family grapples with the passing of their estranged father and the remnants of the life he led during his absence.",2021,"Feb"
"s1342","Movie","Malcolm & Marie","Sam Levinson","Zendaya, John David Washington","United States",2021-02-05,2021,"R",106,"min","Dramas, Independent Movies","As a filmmaker and his girlfriend return home from his movie premiere, smoldering tensions and painful revelations push them toward a romantic reckoning.",2021,"Feb"
"s1343","Movie","Space Sweepers","Jo Sung-hee","Song Joong-ki, Kim Tae-ri, Jin Sun-kyu, Yoo Hai-jin, Richard Armitage, Park Ye-rin","South Korea",2021-02-05,2021,"TV-MA",138,"min","Action & Adventure, Dramas, International Movies","Chasing after space debris and faraway dreams in year 2092, four misfits unearth explosive secrets during the attempted trade of a wide-eyed humanoid.",2021,"Feb"
"s1345","Movie","The Last Paradiso","Rocco Ricciardulli","Riccardo Scamarcio, Gaia Bermani Amaral, Valentina Cervi, Antonio Gerardi, Federica Torchetti, Anna Maria de Luca, Lucia Zotti, Nicoletta Carbonara, Donato Placido, Mimmo Mignemi","Italy",2021-02-05,2020,"TV-MA",107,"min","Dramas, International Movies, Romantic Movies","In 1950s Italy, a passionate free spirit dreams of love, justice and a better life till a forbidden affair threatens everything. Based on real events.",2021,"Feb"
"s1346","Movie","The Yin-Yang Master: Dream Of Eternity","Guo Jingming","Mark Chao, Deng Lun, Wang Ziwen, Jessie Li, Wang Duo, Sun Chenjun, Xu Kaicheng, Jasper, Ju Xiaowen","China",2021-02-05,2021,"TV-14",133,"min","Action & Adventure, International Movies","When a demonic serpent reawakens, the Yin-Yang Masters must solve a murder mystery and protect their realms from a dark conspiracy at the royal court.",2021,"Feb"
"s1347","Movie","All My Friends Are Dead","Jan Belcl","Julia Wieniawa-Narkiewicz, Mateusz Więcławek, Adam Graf Turczyk, Monika Krzywkowska, Nikodem Rozbicki, Kamil Piotrowski, Adam Bobik, Paulina Gałązka, Magdalena Perlińska, Katarzyna Chojnacka, Konrad Żygadło, Szymon Roszak, Michał Sikorski, Aleksandra Pisula, Wojciech Łozowski, Michał Meyer, Adam Woronowicz","Poland",2021-02-03,2020,"TV-MA",97,"min","Comedies, Dramas, International Movies","A group of friends at a New Year’s Eve party go through a whirlwind of events that exposes secrets, breaks hearts — and leads to a shocking outcome.",2021,"Feb"
"s1348","Movie","Black Beach","Esteban Crespo","Raúl Arévalo, Candela Peña, Paulina García, Claude Musungayi, Babou Cham, Lidia Nené, Melina Matthews, Emilio Buale, Mulie Jarju, Jimmy Castro, Fenda Drame, Dairon Tallon, Teresita Evuy, Olivier Bony","Spain, Belgium, United States",2021-02-03,2020,"TV-MA",116,"min","Action & Adventure, International Movies","A lawyer with a promising future is forced to deep dive into his past when he agrees to negotiate with an old friend turned kidnapper.",2021,"Feb"
"s1352","Movie","Our Lady of San Juan, Four Centuries of Miracles","Noé González","Alejandro Peña Arenzana, Alejandra Yañez Reynoso, Giuliana Baker, Mauricio López, Antia Nazarely Reynoso, Felipe De Jesus Hernández, Fernanda Michelle Torres","Mexico",2021-02-02,2020,"TV-PG",123,"min","Dramas, Faith & Spirituality, International Movies","In this dramatization, the Virgin Mary works a miracle on a girl in 1623 Mexico. Four centuries later, a family make a pilgrimage for their own child.",2021,"Feb"
"s1354","Movie","Beverly Hills Ninja","Dennis Dugan","Chris Farley, Nicollette Sheridan, Robin Shou, Nathaniel Parker, Soon-Tek Oh, Keith Cooke, Chris Rock, François Chau, Dale Ishimoto, Daming Chen","United States",2021-02-01,1997,"PG-13",89,"min","Action & Adventure, Comedies","Raised by ninjas, a big-hearted but bumbling orphan travels to Beverly Hills on a mission to help a woman investigate her shady boyfriend.",2021,"Feb"
"s1358","Movie","Rocks","Sarah Gavron","Bukky Bakray, Kosar Ali, D'angelou Osei Kissiedu, Shaneigha-Monik Greyson, Sarah Niles, Ruby Stokes, Tawheda Begum, Afi Okaidja, Anastasia Dymitrow","United Kingdom",2021-02-01,2019,"TV-MA",93,"min","Dramas","Following her mother's abrupt departure, a dynamic and determined teen goes to extraordinary lengths to protect and provide for her younger brother.",2021,"Feb"
"s1359","Movie","Shutter Island","Martin Scorsese","Leonardo DiCaprio, Mark Ruffalo, Ben Kingsley, Max von Sydow, Michelle Williams, Emily Mortimer, Patricia Clarkson, Jackie Earle Haley, Ted Levine, John Carroll Lynch, Elias Koteas","United States",2021-02-01,2010,"R",139,"min","Thrillers","A U.S. marshal's troubling visions compromise his investigation into the disappearance of a patient from a hospital for the criminally insane.",2021,"Feb"
"s1360","Movie","The Bank Job","Roger Donaldson","Jason Statham, Saffron Burrows, Richard Lintern, Stephen Campbell Moore, Daniel Mays, Peter Bowles, Keeley Hawes, Colin Salmon, Alki David, James Faulkner","United Kingdom, United States, Australia",2021-02-01,2008,"R",112,"min","Dramas, International Movies, Thrillers","A thief gets in over his head when he breaks into a bank vault full of cash, gems... and secrets on everyone from the London mob to the royal family.",2021,"Feb"
"s1361","Tv Show","The House Arrest of Us","Richard Arellano","Daniel Padilla, Kathryn Bernardo, Herbert Bautista, Ruffa Gutierrez, Gardo Versoza, Arlene Muhlach, Arlene Muchlach, Dennis Padilla, Riva Quenery, Anthony Jennings, Alora Sasam, Huybs Azarcon","Philippines",2021-02-01,2020,"TV-MA",1,"Season","International TV Shows, Romantic TV Shows, TV Comedies","A couple decides to make their engagement official by honoring tradition when a pandemic forces them and their families to quarantine under one roof.",2021,"Feb"
"s1365","Movie","Zathura","Jon Favreau","Jonah Bobo, Josh Hutcherson, Dax Shepard, Kristen Stewart, Tim Robbins, Frank Oz, John Alexander, Derek Mears, Douglas Tait, Joe Bucaro III","United States",2021-02-01,2005,"PG",101,"min","Children & Family Movies, Sci-Fi & Fantasy","A mysterious game sends two brothers flying into space, where they must reach the planet Zathura — or be trapped in galactic limbo forever.",2021,"Feb"
"s1367","Movie","Fatima","Marco Pontecorvo","Joaquim de Almeida, Goran Visnjic, Stephanie Gil, Alejandra Howard, Jorge Lamelas, Lúcia Moniz, Marco D'Almeida, Joana Ribeiro, Carla Chambel, Elmano Sancho, Harvey Keitel, Sonia Braga","Portugal, United States",2021-01-31,2020,"PG-13",113,"min","Dramas, Faith & Spirituality","In 1917 Portugal, visions of the Virgin Mary come to three children whose message of faith raises doubts in their family and angers authorities.",2021,"Jan"
"s1368","Movie","Hell Fest","Gregory Plotkin","Amy Forsyth, Reign Edwards, Bex Taylor-Klaus, Tony Todd, Christian James, Matt Mercurio, Michael Tourek, Courtney Dietz, Stephen Conroy","United States",2021-01-31,2018,"R",89,"min","Horror Movies","A serial killer picks off a group of friends, one by one, as they make their way through a hell-themed amusement park.",2021,"Jan"
"s1369","Movie","Below Zero","Lluís Quílez","Javier Gutiérrez, Karra Elejalde, Luis Callejo, Andrés Gertrúdix, Isak Ferriz, Édgar Vittorino, Miquel Gelabert, Florin Opritescu, Àlex Monner, Patrick Criado","Spain",2021-01-29,2021,"TV-MA",107,"min","Action & Adventure, International Movies","When a prisoner transfer van is attacked, the cop in charge must fight those inside and outside while dealing with a silent foe: the icy temperatures.",2021,"Jan"
"s1370","Movie","Finding ‘Ohana","Jude Weng","Kea Peahu, Alex Aiono, Lindsay Watson, Owen Vaccaro, Kelly Hu, Branscombe Richmond, Ke Huy Quan, Brad Kalilimoku, Chris Parnell, Marc Evan Jackson, Ricky Garcia","United States",2021-01-29,2021,"PG",123,"min","Children & Family Movies, Comedies","In Oʻahu for the summer, two siblings from Brooklyn connect with their Hawaiian heritage — and their family — on a daring quest for long-lost treasure.",2021,"Jan"
"s1371","Movie","The Dig","Simon Stone","Carey Mulligan, Ralph Fiennes, Lily James, Johnny Flynn, Ben Chaplin, Ken Stott","United Kingdom",2021-01-29,2021,"PG-13",113,"min","Dramas, International Movies","On the eve of World War II, a British widow hires a self-taught archaeologist to dig up mysterious formations on her land, leading to a staggering find.",2021,"Jan"
"s1373","Movie","June & Kopi","Noviandra Santosa","Acha Septriasa, Ryan Delon, Makayla Rose Hilli, TJ","Indonesia",2021-01-28,2021,"TV-PG",90,"min","Children & Family Movies, Dramas, International Movies","A street dog is taken in by a young couple, and the family pit becomes an instant accomplice as she adjusts to her new, loving home.",2021,"Jan"
"s1375","Movie","Accomplice","Jeremy Grant","Kurt Sorge, Tom Van Steenbergen, Cameron Zink, Graham Agassiz, Tyler McCaul, Cameron McCaul, Ethan Nell, Hannah Bergemann, Carson Storch, Brandon Semenuk, Veronique Sandler, Nico Vink, Garett Buehler, Jaxson Riddle, Andreu Lacondeguy, Paul Genovese, Paul Basagoitia","United States",2021-01-27,2021,"TV-14",52,"min","Documentaries, International Movies, Sports Movies","Traverse the globe with the world's top riders as they pedal through rugged terrain and majestic locations in this visual homage to the bicycle.",2021,"Jan"
"s1377","Movie","Kilometers and Kilometers","Jeo Baby","Tovino Thomas, India Jarvis, Joju George, Sidhartha Siva, Basil Joseph, Sudheesh, Parvathi T, Pauly Valsan","India",2021-01-27,2020,"TV-MA",127,"min","Comedies, Dramas, Independent Movies","When a debt-ridden man reluctantly agrees to drive an American tourist around India, their stark differences lead to bickering… and unexpected bonding.",2021,"Jan"
"s1379","Movie","Penguin Bloom","Glendyn Ivin","Naomi Watts, Andrew Lincoln, Jacki Weaver, Griffin Murray-Johnston, Rachel House, Leeanna Walsman, Lisa Hensley, Felix Cameron, Abe Clifford-Barr","Australia, United States",2021-01-27,2021,"TV-14",95,"min","Children & Family Movies, Dramas","As a mom copes with the aftermath of a harrowing accident, she finds inspiration from an injured magpie taken in by her family. Based on a true story.",2021,"Jan"
"s1380","Movie","Black Rose","Okey Oku","Blossom Chukwujekwu, Ebele Okaro, Lilian Echelon, Betty Bellor, Swanky JKA","Nigeria",2021-01-26,2018,"TV-14",121,"min","Dramas, International Movies","Struggling in poverty with her single mother and siblings, a principled young woman meets the man of her dreams but soon finds he's keeping secrets.",2021,"Jan"
"s1387","Movie","So My Grandma’s a Lesbian!","Ángeles Reiné","Rosa María Sardà, Verónica Forqué, Ingrid García Jonsson, David Verdaguer, Candela Peña, Mónica López, Pol Monen, Alex O'Dogherty, Leander Vyvey, Liz Lobato","Portugal, Spain",2021-01-22,2020,"TV-MA",95,"min","Comedies, International Movies, LGBTQ Movies","Two women in their 70s decide to come out to their families and get married, sparking chaos — and threatening a granddaughter's engagement.",2021,"Jan"
"s1388","Movie","The Next Three Days","Paul Haggis","Russell Crowe, Elizabeth Banks, Brian Dennehy, Lennie James, Olivia Wilde, Ty Simpkins, Helen Carey, Liam Neeson, Daniel Stern, Kevin Corrigan","United States, France",2021-01-22,2010,"PG-13",133,"min","Dramas, Thrillers","When his wife becomes a murder suspect and is sent to prison, a professor plots a meticulous plan to take back her freedom and reunite his family.",2021,"Jan"
"s1389","Movie","The White Tiger","Ramin Bahrani","Adarsh Gourav, Rajkummar Rao, Priyanka Chopra Jonas, Mahesh Manjrekar, Vijay Maurya","India, United States",2021-01-22,2021,"R",127,"min","Dramas","The ambitious driver for a rich Indian family uses his wit and cunning to escape from poverty and become an entrepreneur. Based on the bestselling novel.",2021,"Jan"
"s1390","Movie","Friendsgiving","Nicol Paone","Malin Akerman, Kat Dennings, Aisha Tyler, Jane Seymour, Jack Donnelly, Chelsea Peretti, Christine Taylor, Ryan Hansen, Deon Cole, Wanda Sykes","United States",2021-01-21,2020,"R",95,"min","Comedies","A quiet holiday dinner among friends turns into a chaotic night of illicit activity and compromising situations when uninvited guests crash the party.",2021,"Jan"
"s1391","Movie","The Shadow of Violence","Nick Rowland","Cosmo Jarvis, Barry Keoghan, Niamh Algar, Ned Dennehy, Kiljan Tyr Moroney, David Wilmot, Brid Brennan, Simone Kirby, Anthony Welsh","United Kingdom, Ireland",2021-01-21,2020,"R",101,"min","Dramas","As he reconciles with his ex and their son, an enforcer for a crime family gets an order that tests his loyalty and endangers everyone he holds dear.",2021,"Jan"
"s1392","Movie","Cut Throat City","RZA","Shameik Moore, Demetrius Shipp Jr., Denzel Whitaker, Keean Johnson, Kat Graham, T.I., Terrence Howard, Rob Morgan, Eiza González, Ethan Hawke, Wesley Snipes","United States",2021-01-20,2020,"R",123,"min","Dramas","Bereft of opportunities in the aftermath of Hurricane Katrina, a young man and his close friends turn to a life of crime in the 9th Ward of New Orleans.",2021,"Jan"
"s1394","Movie","Sightless","Cooper Karl","Madelaine Petsch, Alexander Koch, December Ensminger, Lee Jones","United States",2021-01-20,2020,"TV-14",89,"min","Thrillers","A former violinist grows suspicious of the new people in her life and their alarming behavior as she recovers from an assault that left her blind.",2021,"Jan"
"s1397","Movie","Homefront","Gary Fleder","Jason Statham, James Franco, Izabela Vidovic, Kate Bosworth, Marcus Hester, Clancy Brown, Winona Ryder, Omar Benson Miller, Rachelle Lefevre, Frank Grillo, Chuck Zito, Pruitt Taylor Vince","United States",2021-01-18,2013,"R",100,"min","Action & Adventure","When an ex-DEA agent is widowed, he moves with his young daughter to a small town, but his quiet life is shattered by a meth-making drug trafficker.",2021,"Jan"
"s1398","Movie","A Monster Calls","J.A. Bayona","Lewis MacDougall, Sigourney Weaver, Felicity Jones, Liam Neeson, Toby Kebbell, Ben Moor, James Melville, Oliver Steer, Dominic Boyle, Geraldine Chaplin, Jennifer Lim","United Kingdom, Spain, United States",2021-01-16,2016,"PG-13",108,"min","Dramas, Sci-Fi & Fantasy","Overwhelmed by his mother’s illness, a young boy begins to understand human complexity through the fantastic tales of a consoling tree monster.",2021,"Jan"
"s1399","Movie","Death of Me","Darren Lynn Bousman","Maggie Q, Luke Hemsworth, Alex Essoe, Ingkarat Jaraswongkosol, Kelly B. Jones, Caledonia Burr","United States, Thailand",2021-01-16,2020,"R",94,"min","Horror Movies","With no memory of the previous night, a vacationing couple uncovers a disturbing personal video that inexplicably shows one of them killing the other.",2021,"Jan"
"s1400","Movie","Radium Girls","Lydia Dean Pilcher, Ginny Mohler","Joey King, Abby Quinn, Cara Seymour, Scott Shepherd, Susan Heyward, Neal Huff, Collin Kelly-Sordelet, John Bedford Lloyd, Joe Grifasi, Colby Minifie","United States",2021-01-16,2018,"TV-14",103,"min","Dramas, Independent Movies","When the women at a radium factory begin to fall gravely and inexplicably ill, Bessie and her co-workers set out to expose a corporate cover-up.",2021,"Jan"
"s1404","Movie","Double Dad","Cris D'Amato","Maisa Silva, Eduardo Moscovis, Marcelo Médici, Laila Zaid, Pedro Ottoni, Rayana Diniz, Caio Vegatti, Fafá de Belém, Thaynara Og, Roberto Bonfim","Brazil",2021-01-15,2020,"TV-G",105,"min","Children & Family Movies, Comedies, Dramas","While her mom is away, a teen sneaks out of the hippie commune where she lives and embarks on a life-changing adventure to discover who her father is.",2021,"Jan"
"s1406","Movie","Outside the Wire","Mikael Håfström","Anthony Mackie, Damson Idris, Emily Beecham, Michael Kelly, Pilou Asbæk","Hungary, United States",2021-01-15,2021,"R",116,"min","Action & Adventure","In the near future, a drone pilot sent into a war zone finds himself paired with a top-secret android officer on a mission to stop a nuclear attack.",2021,"Jan"
"s1407","Movie","Penguins of Madagascar: The Movie","Eric Darnell, Simon J. Smith","Tom McGrath, Christopher Knights, Chris Miller, Conrad Vernon, John Malkovich, Benedict Cumberbatch, Ken Jeong, Annet Mahendru, Peter Stormare","United States",2021-01-15,2014,"PG",92,"min","Children & Family Movies, Comedies","Elite penguin spies Skipper, Kowalski, Rico and Private join forces with the suave agents of the North Wind to defeat power-mad genius Octavius Brine.",2021,"Jan"
"s1408","Movie","Pinkfong & Baby Shark's Space Adventure","Byeon Hee-sun","Jo Kyoung-i, Kim Seo-yeong, Kim Eun-ah, Jeong Jae-heon","United States, South Korea",2021-01-15,2019,"TV-Y",65,"min","Children & Family Movies","Joined by new friends from other planets, Pinkfong and Baby Shark explore outer space and search for missing star pieces to return home.",2021,"Jan"
"s1410","Movie","The Vanished","Peter Facinelli","Thomas Jane, Anne Heche, Jason Patric, John D. Hickman, Peter Facinelli, Alex Haydon, Aleksei Archer, Kristopher Wente","United States",2021-01-15,2020,"R",115,"min","Thrillers","When their daughter disappears during a family vacation, two terrified parents launch their own investigation that soon exposes local secrets.",2021,"Jan"
"s1411","Movie","Tribhanga - Tedhi Medhi Crazy","Renuka Shahane","Kajol, Tanvi Azmi, Mithila Palkar, Kunaal Roy Kapur, Vaibhav Tatwawaadi, Kanwaljeet Singh, Manav Gohil, Shweta Mehendale","India",2021-01-15,2021,"TV-MA",96,"min","Dramas, International Movies","When her estranged mother falls into a coma, a self-made single mom grapples with regret and resentment while reflecting on their strained relationship.",2021,"Jan"
"s1412","Movie","What Would Sophia Loren Do?","Ross Kauffman","Nancy ""Vincenza Careri"" Kulik, Sophia Loren","United States",2021-01-15,2021,"TV-14",32,"min","Documentaries","In this delightful short documentary, an Italian American grandmother and film buff finds strength and joy in the life of her screen idol, Sophia Loren.",2021,"Jan"
"s1413","Movie","Wish You","Sung Do-jun","Kang In-soo, Lee Sang, Soo-bin","South Korea",2021-01-15,2021,"TV-PG",102,"min","Dramas, International Movies, LGBTQ Movies","Singing and dreaming together, a talented singer-songwriter and a same-aged keyboardist add harmony and love to each other’s lives.",2021,"Jan"
"s1414","Movie","Tanda Tanya","Hanung Bramantyo","Reza Rahadian, Revalina S. Temat, Rio Dewanto, Agus Kuncoro Adi, Endhita, Hengky Solaiman, Edmay Solaiman, Dedi Soetomo, M Ibrahim","Indonesia",2021-01-14,2011,"TV-MA",102,"min","Dramas, International Movies","In a story of interconnected lives, three families of different religious faiths navigate conflicting beliefs, hardships and other struggles.",2021,"Jan"
"s1415","Movie","The Heartbreak Club","Charles Gozali, Bagus Bramanti","Bhisma Mulia, Denira Wiraguna, Didi Kempot, Sisca JKT48, Erick Estrada, Asri Welas, Mo Sidik, Emil Kusumo, Dede Satria, Rezca Syam","Indonesia",2021-01-14,2020,"TV-14",101,"min","Comedies, Dramas, International Movies","Coping with heartbreak, the shy owner of a floundering cafe finds solace in the Javanese love songs of Didi Kempot.",2021,"Jan"
"s1416","Movie","An Imperfect Murder","James Toback","Sienna Miller, Alec Baldwin, Charles Grodin, Colleen Camp, John Buffalo Mailer, Nick Mathews, Steven Prescod, Oliver ""Power"" Grant, James Toback","United States",2021-01-13,2017,"R",71,"min","Dramas, Thrillers","Haunted by a nightmare involving her abusive ex-boyfriend, an actress begins to question her reality and whether the incident took place.",2021,"Jan"
"s1418","Movie","Al acecho","Francisco D'Eufemia","Rodrigo de la Serna, Belen Blanco, Walter Jakob, Facundo Aquinos, Patricia Calisaya","Argentina",2021-01-12,2019,"TV-MA",81,"min","International Movies, Thrillers","Looking for a fresh start, a park ranger gets a new assignment. When he discovers a network of poachers, survival depends on his lethal instincts.",2021,"Jan"
"s1420","Tv Show","Last Tango in Halifax","Juliet May","Derek Jacobi, Anne Reid, Sarah Lancashire, Nicola Walker, Edward Ashley, Louis Greatorex, Josh Bolt","United Kingdom",2021-01-12,2020,"TV-MA",4,"Seasons","British TV Shows, Romantic TV Shows, TV Dramas","Two widowed childhood sweethearts fall for each other all over again when they are reunited over the Internet after nearly 60 years.",2021,"Jan"
"s1422","Movie","The Intouchables","Olivier Nakache, Éric Toledano","François Cluzet, Omar Sy, Anne Le Ny, Audrey Fleurot, Joséphine de Meaux, Clotilde Mollet, Alba Gaïa Kraghede Bellugi, Cyril Mendy","France",2021-01-11,2011,"R",112,"min","Comedies, Dramas, International Movies","In need of a caregiver, a wealthy aristocrat with quadriplegia hires the last person anyone expects: an ex-con with no experience. Based on a true story.",2021,"Jan"
"s1423","Movie","Apaharan","Prakash Jha","Ajay Devgn, Nana Patekar, Bipasha Basu, Ayub Khan, Mohan Agashe, Mukesh Tiwari, Yashpal Sharma, Anoop Soni, Chetan Pandit","India",2021-01-08,2005,"TV-14",161,"min","Dramas, International Movies","Raised under the condescending eye of his activist father, an underachieving loafer is lured into the local kingpin’s web of corruption and kidnapping.",2021,"Jan"
"s1424","Movie","BluffMaster!","Rohan Sippy","Abhishek Bachchan, Priyanka Chopra, Riteish Deshmukh, Boman Irani, Nana Patekar, Sanjay Mishra, Tinnu Anand, Hussain Shaikh","India",2021-01-08,2005,"TV-14",129,"min","Comedies, International Movies, Romantic Movies","When his girlfriend learns the truth about his murky past, a con artist is forced to examine his choices and get to the root of his real identity.",2021,"Jan"
"s1425","Movie","Charming","Ross Venokur","Wilmer Valderrama, Demi Lovato, Sia, Nia Vardalos, Ashley Tisdale, Avril Lavigne, G.E.M., John Cleese, Chris Harrison, Dee Bradley Baker, Carlos Alazraqui","Canada, United States, Cayman Islands",2021-01-08,2021,"TV-Y7",85,"min","Children & Family Movies, Comedies","On the eve of his 21st birthday, an adored prince must find his one, true soulmate before a spell takes away all love from his kingdom.",2021,"Jan"
"s1427","Movie","Gangaajal","Prakash Jha","Ajay Devgn, Gracy Singh, Mohan Agashe, Mohan Joshi, Ayub Khan, Akhilendra Mishra, Mukesh Tiwari, Yashpal Sharma, Brij Gopal, Anita Kanwal","India",2021-01-08,2003,"TV-MA",148,"min","Dramas, International Movies","Posted to a small, crime-ridden town, a cop soon learns that cleaning up the system also means confronting the corruption among police and politicians.",2021,"Jan"
"s1429","Movie","Is Love Enough? Sir","Rohena Gera","Tillotama Shome, Vivek Gomber, Geetanjali Kulkarni, Rahul Vohra, Divya Seth, Chandrachoor Rai, Dilnaz Irani, Bhagyashree Pandit, Anupriya Goenka, Rashi Mal","India, France",2021-01-08,2018,"TV-MA",99,"min","Dramas, Independent Movies, International Movies","A young widow is hired as the domestic helper for a wealthy architect, but social divides come to the fore as an unlikely attraction grows between them.",2021,"Jan"
"s1433","Tv Show","The Idhun Chronicles","Maite Ruiz De Austri","Michelle Jenner, Itzan Escamilla, Sergio Mur, Nico Romero, Carlos Cuevas","Spain",2021-01-08,2021,"TV-14",2,"Seasons","Anime Series, International TV Shows, Spanish-Language TV Shows","A boy suddenly orphaned fights his parents' killer to save a planet, and discovers a new world of danger — and wonder.",2021,"Jan"
"s1434","Movie","100% Halal","Jastis Arimba","Anisa Rahma, Ariyo Wahab, Anandito Dwis, Fitria Rasyidi, Arafah Rianti, Kinaryosih","Indonesia",2021-01-07,2020,"TV-14",101,"min","Dramas, International Movies","After high school, a young woman marries the man of her father's choice but soon faces the possibility that her religion considers the union invalid.",2021,"Jan"
"s1435","Movie","Leap!","Eric Summer, Éric Warin","Bronwen Mantel, Mel Brooks, Maddie Ziegler, Dane DeHaan, Julie Khaner, Elle Fanning, Terrence Scammell, Tamir Kapelian, Carly Rae Jepsen","France, Canada",2021-01-07,2016,"PG",89,"min","Children & Family Movies, Comedies","Félicie and Victor, two young friends in 1880s France, escape from an orphanage to pursue their dreams in Paris, the glittering City of Lights.",2021,"Jan"
"s1436","Movie","Pieces of a Woman","Kornél Mundruczó","Vanessa Kirby, Shia LaBeouf, Ellen Burstyn, Molly Parker, Sarah Snook, Iliza Shlesinger, Benny Safdie, Jimmie Fails","Canada, Hungary, United States",2021-01-07,2020,"R",128,"min","Dramas","A heartbreaking home birth leaves a woman grappling with the profound emotional fallout, isolated from her partner and family by a chasm of grief.",2021,"Jan"
"s1439","Movie","Tony Parker: The Final Shot","Florent Bodin","Tony Parker","France",2021-01-06,2020,"TV-14",99,"min","Documentaries, International Movies, Sports Movies","This film examines the background and career of Tony Parker, whose determination led him to become arguably the greatest French basketball player.",2021,"Jan"
"s1442","Movie","Hello Brother","Sohail Khan","Salman Khan, Arbaaz Khan, Rani Mukerji, Johny Lever, Neeraj Vora, Shakti Kapoor, Razak Khan, Sulabha Arya","India",2021-01-04,1999,"TV-14",126,"min","Action & Adventure, Comedies, International Movies","After receiving a heart transplant from a murdered man, a cop is followed around by the victim’s ghost, who won’t rest until his death has been avenged.",2021,"Jan"
"s1445","Movie","Playing for Keeps","Gabriele Muccino","Gerard Butler, Jessica Biel, Catherine Zeta-Jones, Dennis Quaid, Uma Thurman, Judy Greer, Noah Lomax, James Tupper, Abella Wyss, Grant Goodman","United States",2021-01-03,2012,"PG-13",106,"min","Comedies, Romantic Movies, Sports Movies","A washed-up, former soccer star attempts to rebuild his relationship with his son and ex-wife by coaching his son's soccer team.",2021,"Jan"
"s1446","Movie","Asphalt Burning","Hallvard Bræin","Anders Baasmo, Kathrine Thorborg Johansen, Ida Husøy, Otto Jespersen, Sven Nordin, Trond Halbo, Alexandra Maria Lara, Wenche Myhre, Kostja Ullmann, Björn Kjellman","Norway",2021-01-02,2020,"TV-14",101,"min","Action & Adventure, Comedies, International Movies","When the brakes slam on his wedding, Roy accepts a challenge from a new foe to race for his runaway bride at the iconic Nürburgring track in Germany.",2021,"Jan"
"s1447","Movie","Bad Grandpa .5","Jeff Tremaine","Johnny Knoxville, Jackson Nicoll, Greg Harris, Georgina Cates, Kamber Hejlik, Jill Killington, Madison Davis, George Faughnan, Spike Jonze, Catherine Keener","United States",2021-01-01,2014,"TV-MA",87,"min","Comedies","The geriatric antics of Irving Zisman continue in this next installment of the Jackass franchise, which features unused footage from the first film.",2021,"Jan"
"s1448","Movie","Case 39","Christian Alvart","Renée Zellweger, Jodelle Ferland, Ian McShane, Bradley Cooper, Callum Keith Rennie, Adrian Lester, Kerry O'Malley, Cynthia Stevenson, Alexander Conti, Philip Cabrita","United States, Canada",2021-01-01,2009,"R",111,"min","Horror Movies, Thrillers","A naïve social worker brings a 10-year-old child into her home to rescue the girl from abusive parents – only to learn that she isn't what she seems.",2021,"Jan"
"s1451","Movie","Eddie Murphy: Raw","Robert Townsend","Eddie Murphy","United States",2021-01-01,1987,"R",90,"min","Stand-Up Comedy","This stand-up comedy classic features Eddie Murphy live in a provocative series of impressions, observations and remembrances of his childhood.",2021,"Jan"
"s1452","Movie","Full Out 2: You Got This!","Jeff Deverett","Sydney Cope, Logan Edra, Liza Wilk, Braedyn Bruner, Billie Merritt","United States",2021-01-01,2020,"TV-Y",91,"min","Children & Family Movies, Dramas, Sports Movies","With a championship on the line, Chayse and her gymnastics team look to a local break-dancer for all the right moves to rise above their competition.",2021,"Jan"
"s1453","Movie","Gimme Shelter","Ron Krauss","Vanessa Hudgens, James Earl Jones, Rosario Dawson, Ann Dowd, Stephanie Szostak, Emily Meade, Brendan Fraser, Dascha Polanco","United States",2021-01-01,2013,"PG-13",101,"min","Dramas, Independent Movies","After running away from her abusive mother, a streetwise teen seeks refuge with her father, but he rejects her when he learns that she's pregnant.",2021,"Jan"
"s1454","Movie","Good Burger","Brian Robbins","Kenan Thompson, Kel Mitchell, Abe Vigoda, Dan Schneider, Shar Jackson, Jan Schweiterman, Linda Cardellini, Sinbad, Ron Lester, Josh Server, Ginny Schreiber","United States",2021-01-01,1997,"PG",96,"min","Children & Family Movies, Comedies","Working at a neighborhood fast-food joint, two teens try to save the restaurant when a giant burger franchise fires up the competition.",2021,"Jan"
"s1455","Movie","Good Hair","Jeff Stilson","Chris Rock, Nia Long, Maya Angelou, Ice-T, Eve, Meagan Good, Al Sharpton, KRS-One, Raven-Symoné","United States",2021-01-01,2009,"PG-13",96,"min","Documentaries","Chris Rock hops around the world going from beauty salons to science labs to comb through the mystery of Black hair.",2021,"Jan"
"s1457","Movie","Into the Wild","Sean Penn","Emile Hirsch, Marcia Gay Harden, William Hurt, Jena Malone, Brian Dierker, Catherine Keener, Vince Vaughn, Kristen Stewart, Hal Holbrook, Zach Galifianakis","United States",2021-01-01,2007,"R",148,"min","Action & Adventure, Dramas, Independent Movies","A young man gives up everything – including his trust fund and ties to a seemingly stable family – to lead a solitary life in the wild.",2021,"Jan"
"s1459","Movie","London Heist","Mark McQueen","Craig Fairbrass, James Cosmo, Mem Ferda, Nick Moran, Steven Berkoff, Nathalie Cox, Roland Manookian, Eddie Webber, Tony Denham, Katie Clarkson-Hill","United Kingdom",2021-01-01,2017,"R",96,"min","Action & Adventure","After a heist gone wrong, a career criminal gradually uncovers the hidden motive behind his father's murder – and it has nothing to do with money.",2021,"Jan"
"s1460","Movie","Mean Girls 2","Melanie Mayron","Meaghan Martin, Maiara Walsh, Jennifer Stone, Nicole Gale Anderson, Claire Holt, Diego Boneta, Linden Ashby, Rhoda Griffis, Mike Pniewski, Patrick Johnson, Tim Meadows","United States",2021-01-01,2011,"PG-13",98,"min","Comedies","The father of a high school pariah offers to pay another student's way through college if she makes friends with his outcast daughter.",2021,"Jan"
"s1462","Movie","Mystic Pizza","Donald Petrie","Annabeth Gish, Julia Roberts, Lili Taylor, Vincent D'Onofrio, William R. Moses, Adam Storke, Conchata Ferrell, Joanna Merlin, Porscha Radcliffe, John Fiore","United States",2021-01-01,1988,"R",104,"min","Comedies, Dramas, Independent Movies","In a small fishing town, three teenage girls from blue-collar families navigate life and love while working in a pizza parlor.",2021,"Jan"
"s1464","Tv Show","The Cat in the Hat Knows a Lot About That!","Tony Collingwood","Martin Short, Alexa Torrington, Jacob Ewaniuk, Robert Tinkler, Tracey Hoyt","Canada, United Kingdom, United States",2021-01-01,2014,"TV-Y",1,"Season","Kids' TV","The Cat in the Hat is back – and this time, he's teaching Sally and her brother, Nick, some awfully nifty things to think about!",2021,"Jan"
"s1465","Movie","The Creative Brain","Jennifer Beamish, Toby Trackman","David Eagleman","United States",2021-01-01,2019,"TV-14",53,"min","Documentaries","Neuroscientist David Eagleman taps into the creative process of various innovators while exploring brain-bending, risk-taking ways to spark creativity.",2021,"Jan"
"s1468","Movie","Unknown","Jaume Collet-Serra","Liam Neeson, Diane Kruger, January Jones, Aidan Quinn, Bruno Ganz, Frank Langella, Sebastian Koch, Olivier Schneider, Stipe Erceg, Rainer Bock","United Kingdom, Germany, France, United States",2021-01-01,2011,"PG-13",113,"min","Action & Adventure, Thrillers","Liam Neeson stars as a man who regains consciousness after a car accident, only to discover that another man is impersonating him.",2021,"Jan"
"s1469","Movie","What Happened to Mr. Cha?","Kim Dong-kyu","Cha In-pyo, Cho Dal-hwan, Song Jae-ryong","South Korea",2021-01-01,2021,"TV-MA",102,"min","Comedies, International Movies","With the peak of his career long behind him, an actor clings to his past glory — until a sudden wake-up call forces him to face who he's become.",2021,"Jan"
"s1470","Movie","What's Eating Gilbert Grape","Lasse Hallström","Johnny Depp, Leonardo DiCaprio, Juliette Lewis, Mary Steenburgen, Darlene Cates, Laura Harrington, Mary Kate Schellhardt, Kevin Tighe, John C. Reilly, Crispin Glover","United States",2021-01-01,1993,"PG-13",118,"min","Classic Movies, Dramas, Independent Movies","In a backwater Iowa town, young Gilbert is torn between taking care of his troubled family and a girl who shows him new possibilities for his life.",2021,"Jan"
"s1471","Movie","Alaska Is a Drag","Shaz Bennett","Martin L. Washington Jr., Maya Washington, Matt Dallas, Christopher O'Shea, Jason Scott Lee, Margaret Cho, Kevin Daniels, John Fleck, Nia Peeples, Adam Tomei","United States",2020-12-31,2017,"TV-MA",83,"min","Dramas, LGBTQ Movies","Tormented by bullies, an aspiring drag star working at an Alaskan cannery becomes a skilled fighter and is tapped for competition by a boxing coach.",2020,"Dec"
"s1473","Movie","Bobby Jasoos","Samar Shaikh","Vidya Balan, Ali Fazal, Supriya Pathak, Tanvi Azmi, Zarina Wahab, Kiran Kumar, Rajendra Gupta, Arjan Bajwa, Prasad Barve, Aakash Dahiya","India",2020-12-31,2014,"TV-14",116,"min","Comedies, Dramas, International Movies","With unlimited determination and zero field experience, a small-town detective accepts a lucrative case from a mysterious – and suspicious – stranger.",2020,"Dec"
"s1475","Movie","Tarung Sarung","Archie Hekagery","Panji Zoni, Yayan Ruhian, Maizura, Cemal Farukh, Imelda Therinne, Surya Saputra, Jarot Superdj, Doyok Superdj, Hajra Romessa, Annette Edoarda","Indonesia",2020-12-31,2020,"TV-PG",116,"min","Action & Adventure, Dramas, Faith & Spirituality","Wealthy and spoiled, a young man finds something to fight for when he falls in love with an environmental activist protesting his family's business.",2020,"Dec"
"s1476","Movie","Too Handsome to Handle","Sabrina Rochelle Kalangie","Ari Irham, Nikita Willy, Calvin Jeremy, Rachel Amanda, Dimas Dinang, Tarra Budiman, Marcellino Lafrand, Iis Dahlia","Indonesia",2020-12-31,2019,"TV-14",106,"min","Comedies, Dramas, International Movies","Wary of the effects of his good looks on others, a shut-in agrees to attend high school for the first time and meets a girl who's immune to his charm.",2020,"Dec"
"s1482","Movie","The Rope Curse 2","Liao Shih-han","Lee Kang-sheng, Wilson Hsu, Vera Chen, Yen Cheng-kuo, Chen Bor-jeng, Liu Kuo-shao","Taiwan",2020-12-30,2020,"TV-MA",105,"min","Horror Movies, International Movies","After a purification ritual unravels, a conflicted Taoist priest attempts to help a lonely young psychic whose aunt is possessed by a powerful demon.",2020,"Dec"
"s1485","Movie","Cops and Robbers","Arnon Manor, Timothy Ware-Hill","Timothy Ware-Hill","United States",2020-12-28,2020,"PG-13",8,"min","Dramas","Animation and activism unite in this multimedia spoken-word response to police brutality and racial injustice.",2020,"Dec"
"s1486","Movie","Rango","Gore Verbinski","Johnny Depp, Isla Fisher, Abigail Breslin, Ned Beatty, Alfred Molina, Bill Nighy, Stephen Root, Harry Dean Stanton, Timothy Olyphant, Ray Winstone","United States, Canada",2020-12-28,2011,"PG",110,"min","Children & Family Movies, Comedies","When he becomes lost in the desert, pet chameleon Rango pretends he's a tough guy and ends up sheriff of a corrupt and violent frontier town.",2020,"Dec"
"s1487","Movie","Death to 2020","Al Campbell, Alice Mathias","Samuel L. Jackson, Hugh Grant, Lisa Kudrow, Kumail Nanjiani, Tracey Ullman, Samson Kayo, Leslie Jones, Diane Morgan, Cristin Milioti, Joe Keery","United States",2020-12-27,2020,"TV-MA",71,"min","Comedies","As the year we all want to end finally does, take a look back at 2020's mad glory in this comedic retrospective from the creators of ""Black Mirror.""",2020,"Dec"
"s1489","Movie","DNA","Maïwenn","Maïwenn, Fanny Ardant, Louis Garrel, Dylan Robert, Marine Vacth, Caroline Chaniolleau, Alain Françon, Florent Lacger, Henri-Noël Tabary, Omar Marwan","France, Algeria",2020-12-26,2020,"TV-MA",91,"min","Dramas, International Movies","Grieving the death of her grandfather, Neige navigates family conflict and questions her world in this meditation about cultural identity and roots.",2020,"Dec"
"s1491","Movie","The Magic School Bus Rides Again In the Zone","Richard Weston","Mikaela Blake, Gabby Clarke, Roman Lutterotti, Leke Maceda-Rustecki, Matthew Mucci, Lynsey Pham, Kaden Stephen, Lights","Canada",2020-12-26,2020,"TV-Y",46,"min","Children & Family Movies","Ms. Frizzle's class sees every show on a pop star's New Year's Eve tour, learning about time zones as they attend all her concerts on the same night.",2020,"Dec"
"s1492","Movie","AK vs AK","Vikramaditya Motwane","Anil Kapoor, Anurag Kashyap","India",2020-12-25,2020,"TV-MA",109,"min","Comedies, Dramas, International Movies","After a public spat with a movie star, a disgraced director retaliates by kidnapping the actor’s daughter, filming the search for her in real time.",2020,"Dec"
"s1494","Movie","Isa Pa with Feelings","Prime Cruz","Maine Mendoza, Carlo Aquino, Lotlot De Leon, Cris Villanueva, Nikki Valdez, Vangie Labalan, Geleen Eugenio","Philippines",2020-12-25,2019,"TV-G",102,"min","International Movies, Romantic Movies","When an aspiring architect falls for her Deaf neighbor, they develop a connection and set out to form their own love language despite their differences.",2020,"Dec"
"s1495","Movie","We Can Be Heroes","Robert Rodriguez","YaYa Gosselin, Pedro Pascal, Priyanka Chopra, Isaiah Russell-Bailey, Akira Akbar, Christian Slater, Boyd Holbrook, Adriana Barraza, Taylor Dooley, Vivien Lyra Blair, Hala Finley, Lyon Daniels, Sung Kang, Christopher McDonald, Andy Walken, Lotus Blossom, Haley Reinhart, Nathan Blair, Dylan Henry Lau, Andrew Diaz","United States",2020-12-25,2020,"PG",101,"min","Children & Family Movies, Comedies","When alien invaders capture Earth’s superheroes, their kids must learn to work together to save their parents — and the planet.",2020,"Dec"
"s1496","Movie","Bridezilla","Andibachtiar Yusuf","Jessica Mila, Rio Dewanto, Sheila Dara, Rafael Tan, Widyawati, Aimee Saras, Rukman Rosadi, Lucinta Luna","Indonesia",2020-12-24,2019,"TV-MA",94,"min","Comedies, Dramas, International Movies","After failing to deliver for a demanding bride, a wedding planner makes a bold business move and throws the wedding of the year — for herself.",2020,"Dec"
"s1497","Movie","Cemara's Family","Yandy Laurens","Ringgo Agus Rahman, Nirina Zubir, Zara JKT48, Widuri Puteri, Ariyo Wahab, Asri Welas, Abdurrahman Arif, Kafin Sulthan","Indonesia",2020-12-24,2018,"TV-G",110,"min","Children & Family Movies, Dramas, International Movies","After bankruptcy, Abah and Emak must adapt to a new life with their children in a remote village.",2020,"Dec"
"s1498","Movie","Hello, Love, Goodbye","Cathy Garcia-Molina","Kathryn Bernardo, Alden Richards, Maymay Entrata, Maricel Laxa, Joross Gamboa, Jameson Blake, Kaka Bautista, Lito Pimentel, Jeffrey Tam, Lovely Abella","Philippines",2020-12-24,2019,"TV-14",117,"min","Dramas, International Movies, Romantic Movies","In Hong Kong, the lives of two overseas Filipino workers intertwine as they navigate daily duties, career aspirations and romantic possibilities.",2020,"Dec"
"s1499","Movie","The History of Future Folk","John Mitchell, Jeremy Kipp Walker","Nils d'Aulaire, Jay Klaitz, Julie Ann Emery, April L. Hernandez, Onata Aprile, Dee Snider","United States",2020-12-23,2012,"TV-14",85,"min","Action & Adventure, Comedies, Independent Movies","An alien ordered to colonize Earth abandons his mission when he hears music for the first time and is determined to save his adopted planet.",2020,"Dec"
"s1500","Movie","The Midnight Sky","George Clooney","George Clooney, Felicity Jones, Kyle Chandler, Demián Bichir, David Oyelowo, Tiffany Boone, Caoilinn Springall, Sophie Rundle, Ethan Peck","United States",2020-12-23,2020,"PG-13",119,"min","Dramas","In the aftermath of a global catastrophe, a lone scientist in the Arctic races to contact a crew of astronauts with a warning not to return to Earth.",2020,"Dec"
"s1501","Movie","Your Name Engraved Herein","Liu Kuang-hui","Edward Chen, Tseng Ching-hua, Leon Dai, Jason Wang, Fabio Grangeon, Mimi Shao, Barry Qu, Erek Lin, Honduras, Lotus Wang","Taiwan",2020-12-23,2020,"TV-MA",115,"min","Dramas, International Movies, LGBTQ Movies","In 1987, as martial law ends in Taiwan, Jia-han and Birdy fall in love amid family pressure, homophobia and social stigma.",2020,"Dec"
"s1502","Movie","After We Collided","Roger Kumble","Josephine Langford, Hero Fiennes Tiffin, Dylan Sprouse, Selma Blair, Louise Lombard, Shane Paul McGhie, Candice King, Charlie Weber, Khadijha Red Thunder, Inanna Sarkis, Pia Mia, Samuel Larsen, Dylan Arnold, Karimah Westbrook, Rob Estes","United States",2020-12-22,2020,"R",105,"min","Dramas, Romantic Movies","Tessa fell hard and fast for Hardin, but after a betrayal tears them apart, she must decide whether to move on — or trust him with a second chance.",2020,"Dec"
"s1503","Movie","London Hughes: To Catch a D*ck","Kristian Mercado","London Hughes","United States",2020-12-22,2020,"TV-MA",68,"min","Stand-Up Comedy","Bawdy comedian and television presenter London Hughes revisits her past in this acclaimed breakout special filled with unfiltered tales and wild stories.",2020,"Dec"
"s1505","Movie","QLIMAX THE SOURCE","Daan Jansen, Stijn Verlinde","Michael Brons, Nigel Coppen, Thomas Velderman, Carlos Antunes, Marco Spronk, Willem Rebergen, Joshua Dutrieux, Bob van der Palen, Sefa Vlaarkamp","Netherlands",2020-12-22,2020,"TV-14",57,"min","Music & Musicals","Seven priests. Six realms. One destiny. Begin an immersive audiovisual hardstyle trip into the mystical world of Qlimax — and become one with the sound.",2020,"Dec"
"s1508","Movie","Shaun the Sheep: The Farmer’s Llamas","Jay Grace","Justin Fletcher, John Sparkes, Sean Connolly, Chris Grimes","United Kingdom",2020-12-22,2020,"TV-Y",28,"min","Children & Family Movies, Comedies","A trio of mischievous llamas from the county fair start making a mess of the farm, so Shaun and the flock must find a way to boot out the troublemakers.",2020,"Dec"
"s1510","Movie","Ariana grande: excuse me, i love you","Paul Dugdale","Ariana Grande","United States",2020-12-21,2020,"TV-MA",98,"min","Documentaries, Music & Musicals","Ariana Grande takes the stage in London for her Sweetener World Tour and shares a behind-the-scenes look at her life in rehearsal and on the road.",2020,"Dec"
"s1511","Movie","The Con Is On","James Haslam","Uma Thurman, Tim Roth, Alice Eve, Parker Posey, Maggie Q, Crispin Glover, Michael Sirow, Sofía Vergara, Stephen Fry, Sharon Maughan, Susan Traylor, Wilmer Calderon, Richard Reid, Ethan Cohn, Nathalie Love","United States, United Kingdom",2020-12-21,2018,"R",95,"min","Comedies","Two wedded partners-in-crime flee from their massive debt to a deadly crime boss and hatch a jewel heist that could be their ticket to total freedom.",2020,"Dec"
"s1512","Movie","Mohamed Hussein","Muhammad Ali","Mohamed Saad, Samir Sabri, Mai Selim, Dina Mohsen, Bayoumi Fouad, Mohammed Tharwat, Feryal Youssef, Nabil Issa, Ahmed Seyam, Hassan Abdulfattah, Hamdi Al Wazir, Mohamed Shahin","Egypt",2020-12-20,2019,"TV-14",96,"min","Comedies, International Movies","A luxury hotel chauffeur's life is turned upside down when he unexpectedly becomes the focus of a renowned painter's final art project.",2020,"Dec"
"s1513","Movie","Rhys Nicholson Live at the Athenaeum","Thomas Toby Parkinson","Rhys Nicholson","United Kingdom",2020-12-20,2020,"TV-MA",66,"min","Stand-Up Comedy","Rhys Nicholson flexes his biting humor as he discusses horse tranquilizers, angry letters from viewers, and more in this stand-up special.",2020,"Dec"
"s1514","Movie","Atlas Shrugged: Part II","John Putch","Samantha Mathis, Jason Beghe, Esai Morales, Patrick Fabian, Kim Rhodes, Richard T. Jones, D.B. Sweeney, Paul McCrane, John Rubinstein, Robert Picardo","United States",2020-12-19,2012,"PG-13",112,"min","Dramas","With the world's economy in dire straits, corporate protagonist Dagny Taggart searches for a solution amid the rubble of a long-abandoned factory.",2020,"Dec"
"s1516","Movie","Guest House","Sam Macaroni","Pauly Shore, Mike Castle, Aimee Teegarden, Billy Zane, Charlotte McKinney, Louis Ferrigno,  Jr., Erik Griffin, Bobby Lee, Punkie Johnson, Mikaela Hoover, Chris Kattan, Steve-O","United States",2020-12-18,2020,"R",84,"min","Comedies","The only downside to a young couple’s new dream home — and fresh start — is the nightmare of the raucous houseguest in back who refuses to leave.",2020,"Dec"
"s1518","Movie","Ma Rainey's Black Bottom","George C. Wolfe","Viola Davis, Chadwick Boseman, Glynn Turman, Colman Domingo, Michael Potts, Jonny Coyne, Taylour Paige, Jeremy Shamos, Dusan Brown, Joshua Harto","United States",2020-12-18,2020,"R",94,"min","Dramas, Music & Musicals","Tensions and temperatures rise at a Chicago music studio in 1927 when fiery, fearless blues singer Ma Rainey joins her band for a recording session.",2020,"Dec"
"s1520","Movie","Mukhsin","Yasmin Ahmad","Mohd Syafie Naswip, Sharifah Aryana, Sharifah Aleya, Adibah Noor, Irwan Iskandar, Sallehuddin Abu Bakar","Malaysia",2020-12-18,2006,"TV-PG",98,"min","Children & Family Movies, Comedies, Dramas","When young Mukhsin arrives in a new town, 10-year-old tomboy Orked adopts him as her new best friend, and the two develop a touching friendship that begins to spill over into the inklings of first love.",2020,"Dec"
"s1521","Tv Show","Paava Kadhaigal","Sudha Kongara, Vignesh Shivan, Gautham Vasudev Menon, Vetri Maaran","Kalidas Jayaram, Shanthnu Bhagyaraj, Bhavani Sre, Kalki Koechlin, Anjali, Padam Kumar, Prakash Raj, Sai Pallavi, Hari, Gautham Vasudev Menon, Simran","India",2020-12-18,2020,"TV-MA",1,"Season","International TV Shows, TV Dramas","At times dark, at times disturbing, four short films explore stories of those who dare to dream and desire — and those determined to stand in their way.",2020,"Dec"
"s1522","Movie","Rabun","Yasmin Ahmad","M. Rajoli, Kartina Aziz, Rozie Rashid, Irwan Iskandar, Noor Khiriah, Hafiz Ibrahim","Malaysia",2020-12-18,2004,"TV-PG",85,"min","Dramas, Independent Movies, International Movies","A free-spirited couple leave the city to retire in the country. But when they're swindled by a relative, life in the countryside loses its luster.",2020,"Dec"
"s1523","Movie","Talentime","Yasmin Ahmad","Mahesh Jugal Kishor, Pamela Chong Ven Teen, Mohd Syafie Naswip, Jaclyn Victor, Harith Iskander, Mislina Mustaffa, Sukania Venugopal","Malaysia",2020-12-18,2009,"TV-14",120,"min","Dramas, International Movies, Romantic Movies","The stakes are high — on stage and off — when a group of talented young musicians face off for an inter-school talent competition.",2020,"Dec"
"s1524","Movie","An Unremarkable Christmas","Juan Camilo Pinzon","Antonio Sanint, Luis Eduardo Arango, María Cecilia Sánchez, Mariana Gómez, Julián Cerati, Aura Cristina Geithener, Biassini Segura, Lina Tejeiro, Julio César Herrera, Christian Villamil","Colombia",2020-12-17,2020,"TV-14",83,"min","Comedies, Dramas, International Movies","An accountant and aspiring magician invites his boss to spend Christmas with his family — unaware that he's one of Colombia's most-wanted criminals.",2020,"Dec"
"s1525","Movie","Braven","Lin Oeding","Jason Momoa, Garret Dillahunt, Jill Wagner, Stephen Lang, Sasha Rosoff, Sala Baker, Fraser Aitcheson, Teach Grant, Glenn Ennis, Todd Scott, Zahn McClarnon, Brendan Fletcher","Canada",2020-12-17,2018,"R",94,"min","Action & Adventure","A logger defends himself and his family from a group of murderous drug traffickers who have hidden a stash of heroin in his hunting cabin.",2020,"Dec"
"s1526","Movie","Eggnoid: Love & Time Portal","Naya Anindita","Morgan Oey, Sheila Dara, Luna Maya, Kevin Julio, Anggika Bolsterli, Reza Nangin, Martin Anugrah, Fatih Unru","Indonesia",2020-12-17,2019,"TV-14",102,"min","Dramas, International Movies, Romantic Movies","Sent from the future to look after a lonely girl, Eggy finds himself falling for her. But dating is forbidden and would risk both their fates.",2020,"Dec"
"s1527","Movie","Love You to the Stars and Back","Antoinette Jadaone","Julia Barretto, Joshua Garcia, Carmina Villaroel, Cherry Pie Picache, Ariel Rivera, Maricar Reyes, Edgar Allan Guzman, Jelson Bay, Odette Khan","Philippines",2020-12-17,2017,"TV-14",111,"min","Comedies, International Movies, Romantic Movies","In search of aliens, a young woman's road trip becomes an emotional journey when she finds — and falls for — a charming companion with cancer.",2020,"Dec"
"s1530","Movie","Sakaling Maging Tayo","JP Habac","McCoy De Leon, Elisse Joson, Bembol Roco, Chai Fonacier, Paulo Angeles, Markus Paterson, Milo Elmido Jr.","Philippines",2020-12-17,2019,"TV-14",90,"min","International Movies, Romantic Movies","A college student seizes his chance with a crush when an unexpected encounter turns into a night of bold dares, deep confessions and possible romance.",2020,"Dec"
"s1531","Tv Show","Schulz Saves America","Alexx Media","Andrew Schulz","United States",2020-12-17,2020,"TV-MA",1,"Season","Stand-Up Comedy & Talk Shows, TV Comedies","Comedian Andrew Schulz takes on the year's most divisive topics in this fearlessly unfiltered and irreverent four-part special.",2020,"Dec"
"s1533","Tv Show","Anitta: Made In Honório","Andrucha Waddington, Pedro Waddington","Anitta","Brazil",2020-12-16,2020,"TV-MA",1,"Season","Docuseries, International TV Shows","In this intimate documentary, Brazilian pop queen Anitta opens up about fame, family and her fierce work ethic, revealing the woman behind the hits.",2020,"Dec"
"s1535","Movie","Bwakaw","Jun Lana","Eddie Garcia, Princess, Rez Cortez, Bibeth Orteza, Joey Paras, Allan Paule, Beverly Salviejo, Soxy Topacio, Armida Siguion-Reyna, Luz Valdez, Gardo Versoza","Philippines, Canada, United Kingdom, United States",2020-12-16,2012,"TV-MA",110,"min","Dramas, International Movies, LGBTQ Movies","Gruff and alone, retiree Rene rejects most human contact but begins to soften when he comes to terms with his homosexuality.",2020,"Dec"
"s1537","Movie","Incarnate","Brad Peyton","Aaron Eckhart, Carice van Houten, Catalina Sandino Moreno, David Mazouz, Keir O'Donnell, Matt Nable, Emily Jackson, Paul Vincent O'Connor, Natalija Nogulich, John Pirruccello, Mark Steger, Emjay Anthony, Karolina Wydra","United States",2020-12-16,2016,"PG-13",87,"min","Horror Movies, Thrillers","An unconventional demon hunter faces his greatest challenge when he steps inside the subconscious mind of a boy possessed by a powerful entity.",2020,"Dec"
"s1538","Movie","Lee Daniels' The Butler","Lee Daniels","Forest Whitaker, Oprah Winfrey, John Cusack, Jane Fonda, Cuba Gooding Jr., Terrence Howard, Lenny Kravitz, James Marsden, David Oyelowo, Alan Rickman, Liev Schreiber, Robin Williams, Mariah Carey, Alex Pettyfer, Vanessa Redgrave, David Banner, Michael Rainey Jr.","United States",2020-12-16,2013,"PG-13",132,"min","Dramas","The life of a White House butler who worked for eight presidents unfolds against a backdrop of unparalleled change in American history.",2020,"Dec"
"s1541","Movie","Nocturnal Animals","Tom Ford","Amy Adams, Jake Gyllenhaal, Michael Shannon, Aaron Taylor-Johnson, Isla Fisher, Ellie Bamber, Armie Hammer, Karl Glusman, Laura Linney, Michael Sheen, Andrea Riseborough","United States",2020-12-16,2016,"R",117,"min","Dramas, Thrillers","Reading her ex-husband's violent novel manuscript destabilizes gallery owner Susan's life, upending her present while digging up their past.",2020,"Dec"
"s1543","Movie","Vir Das: Outside In - The Lockdown Special","Vir Das","Vir Das","India",2020-12-16,2020,"TV-MA",50,"min","Stand-Up Comedy","Stage banter takes on a different — deeper — meaning as the comedian performs online shows to homebound viewers worldwide from his Mumbai residence.",2020,"Dec"
"s1545","Movie","Grizzlies","Miranda de Pencier","Ben Schnetzer, Emerald MacDonald, Booboo Stewart, Will Sasso, Paul Nutarariaq, Ricky Marty-Pahtaykan, Tantoo Cardinal, Eric Schweig","Canada",2020-12-15,2018,"R",106,"min","Dramas, Independent Movies, Sports Movies","A group of disaffected students form an unlikely bond through the game of lacrosse when a new teacher introduces the sport to their remote Arctic town.",2020,"Dec"
"s1550","Movie","The Professor and the Madman","Farhad Safinia","Mel Gibson, Sean Penn, Natalie Dormer, Eddie Marsan, Steve Coogan, Stephen Dillane, Ioan Gruffudd, Jennifer Ehle, Jeremy Irvine, David O'Hara, Anthony Andrews","Ireland, France, Iceland, United States, Mexico, Belgium, United Kingdom, Hong Kong",2020-12-15,2019,"TV-14",125,"min","Dramas, Independent Movies","While working on the first Oxford English Dictionary, a scholar receives thousands of entries from a doctor with a lengthy vocabulary and dark secrets.",2020,"Dec"
"s1551","Movie","A California Christmas","Shaun Paul Piccinino","Lauren Swickard, Josh Swickard, Ali Afshar, David Del Rio, Natalia Mann, Katelyn Epperly, Gunnar Anderson, Julie Lancaster, Amanda Detmer","United States",2020-12-14,2020,"PG-13",107,"min","Comedies, Romantic Movies","With his carefree lifestyle on the line, a wealthy charmer poses as a ranch hand to get a hardworking farmer to sell her family’s land before Christmas.",2020,"Dec"
"s1559","Movie","Giving Voice","James D. Stern, Fernando Villena","Viola Davis, Denzel Washington, Stephen Henderson, Freedom Martin, Nia Sarfo, Cody Merridith, Gerardo Navarro, Aaron Guy, Callie Holley","United States",2020-12-11,2020,"PG-13",91,"min","Documentaries","Six ambitious student actors audition for the prestigious August Wilson Monologue Competition, culminating in a riveting final round on Broadway.",2020,"Dec"
"s1561","Movie","The Prom","Ryan Murphy","Meryl Streep, James Corden, Nicole Kidman, Kerry Washington, Andrew Rannells, Keegan-Michael Key, Jo Ellen Pellman, Ariana DeBose, Mary Kay Place, Kevin Chamberlin, Tracey Ullman, Logan Riley, Sofia Deler, Nico Greetham, Nathaniel J. Potvin","United States",2020-12-11,2020,"PG-13",132,"min","Comedies, LGBTQ Movies, Music & Musicals","A group of down-on-their-luck Broadway stars shake up a small Indiana town as they rally behind a teen who just wants to attend prom with her girlfriend.",2020,"Dec"
"s1562","Movie","Torbaaz","Girish Malik","Sanjay Dutt, Nargis Fakhri, Rahul Dev, Priyanka Verma, Kuwaarjeet Chopraa, Aishan Jawaid Malik, Rahul Mittra, Gavie Chahal, Humayun Shams Khan, Babrak Akbari","India",2020-12-11,2020,"TV-MA",133,"min","Dramas, International Movies, Sports Movies","At an Afghanistan refugee camp, an ex-army doctor seeks to bring children joy through cricket — and soon realizes that the stakes go beyond the sport.",2020,"Dec"
"s1564","Movie","Funny Boy","Deepa Mehta","Brandon Ingram, Nimmi Harasgama, Ali Kazmi, Arush Nand, Agam Darshi, Rehan Mudannayake, Shivantha Wijesinha, Seema Biswas, Hidaayath Hazeer","Canada, United States",2020-12-10,2020,"TV-MA",109,"min","Dramas, LGBTQ Movies","A student must navigate issues of sexuality, identity and family amid Sri Lanka's social turmoil of the 1970s and 1980s.",2020,"Dec"
"s1566","Movie","Just The Way You Are","Theodore Boborol","Enrique Gil, Liza Soberano, Yves Flores, Sue Ramirez, Erin Ocampo, Yayo Aguila, Alex Diaz, Jon Lucas, Chienna Filomeno, Marco Gumabao, Myrtle Sarrosa, Kyra Custodio, Miguel Vergara, Tonton Gutierrez, Ricky Davao, Sunshine Cruz","Philippines",2020-12-10,2016,"TV-G",107,"min","International Movies, Romantic Movies","An overconfident teen bets he can make a homely transfer student fall in love with him in 30 days — but the wager starts to play games with his heart.",2020,"Dec"
"s1567","Movie","She's the One","Mae Czarina Cruz","Bea Alonzo, Dingdong Dantes, Enrique Gil","Philippines",2020-12-10,2013,"TV-14",111,"min","Dramas, International Movies, Romantic Movies","When his best friend gets stranded in the rain and becomes the subject of a romantic viral video, a morning show host must confront his true feelings.",2020,"Dec"
"s1568","Movie","The Panti Sisters","Jun Lana","Paolo Ballesteros, Martin del Rosario, Christian Bables, John Arcilla, Carmi Martin, Rosanna Roces, Joross Gamboa, Via Antonio, Roxanne Barcelo","Philippines",2020-12-10,2019,"TV-MA",108,"min","Comedies, International Movies, LGBTQ Movies","Three gay siblings are told by their terminally ill father that they must each produce a grandchild in order to inherit their share of his fortune.",2020,"Dec"
"s1569","Movie","Kalel, 15","Jun Lana","Elijah Canlas, Eddie Garcia, Jaclyn Jose, Gabby Padilla, Cedrick Juan, Elora Espano, Sue Prado","Philippines",2020-12-09,2019,"TV-MA",105,"min","Dramas, Independent Movies, International Movies","Surrounded by tensions and secrets, a teenage boy searches for validation and navigates life with a dysfunctional family following an HIV diagnosis.",2020,"Dec"
"s1572","Movie","Rose Island","Sydney Sibilia","Elio Germano, Matilda De Angelis, Tom Wlaschiha, Luca Zingaretti, Fabrizio Bentivoglio, Leonardo Lidi, François Cluzet","Italy",2020-12-09,2020,"TV-14",119,"min","Comedies, Dramas, International Movies","An idealistic engineer builds his own island off the coast of Italy and declares it a nation, drawing the attention of the world — and the government.",2020,"Dec"
"s1576","Movie","André & his olive tree","Josiah Ng","André Chiang","Singapore",2020-12-08,2020,"TV-PG",104,"min","Documentaries, International Movies","As he prepares to close his restaurant, Michelin-starred Chef André Chiang embarks on a personal and emotional journey of reflection.",2020,"Dec"
"s1577","Movie","Bobbleheads The Movie","Kirk Wise","Jennifer Coolidge, Karen Fukuhara, Khary Payton, Julian Sands, Brenda Song, Luke Wilson, Cher","United States",2020-12-08,2020,"PG",83,"min","Children & Family Movies, Comedies","A team of bobbleheads band together to defend their collector’s home when uninvited relatives barge in looking to steal from his prized collection.",2020,"Dec"
"s1581","Movie","Spirit Riding Free: Ride Along Adventure","Beth Sleven, Allan Jacobsen, Kevin Wotton","Amber Frank, Bailey Gambertoglio, Sydney Park, Katey Sagal, Rachel Kimsey, Darcy Rose Byrnes, Duncan Joiner, Bella Aboulhosn, Kai Scott","United States",2020-12-08,2020,"TV-Y7",79,"min","Children & Family Movies","Join Lucky and her friends on an interactive mission to save Maricela’s beloved mare from greedy horse thieves who've taken her captive with a wild herd.",2020,"Dec"
"s1583","Movie","Triple 9","John Hillcoat","Casey Affleck, Chiwetel Ejiofor, Anthony Mackie, Aaron Paul, Clifton Collins Jr., Norman Reedus, Woody Harrelson, Kate Winslet, Teresa Palmer, Michael Kenneth Williams, Gal Gadot","United States",2020-12-08,2016,"R",115,"min","Dramas, Thrillers","A group of dirty Atlanta cops blackmailed by the Russian mob plan a seemingly impossible heist that sets off an explosive chain reaction of violence.",2020,"Dec"
"s1585","Movie","Ava","Tate Taylor","Jessica Chastain, Colin Farrell, John Malkovich, Common, Geena Davis, Jess Weixler, Diana Silvers, Joan Chen, Ioan Gruffudd","United States",2020-12-07,2020,"R",97,"min","Action & Adventure, Dramas","An elite assassin wrestling with doubts about her work scrambles to protect herself — and her estranged family — after a hit goes dangerously wrong.",2020,"Dec"
"s1588","Tv Show","Detention","Su I-Hsuan, Chuang Shiang-an, Liu Yi","Li Lingwei, Han Ning, Huang Guanzhi, Jack Yao, Hsia Teng-hung, David Chao, Luo Guanxu, Wu Kunda, Serena Fang, Carol Cheng, Chang Han","Taiwan",2020-12-05,2020,"TV-MA",1,"Season","International TV Shows, TV Dramas, TV Horror","A tormented student uncovers unsettling secrets at her remote high school as betrayal and a paranormal encounter upend her life.",2020,"Dec"
"s1589","Movie","Mighty Express: A Mighty Christmas","Clint Butler","Jay Hatton, Zoe Hatz, Meesha Contreras, Dylan Schombing, Tyler Nathan, Leo Orgil, Michela Luci, Ian Ho, Evan Lefeuvre, Annick Obonsawin, Gracen Daly","Canada",2020-12-05,2020,"TV-Y",26,"min","Children & Family Movies","The Mighty Express welcomes a new train and speeds into a snowstorm to deliver Santa’s presents and save Christmas for all the kids in Tracksville.",2020,"Dec"
"s1592","Movie","Captain Underpants Mega Blissmas","Erik Kling, Kevin Peaty","Nat Faxon, Jay Gragnani, Ramone Hamilton, Sean Astin, Dayci Brookshire, Jim Cummings, Jorge Diaz","United States",2020-12-04,2020,"TV-Y7",46,"min","Children & Family Movies, Comedies","Christmas gets weird — really weird — after George and Harold go back in time to change up a few of their beloved holiday's traditions.",2020,"Dec"
"s1593","Movie","Christmas Crossfire","Detlev Buck","Kostja Ullmann, Alli Neumann, Sascha Alexander Gersak, Sophia Thomalla, Merlin Rose, Detlev Buck, Peter Kurth, Anika Mauer, Frederic Linkemann, Bernd Hölscher","Germany",2020-12-04,2020,"TV-MA",106,"min","Comedies, International Movies, Thrillers","A man foils an attempted murder, then flees the crew of would-be killers along with their intended target as a woman he's just met tries to find him.",2020,"Dec"
"s1596","Movie","MANK","David Fincher","Gary Oldman, Amanda Seyfried, Charles Dance, Lily Collins, Arliss Howard, Tom Pelphrey, Sam Troughton, Ferdinand Kingsley, Tuppence Middleton, Tom Burke, Joseph Cross, Jamie McShane, Toby Leonard Moore, Monika Gossmann","United States",2020-12-04,2020,"R",133,"min","Dramas, Independent Movies","1930s Hollywood is reevaluated through the eyes of scathing wit and alcoholic screenwriter Herman J. Mankiewicz as he races to finish “Citizen Kane.”",2020,"Dec"
"s1598","Movie","You Are My Home","Amanda Raymond","Alyssa Milano, Angel Parker, Cristián de la Fuente, Eva Ariel Binder, Joel Steingold","United States",2020-12-04,2020,"TV-PG",93,"min","Children & Family Movies, Dramas","After becoming separated from her family, a young girl finds herself in the care of a heartbroken woman who faces her own struggles.",2020,"Dec"
"s1599","Movie","Between Maybes","Jason Paul Laxamana","Gerald Anderson, Julia Barretto, Yayo Aguila, Christian Vazquez","Philippines",2020-12-03,2019,"TV-14",108,"min","Dramas, International Movies, Romantic Movies","A former actress takes a trip to Japan, where she meets a young man who provides an escape from reality and makes her consider a different way of life.",2020,"Dec"
"s1600","Movie","Break","Marc Fouchard","Sabrina Ouazani, Kévin Mischel, Hassam Ghancy, Slimane, Maxime Pambet, Camille Japy, Christophe Reymond","France, Belgium",2020-12-03,2018,"TV-MA",96,"min","Comedies, Dramas, International Movies","After a serious accident, Lucie tries to rediscover herself as a dancer and meets Vincent, a talented b-boy battling his own insecurities.",2020,"Dec"
"s1602","Movie","Just Another Christmas","Roberto Santucci","Leandro Hassum, Elisa Pinheiro, Danielle Winits, Louise Cardoso, Rodrigo Fagundes, Arianne Botelho, Miguel Rômulo, José Rubens Chachá, Levi Ferreira, Daniel Filho","Brazil",2020-12-03,2020,"TV-MA",101,"min","Comedies, International Movies","Stuck in a time loop where it's forever Christmas, a family man who hates the holiday starts to learn valuable lessons about what's important in life.",2020,"Dec"
"s1603","Movie","Must Be... Love","Dado C. Lumibao","Kathryn Bernardo, Daniel Padilla, Liza Soberano, John Estrada, John Lapus","Philippines",2020-12-03,2013,"TV-14",106,"min","Comedies, Dramas, International Movies","When a teenage girl develops romantic feelings for her childhood best friend, she finds herself changing her ways to win him over.",2020,"Dec"
"s1605","Movie","Ari Eldjárn: Pardon My Icelandic","August Jakobsson","Ari Eldjárn","Iceland",2020-12-02,2020,"TV-MA",54,"min","Stand-Up Comedy","In this English-language special, Icelandic comedian Ari Eldjárn pokes fun at Nordic rivalries, Hollywood's take on Thor, the whims of toddlers and more.",2020,"Dec"
"s1607","Movie","Fierce","Anna Wieczur-Bluszcz","Katarzyna Sawczuk, Maciej Zakościelny, Anita Sokołowska, Julia Kamińska, Tomasz Karolak, Maria Pakulnis, Barbara Wypych, Wojciech Solarz, Adrian Majewski, Michał Piprowski, Urszula Dudziak, Krzysztof Ibisz","Poland",2020-12-02,2020,"TV-MA",118,"min","Comedies, Dramas, International Movies","A gifted young singer becomes an instant sensation on a popular talent show. But her real goal is earning the love of her father, a member of the jury.",2020,"Dec"
"s1609","Movie","3 Days to Kill","McG","Kevin Costner, Amber Heard, Hailee Steinfeld, Connie Nielsen, Tómas Lemarquis, Richard Sammel, Marc Andréoni, Bruno Ricci, Jonas Bloquet, Eriq Ebouaney","United States, France, Serbia",2020-12-01,2014,"PG-13",117,"min","Action & Adventure","A terminally ill secret agent accepts a risky mission in exchange for an experimental drug that might save him – if he can survive its side effects.",2020,"Dec"
"s1610","Movie","Angela's Christmas Wish","Damien O’Connor","Lucy O'Connell, Brendan Mullins, Ruth Negga, Lola Metcalfe, Jared Harris, Moe Dunford, Oscar Butler, Shona Hamill, Pat Kinevane, Janet Moran, Anya O'Connor","United States",2020-12-01,2020,"TV-Y",48,"min","Children & Family Movies","With her father working far away in Australia, a determined Angela makes a plan — and a heartfelt wish — to reunite her family in time for the holidays.",2020,"Dec"
"s1611","Movie","Angels & Demons","Ron Howard","Tom Hanks, Ewan McGregor, Ayelet Zurer, Stellan Skarsgård, Pierfrancesco Favino, Nikolaj Lie Kaas, Armin Mueller-Stahl, Thure Lindhardt, David Pasquesi, Cosimo Fusco","United States, Italy",2020-12-01,2009,"PG-13",139,"min","Thrillers","A Harvard symbologist races to uncover clues that will help stop an attack on the Vatican by a secret society looking to retaliate for old persecutions.",2020,"Dec"
"s1613","Movie","Chef","Jon Favreau","Jon Favreau, Sofía Vergara, John Leguizamo, Scarlett Johansson, Dustin Hoffman, Oliver Platt, Bobby Cannavale, Amy Sedaris, Robert Downey Jr., Emjay Anthony, Russell Peters","United States",2020-12-01,2014,"R",115,"min","Comedies, Independent Movies","After igniting a Twitter war with a well-known culinary critic, a Los Angeles chef packs his knives, heads home to Miami and opens a food truck.",2020,"Dec"
"s1614","Movie","Effie Gray","Richard Laxton","Dakota Fanning, Emma Thompson, Julie Walters, David Suchet, Derek Jacobi, James Fox, Robbie Coltrane, Claudia Cardinale, Greg Wise, Tom Sturridge","United Kingdom",2020-12-01,2014,"PG-13",109,"min","Dramas, International Movies, Romantic Movies","Trapped in a loveless marriage, the young wife of Victorian-era art critic John Ruskin finds herself falling for an artist — and looking for a way out.",2020,"Dec"
"s1617","Movie","Monster House","Gil Kenan","Mitchel Musso, Sam Lerner, Spencer Locke, Steve Buscemi, Kathleen Turner, Jason Lee, Jon Heder, Maggie Gyllenhaal, Catherine O'Hara, Fred Willard, Nick Cannon, Kevin James","United States",2020-12-01,2006,"PG",91,"min","Children & Family Movies, Comedies","A trio of friends sets out to expose the terrors of a vacant neighborhood house, which appears to have a craving for people — and a life of its own.",2020,"Dec"
"s1618","Movie","Natalie Palamides: Nate - A One Man Show","Phil Burgers","Natalie Palamides","United States",2020-12-01,2020,"TV-MA",60,"min","Comedies","Tough talk takes a soft turn as Nate, played by comedian Natalie Palamides, explores humor, heartbreak, sexuality and consent — with a live audience.",2020,"Dec"
"s1621","Movie","Peppermint","Pierre Morel","Jennifer Garner, John Ortiz, John Gallagher Jr., Juan Pablo Raba, Annie Ilonzeh, Jeff Hephner, Pell James, Method Man, Cailey Fleming, Tyson Ritter","Hong Kong, United States",2020-12-01,2018,"R",102,"min","Action & Adventure","After her family is murdered, a mild-mannered mom remakes herself into a badass vigilante in order to exact violent justice.",2020,"Dec"
"s1622","Movie","Quigley Down Under","Simon Wincer","Tom Selleck, Laura San Giacomo, Alan Rickman, Chris Haywood, Ron Haddrick, Tony Bonner, Jerome Ehlers, Ben Mendelsohn, Conor McDermottroe, Roger Ward","Australia, United States",2020-12-01,1990,"PG-13",120,"min","Action & Adventure","After traveling to Australia for a job, a sharpshooting cowboy becomes a target himself when he refuses an immoral assignment from a corrupt landowner.",2020,"Dec"
"s1625","Movie","The Da Vinci Code","Ron Howard","Tom Hanks, Audrey Tautou, Ian McKellen, Jean Reno, Paul Bettany, Alfred Molina, Jürgen Prochnow, Jean-Yves Berteloot, Etienne Chicot, Jean-Pierre Marielle","United States, Malta, France, United Kingdom",2020-12-01,2006,"PG-13",149,"min","Thrillers","When the curator of the Louvre is killed, a Harvard professor and a cryptographer must untangle a web of deceit involving works of Leonardo da Vinci.",2020,"Dec"
"s1627","Movie","The Happytime Murders","Brian Henson","Melissa McCarthy, Elizabeth Banks, Maya Rudolph, Bill Barretta, Leslie David Baker, Joel McHale, Dorien Davies, Cynthy Wu, Michael McDonald, Mitch Silpa","United States, China, Canada",2020-12-01,2018,"R",91,"min","Action & Adventure, Comedies","In an LA where puppets and humans coexist, a down-on-his-luck detective teams with his ex-partner to nab a killer targeting the cast of an old TV show.",2020,"Dec"
"s1630","Movie","U-Turn","Derick Cabrido","Kim Chiu, JM de Guzman, Tony Labrusca, Martin del Rosario, Kate Alejandrino, Miel Espinoza, Janella Salvador, Cris Villanueva, Almira Muhlach, Cris Villonco, Mercedes Cabral, Jerry O'Hara, Simon Ibarra, Alex Medina, Markus Paterson","Philippines",2020-12-01,2020,"TV-MA",99,"min","Horror Movies, International Movies","A young reporter's investigation into a string of grisly suicides takes a dangerous detour when she follows the clues to a cursed stretch of road.",2020,"Dec"
"s1631","Movie","Finding Agnes","Marla M. Ancheta","Jelson Bay, Sue Ramirez, Sandy Andolong, Roxanne Guinoo, Cheska Iñigo, Hannah Ledesma, Yuan Francisco, Raffa Esplana, Varoon Kessop","Philippines",2020-11-30,2020,"TV-PG",106,"min","Dramas, International Movies","On an emotional journey in Morocco, an entrepreneur pieces together the turbulent life of his estranged mother and meets her adopted daughter.",2020,"Nov"
"s1632","Movie","Rust Creek","Jen McGowan","Hermione Corfield, Jay Paulson, Sean O'Bryan, Micah Hauptman, Micah Hauptman, Daniel R. Hill, Jeremy Glazer, John Marshall Jones, Laura Guzman, Jake Kidwell","United States",2020-11-30,2018,"R",108,"min","Thrillers","A wrong turn in the woods becomes a fight for her life when a career-seeking college student runs into two outlaw brothers looking to cook up trouble.",2020,"Nov"
"s1633","Movie","Spookley and the Christmas Kittens","Bernie Denk","Vlasta Vrana, Sonja Ball, Craig Francis, Richard C. Jones, Michael Perron, Terrence Scammell, Bruce Dinsmore, Jennifer Seguin, Daniel Brochu","United States",2020-11-30,2019,"TV-Y",45,"min","Children & Family Movies","When a green cat and three stray kittens wind up at Holiday Hill Farm, Spookley the Square Pumpkin and his friends help the felines find their way home.",2020,"Nov"
"s1634","Movie","The 2nd","Brian Skiba","Ryan Phillippe, Casper Van Dien, Jack Griffo, Lexi Simonsen, Richard Burgi, William Katt, Samaire Armstrong, William McNamara, Jacob Grodnik","United States",2020-11-30,2020,"TV-MA",93,"min","Action & Adventure","A Secret Service agent is drawn into a terrorist plot when his son's classmate, the daughter of a Supreme Court Justice, is targeted for kidnapping.",2020,"Nov"
"s1636","Movie","A Go! Go! Cory Carson Christmas","Stanley Moore, Alex Woo","Alan C. Lim, Taron C. Hensley, Maisie Benson, Kerry Gudjohnsen, Paul Killam, Smith Foreman, Ann Kendrick, Ella Joy Ballesteros, Neena-Sinaii Simpo, Eli Morse","United States",2020-11-27,2020,"TV-Y",22,"min","Children & Family Movies","When a familiar-looking stranger crashes in without a memory, Cory helps him remember the magic of Christmas to save the holiday for everyone.",2020,"Nov"
"s1637","Movie","Dance Dreams: Hot Chocolate Nutcracker","Oliver Bokelberg","Debbie Allen","United States",2020-11-27,2020,"TV-PG",81,"min","Children & Family Movies, Documentaries","This documentary spotlights Debbie Allen's career and follows her group of dance students as they prepare for Allen's annual ""Hot Chocolate Nutcracker.""",2020,"Nov"
"s1638","Movie","Don’t Listen","Ángel Gómez Hernández","Rodolfo Sancho, Ana Fernández, Ramón Barea, Belén Fabra, Lucas Blas","Spain",2020-11-27,2020,"TV-MA",98,"min","Horror Movies, International Movies","After a tragic turn of events at the new home he's fixing up, Daniel hears a ghostly plea for help, spurring him to seek out a famous paranormal expert.",2020,"Nov"
"s1643","Movie","The Beast","Ludovico Di Martino","Fabrizio Gifuni, Lino Musella, Monica Piseddu, Andrea Pennacchi, Emanuele Linfatti, Nicolò Galasso, Giacomo Colavito, Giada Gagliardi, Gianmarco Vettori, Silvia Gallerano, Massimiliano Setti","Italy",2020-11-27,2020,"TV-MA",100,"min","Action & Adventure, International Movies","To rescue his daughter, an unstable Special Forces veteran unleashes his inner beast as he pursues her kidnappers — and soon becomes a suspect himself.",2020,"Nov"
"s1644","Movie","The Call","Lee Chung-hyun","Park Shin-hye, Jun Jong-seo, Kim Sung-ryoung, EL, Park Ho-san, Oh Jung-se, Lee Dong-hwi, Um Chae-young","South Korea",2020-11-27,2020,"TV-MA",112,"min","International Movies, Thrillers","Connected by phone in the same home but 20 years apart, a serial killer puts another woman’s past — and life — on the line to change her own fate.",2020,"Nov"
"s1645","Movie","Fantastica","Barry Gonzalez","Vice Ganda, Richard Gutierrez, Dingdong Dantes, Bela Padilla","Philippines",2020-11-26,2018,"TV-PG",114,"min","Comedies, International Movies, LGBTQ Movies","The owner of a struggling carnival starts putting on small-time shows to save his wonderland as an old friend asks for help with a magical mission.",2020,"Nov"
"s1646","Movie","Larry the Cable Guy: Remain Seated","Brian Volk-Weiss","Larry the Cable Guy","United States",2020-11-26,2020,"TV-14",68,"min","Stand-Up Comedy","With his signature call to ""Git-R-Done,"" Larry muses on swampy weather, late-night shopping at Walmart and other raunchy tales of life in rural America.",2020,"Nov"
"s1647","Movie","Mosul","Matthew Michael Carnahan","Suhail Dabbach, Adam Bessa, Is'haq Elias, Qutaiba Abdelhaq, Ahmad El Ghanem, Hicham Ouarqa, Mohimen Mahbuba, Thaer Al-Shayei, Abdellah Bensaid, Faycal Attougui, Mohamed Attougui, Tarik Belmekki, Hayat Kamille, Seema Al Khalidi, Waleed Algadi","United States",2020-11-26,2020,"TV-MA",103,"min","Action & Adventure, Dramas, International Movies","After his life is saved by a rogue Iraqi squadron, a young police officer joins them in their fight against ISIS in a decimated Mosul.",2020,"Nov"
"s1648","Movie","Unexpectedly Yours","Cathy Garcia-Molina","Sharon Cuneta, Robin Padilla, Julia Barretto, Joshua Garcia, John Estrada, Pilar Pilapil, Marissa Delgado, Maritoni Fernandez","Philippines",2020-11-26,2017,"TV-14",121,"min","Comedies, International Movies, Romantic Movies","A pair of former batchmates cross paths 30 years later when they wind up as new neighbors, and their reconnection soon blossoms into something more.",2020,"Nov"
"s1649","Movie","Ghosts of War","Eric Bress","Brenton Thwaites, Theo Rossi, Skylar Astin, Kyle Gallner, Alan Ritchson, Billy Zane, Shaun Toub","United Kingdom",2020-11-25,2020,"R",95,"min","Horror Movies","Five, battle-worn Allied soldiers guarding a chateau previously occupied by Nazis start experiencing unexplained and terrifying supernatural horrors.",2020,"Nov"
"s1651","Movie","Shawn Mendes: Live in Concert","Paul Dugdale","Shawn Mendes","United Kingdom, United States",2020-11-25,2020,"TV-PG",87,"min","Music & Musicals","In his hometown of Toronto, Shawn Mendes pours his heart out on stage with a live performance in a stadium packed with adoring fans.",2020,"Nov"
"s1652","Movie","The Christmas Chronicles: Part Two","Chris Columbus","Kurt Russell, Goldie Hawn, Darby Camp, Jahzir Bruno, Julian Dennison, Judah Lewis, Kimberly Williams-Paisley, Tyrese Gibson","Canada",2020-11-25,2020,"PG",115,"min","Children & Family Movies, Comedies","Unhappy over her mom’s new relationship, a now-teenage Kate runs away and lands at the North Pole, where a naughty elf is plotting to cancel Christmas.",2020,"Nov"
"s1654","Movie","Andhakaaram","V Vignarajan","Vinoth Kishan, Arjun Das, Pooja Ramachandran, Kumar Natarajan, Misha Ghoshal, Arul Vincent, Chenthu Mohan, Pradeep Kalipurayath","India",2020-11-24,2020,"TV-14",171,"min","Horror Movies, International Movies, Thrillers","As a blind librarian, dispirited cricketer and desolate psychiatrist each seek retribution and release, their lives overlap under eerie influences.",2020,"Nov"
"s1655","Tv Show","Before 30","BB Sasore","Damilola Adegbite, O.C. Ukeje, Beverly Naya, Meg Otanwa, Anee Icha, Patrick Diabuah, Tunbosun Aiyedehin, Patrick Doyle","Nigeria",2020-11-24,2015,"TV-MA",1,"Season","International TV Shows, Romantic TV Shows, TV Comedies","Four female friends in the fast-paced city of Lagos, Nigeria endure public and private pressures to walk down the aisle by the age of 30.",2020,"Nov"
"s1656","Movie","Dragons: Rescue Riders: Huttsgalor Holiday","Greg Rankin, TJ Sullivan","Noah Kaye Bentley, Brennley Brown, Zach Callison, Nicolas Cantu, Skai Jackson, Marsai Martin, Andre Robinson, Carlos Alazraqui, Roshon Fegan, Grey Griffin, Brad Grusnick, Sam Lavagnino, John C. McGinley, Roger Craig Smith","United States",2020-11-24,2020,"TV-Y",46,"min","Children & Family Movies, Comedies","Snowfall marks the start of Odinyule — the Viking holiday of giving! But crazy weather might cancel the tradition unless the Rescue Riders can swoop in.",2020,"Nov"
"s1657","Movie","Hillbilly Elegy","Ron Howard","Amy Adams, Glenn Close, Gabriel Basso, Haley Bennett, Freida Pinto, Bo Hopkins, Owen Asztalos","United States",2020-11-24,2020,"R",117,"min","Dramas","An urgent phone call pulls a Yale Law student back to his Ohio hometown, where he reflects on three generations of family history and his own future.",2020,"Nov"
"s1658","Movie","Notes for My Son","Carlos Sorín","Valeria Bertuccelli, Esteban Lamothe, Julián Sorín, Mauricio Dayub, Malena Pichot, Catarina Spinetta, Carla Quevedo, Anita Pauls, Mónica Antonópulos, Paola Barrientos, Ana Katz, Romina Richi, Diego Gentile, Beatriz Spelzini, Diego Reinhold","Argentina",2020-11-24,2020,"TV-MA",84,"min","Dramas, International Movies","Battling terminal cancer, a woman writes a one of a kind notebook about life, death and love for her son to remember her by. Based on a true story.",2020,"Nov"
"s1660","Movie","Hard Kill","Matt Eskandari","Jesse Metcalfe, Bruce Willis, Natalie Eva Marie, Lala Kent, Texas Battle, Swen Temmel, Sergio Rizzuto, Tyler Jon Olson, Jon Galanis","United States",2020-11-23,2020,"R",98,"min","Action & Adventure","When a billionaire hires a team of mercenaries for protection, they soon realize world-changing technology and his daughter’s life are also at stake.",2020,"Nov"
"s1661","Movie","Shawn Mendes: In Wonder","Grant Singer","Shawn Mendes","United States",2020-11-23,2020,"TV-MA",83,"min","Documentaries, Music & Musicals","Over the course of a world tour, this unguarded documentary follows Shawn Mendes as he opens up about his stardom, relationships and musical future.",2020,"Nov"
"s1663","Movie","The Suit","Mohammad Adel","Tamer Hosny, Akram Hosny, Amina Khalil, Dalal Abdelaziz, Maged El-Masri, Yasser Ali Maher, Salwa Mohammed, Mahmoud El-Bezzawy, Hassan Hosny, Taher Abu Lela, Ahmed Zaher","Egypt",2020-11-23,2018,"TV-14",97,"min","Action & Adventure, Comedies, International Movies","After a duo of slackers dress up as policemen for a costume party, they decide to prolong their disguise — not knowing that it will lead them to danger.",2020,"Nov"
"s1664","Movie","Dolly Parton’s Christmas on the Square","Debbie Allen","Dolly Parton, Christine Baranski, Treat Williams, Jenifer Lewis, Josh Segarra, Jeanine Mason, Mary Lane Haskell","United States",2020-11-22,2020,"TV-PG",99,"min","Children & Family Movies, Music & Musicals","Seasonal cheer comes to a screeching halt when a cold-hearted woman tries to sell her hometown's land. Can music, magic and memories change her mind?",2020,"Nov"
"s1665","Movie","Machete Kills","Robert Rodriguez","Danny Trejo, Sofía Vergara, Charlie Sheen, Michelle Rodriguez, Demián Bichir, Amber Heard, Mel Gibson, William Sadler, Alexa PenaVega, Antonio Banderas, Lady Gaga, Cuba Gooding Jr., Jessica Alba, Walton Goggins, Vanessa Hudgens","United States, Russia",2020-11-22,2013,"R",108,"min","Action & Adventure","Killer-for-hire Machete cuts a deal with the U.S. president to stop a nuclear missile attack but discovers a much larger conspiracy.",2020,"Nov"
"s1666","Movie","40 Sticks","Victor Gatonye","Robert Agengo, Mwaura Bilal, Andreo Kamau, Cajetan Boy, Arabron Nyyeneque, Shiviske Shivisi, Xavier Ywaya","Kenya",2020-11-20,2019,"TV-14",93,"min","International Movies, Thrillers","When their prison bus crashes in a forest on a rainy night, a group of criminals finds themselves battling wild animals and a mysterious killer.",2020,"Nov"
"s1667","Movie","Alien Xmas","Stephen Chiodo","Keythe Farley, Dee Bradley Baker, Kaliayh Rhambo, Michelle Deco, Barbara Goodson","United States",2020-11-20,2020,"TV-Y",42,"min","Children & Family Movies","A young elf mistakes a tiny alien for a Christmas gift, not knowing her new plaything has plans to destroy Earth's gravity — and steal all the presents.",2020,"Nov"
"s1672","Movie","The App That Stole Christmas","Monica Floyd","Jackie Long, Diane Marie Howard, Jaylin Hall, Miguel A. Núñez Jr., Ray J, JayQ The Legend, J. Anthony Brown, Kenny Rhodes, Amber Cosich","United States",2020-11-20,2020,"TV-PG",64,"min","Children & Family Movies, Comedies","A tech entrepreneur's Christmas shopping app is a smashing success, but he starts to realize his invention might be ruining the holiday spirit.",2020,"Nov"
"s1674","Movie","Black Friday","Anurag Kashyap","Pavan Malhotra, Kay Kay Menon, Aditya Srivastava, Dibyendu Bhattacharya, Kishore Kadam, Gajraj Rao, Zakir Hussain, Imtiaz Ali, Pratima Kazmi, Raj Arjun","India",2020-11-19,2004,"TV-MA",162,"min","Dramas, International Movies","This docudrama based on the same-titled book tracks the aftermath of a 1993 bombing in Bombay through the eyes of a journalist covering the story.",2020,"Nov"
"s1675","Movie","Bodyguard","Siddique","Salman Khan, Kareena Kapoor, Raj Babbar, Asrani, Vidya Sinha, Hazel Keech, Chetan Hansraj, Salim Baig","India",2020-11-19,2011,"TV-14",130,"min","Action & Adventure, Comedies, International Movies","Irked by her bodyguard, an heiress invents a secret admirer to throw him off his duties, but the plan may backfire when she falls for him.",2020,"Nov"
"s1676","Movie","Break Ke Baad","Danish Aslam","Imran Khan, Deepika Padukone, Shahana Goswami, Lillete Dubey, Sharmila Tagore, Navin Nischol, Parzan Dastur, Neelu Kohli, Ziyah Vastani, Yudhishtir Urs, Grady McGahan","India",2020-11-19,2010,"TV-14",108,"min","Comedies, International Movies, Music & Musicals","Childhood friends Abhay and Aaliya experience plenty of obstacles in their paths as they find their way in the world and back to each other.",2020,"Nov"
"s1677","Movie","Hawaizaada","Vibhu Virender Puri","Ayushmann Khurrana, Mithun Chakraborty, Pallavi Sharda, Naman Jain, Jameel Khan","India",2020-11-19,2015,"TV-14",129,"min","Dramas, International Movies, Romantic Movies","In 1895 Mumbai, spirited Indian lad Shiv Talpade defies British rule and sparse funding – and physics – to build the world's first airplane.",2020,"Nov"
"s1678","Movie","My Amnesia Girl","Cathy Garcia-Molina","John Lloyd Cruz, Toni Gonzaga, Carlos Agassi, Ketchup Eusebio, Joross Gamboa, JM de Guzman, Beatriz Saw, Nico Antonio","Philippines",2020-11-19,2010,"TV-14",105,"min","International Movies, Romantic Movies","Years after leaving his bride-to-be at the altar, a man crosses paths with his ex and tries to make up for the past, only to find he's been forgotten.",2020,"Nov"
"s1679","Movie","Raman Raghav 2.0","Anurag Kashyap","Nawazuddin Siddiqui, Vicky Kaushal, Sobhita Dhulipala, Mukesh Chhabra, Anuschka Sawhney, Vipin Sharma, Deepali Suryakant Badekar, Ashok Lokhande, Harssh Singh, Rajesh Jais, Hitesh Dave","India",2020-11-19,2016,"TV-MA",133,"min","International Movies, Thrillers","A corrupt cop and a serial killer obsessed with a psychopath from the '60s get caught up in a ruthless cat-and-mouse game in this Indian thriller.",2020,"Nov"
"s1680","Movie","Singham","Rohit Shetty","Ajay Devgn, Kajal Aggarwal, Prakash Raj, Sonali Kulkarni, Sachin Khedekar, Sudhanshu Pandey, Anant Jog","India",2020-11-19,2011,"TV-14",142,"min","Action & Adventure, Dramas, International Movies","A police inspector kills himself after a powerful gangster frames him for corruption – but soon the thug faces the full force of cop Bajirao Singham.",2020,"Nov"
"s1681","Movie","TE3N","Ribhu Dasgupta","Amitabh Bachchan, Nawazuddin Siddiqui, Vidya Balan, Mukesh Chhabra, Sabyasachi Chakraborty, Prakash Belawadi, Tota Roy Chowdhury, Padmavati Rao, Suneel Sinha","India",2020-11-19,2016,"TV-14",128,"min","Dramas, International Movies, Thrillers","Still desperate to find his granddaughter nearly a decade after her kidnapping, a devoted grandfather chases a dangerous new lead.",2020,"Nov"
"s1682","Movie","The Princess Switch: Switched Again","Mike Rohl","Vanessa Hudgens, Nick Sagar, Sam Palladio, Mia Lloyd, Lachlan Nieboer, Ricky Norwood, Florence Hall, Suanne Braun, Mark Fleischmann","United States",2020-11-19,2020,"TV-G",97,"min","Children & Family Movies, Comedies, Dramas","When Margaret's Christmas coronation complicates her love life, her double Stacy steps in to save the day. But will a third look-alike ruin their plan?",2020,"Nov"
"s1683","Movie","Three Words to Forever","Cathy Garcia-Molina","Sharon Cuneta, Richard Gomez, Kathryn Bernardo, Liza Lorena, Freddie Webb, Tommy Esguerra, Joross Gamboa, Tobie Dela Cruz","Philippines",2020-11-19,2018,"TV-G",107,"min","Comedies, Dramas, International Movies","As they near their 25th wedding anniversary, Rick and Cristy try to conceal their crumbling marriage while their family prepares for a big celebration.",2020,"Nov"
"s1684","Movie","Well Done Abba","Shyam Benegal","Boman Irani, Minissha Lamba, Sammir Dattani, Ila Arun, Ravi Kishan, Sonali Kulkarni, Rajit Kapoor, Ravi Jhankal, Yashpal Sharma, Rajendra Gupta","India",2020-11-19,2009,"TV-14",135,"min","Comedies, International Movies","On leave in his drought-ridden village to find his daughter a husband, a father becomes mired in the bribery-laced bureaucracy of his local government.",2020,"Nov"
"s1686","Movie","Ainu Mosir","Takeshi Fukunaga","Kanto Shimokura, Debo Akibe, Emi Shimokura, Toko Miura, Lily Franky","United States, Japan",2020-11-17,2020,"TV-PG",84,"min","Dramas, International Movies","A sensitive Ainu teen searches for a spiritual connection with his recently deceased dad while navigating his indigenous identity in a changing world.",2020,"Nov"
"s1687","Movie","Kevin Hart: Zero F**ks Given","Leslie Small","Kevin Hart","United States",2020-11-17,2020,"TV-MA",70,"min","Stand-Up Comedy","Kevin Hart serves up laughs and brick oven pizza from the comfort of his home, and dishes on male group chats, sex after 40 and life with COVID-19.",2020,"Nov"
"s1690","Movie","Loving","Jeff Nichols","Joel Edgerton, Ruth Negga, Marton Csokas, Nick Kroll, Michael Shannon, Terri Abney, Alano Miller, Jon Bass, Bill Camp, David Jensen","United Kingdom, United States",2020-11-16,2016,"PG-13",124,"min","Dramas, Romantic Movies","A young couple's interracial marriage in 1958 sparks a case that leads to the Supreme Court. Based on the true story of Richard and Mildred Loving.",2020,"Nov"
"s1692","Movie","A Very Country Christmas","Justin G. Dyck","Bea Santos, Greyston Holt, Greg Vaughan, Deana Carter, Allison Hossack","United States, Canada",2020-11-15,2017,"TV-G",84,"min","Music & Musicals, Romantic Movies","When an unfulfilled country music star hides out in his hometown, he meets a budding interior designer who finds her way into his heart.",2020,"Nov"
"s1695","Movie","Cloudy with a Chance of Meatballs 2","Cody Cameron, Kris Pearn","Bill Hader, Anna Faris, James Caan, Will Forte, Andy Samberg, Benjamin Bratt, Neil Patrick Harris, Terry Crews, Kristen Schaal","United States",2020-11-15,2013,"PG",95,"min","Children & Family Movies, Comedies","Inventor Flint Lockwood battles mutant food beasts created by his notorious machine, including shrimpanzees, tacodiles and jellyfish sandwiches.",2020,"Nov"
"s1696","Movie","Hometown Holiday","Justin G. Dyck","Sarah Troyer, Bradley Hamilton, Kevin McGarry, Samantha Gracie","Canada",2020-11-15,2018,"TV-G",84,"min","Romantic Movies","An ambitious entertainment lawyer tries to sign a singing sensation in his sister's small town, but a local soon captures his attention — and heart.",2020,"Nov"
"s1700","Movie","White Christmas","Michael Curtiz","Bing Crosby, Danny Kaye, Rosemary Clooney, Vera-Ellen, Dean Jagger, Mary Wickes, John Brascia, Anne Whitfield, George Chakiris","United States",2020-11-15,1954,"TV-G",120,"min","Children & Family Movies, Classic Movies, Comedies","Two war buddies fall for two sisters and follow the girls to a resort owned by their former commanding officer, who is in danger of losing the place.",2020,"Nov"
"s1701","Movie","Killer Cove","Damián Romay","Haley Webb, Donny Boaz, Cathy Baron, Jason Alan Smith, Dennis Staroselsky, Owen Miller, Shawn Fitzgibbon","United States",2020-11-14,2019,"TV-14",87,"min","Thrillers","An unlucky woman finds a solution for her hateful ex, a trying job hunt and a stalker through a charming P.I. – only to endure a new set of problems.",2020,"Nov"
"s1703","Movie","Fukrey Boyzzz: Space Mein Fukrapanti","Avinash Walzade","Viraaj Modgill, Jasleen Singh, Pooja Punjabi, Amit Deondi, Ketan Kava, Zeel Thakkar, Manish Bhavan, Viswanathan Sridhar","India",2020-11-13,2020,"TV-Y7",75,"min","Children & Family Movies, Comedies","After a foreboding dream about aliens comes true, a fun-loving trio must prevent human intelligence from being stolen from planet Earth.",2020,"Nov"
"s1704","Movie","Jingle Jangle: A Christmas Journey","David E. Talbert","Forest Whitaker, Keegan-Michael Key, Hugh Bonneville, Anika Noni Rose, Madalen Mills, Phylicia Rashad, Ricky Martin, Justin Cornwell, Sharon Rose, Lisa Davina Phillip, Kieron Dyer","United States",2020-11-13,2020,"PG",124,"min","Children & Family Movies, Music & Musicals","Decades after his trusted apprentice betrayed him, a once-joyful toymaker finds new hope when his kind and curious granddaughter comes into his life.",2020,"Nov"
"s1706","Movie","The Life Ahead","Edoardo Ponti","Sophia Loren, Ibrahima Gueye, Renato Carpentieri, Diego Iosif Pirvu, Massimiliano Rossi, Abril Zamora, Babak Karimi","Italy",2020-11-13,2020,"PG-13",95,"min","Dramas, International Movies","A Holocaust survivor running a daycare business forms an unlikely friendship with a bitter street kid when she takes him in after he robs her.",2020,"Nov"
"s1707","Tv Show","The Minions of Midas","Mateo Gil","Luis Tosar, Marta Belmonte, Guillermo Toledo, Carlos Blanco, Marta Milans, Goize Blanco, Elena Irureta, Bea Segura, Jorge Andreu, Daniel Holguín, Adolfo Fernández, Fernando Barona, Juan Blanco, Ahmed Boulane, Pepe Ocio, Vito Sanz, Adelfa Calvo, Joaquín Climent, Carmelo Gómez, Miguel Ángel Solá","Spain",2020-11-13,2020,"TV-MA",1,"Season","Crime TV Shows, International TV Shows, Spanish-Language TV Shows","A millionaire publisher gets a blackmail note — his decision can mean life or death. Inspired by a Jack London story but set in contemporary Madrid.",2020,"Nov"
"s1708","Movie","A Very Special Love","Cathy Garcia-Molina","John Lloyd Cruz, Sarah Geronimo, Dante Rivero, Rowell Santiago, Johnny Revilla, Bing Pimental, Daphne Oseña-Paez, Al Tantay, Irma Adlawan, Arno Morales, Miles Ocampo","Philippines",2020-11-12,2008,"TV-G",107,"min","International Movies, Romantic Movies","After landing a job working for her longtime crush, an optimistic woman realizes that the man of her dreams isn't exactly who she envisioned.",2020,"Nov"
"s1710","Movie","First Love","Paul Soriano","Aga Muhlach, Bea Alonzo, Sandy Andolong, Albie Casiño, Edward Barber, Maureen Mann, Tim Donadt, Giselle Toengi, Raymond Lauchengco, Beverly Salviejo","Philippines",2020-11-12,2018,"TV-MA",123,"min","Dramas, International Movies, Romantic Movies","A chance encounter soon intertwines the lives of a reserved businessman and a vibrant photographer who is living with a grave heart condition.",2020,"Nov"
"s1711","Movie","Fruitvale Station","Ryan Coogler","Michael B. Jordan, Melonie Diaz, Octavia Spencer, Kevin Durand, Chad Michael Murray, Ahna O'Reilly, Ariana Neal, Keenan Coogler, Trestin George, Joey Oglesby","United States",2020-11-12,2013,"R",85,"min","Dramas, Independent Movies","This dramatic rendering of a real-life tragedy recounts the final hours of Oscar Grant, shot by San Francisco transit police on New Year's Day, 2009.",2020,"Nov"
"s1713","Movie","Ludo","Anurag Basu","Abhishek Bachchan, Aditya Roy Kapur, Rajkummar Rao, Sanya Malhotra, Fatima Sana Shaikh, Pankaj Tripathi, Rohit Saraf, Shalini Vatsa, Pearle Maaney","India",2020-11-12,2020,"TV-MA",150,"min","Comedies, Dramas, International Movies","From a resurfaced sex tape to a rogue suitcase of money, four wildly different stories overlap at the whims of fate, chance and one eccentric criminal.",2020,"Nov"
"s1714","Movie","Memories of a Teenager","Lucas Santa Ana","Renato Quattordio, Malena Narvay, Thomás Lepera, Jerónimo Giocondo Bosia, Tomás Wicz, Tomás Raimondi, Majo Chicar, Agustina Cabo","Argentina",2020-11-12,2019,"TV-MA",97,"min","Dramas, International Movies, LGBTQ Movies","To cope with a friend's death, a teen blogs about his daily life but falls further into an existential crisis while experiencing a sexual awakening.",2020,"Nov"
"s1715","Movie","Prom Night","Nelson McCormick","Brittany Snow, Scott Porter, Jessica Stroup, Dana Davis, Collins Pennie, Kelly Blatz, James Ransone, Brianne Davis, Kellan Lutz, Mary Mara, Ming-Na Wen, Johnathon Schaech, Idris Elba","United States, Canada",2020-11-12,2008,"PG-13",88,"min","Horror Movies","On prom night, a high school senior still struggling with her nightmare past tries to evade a killer bent on ending the party for her and her friends.",2020,"Nov"
"s1716","Tv Show","A Queen Is Born","Carla Barros","Gloria Groove, Alexia Twister","Brazil",2020-11-11,2020,"TV-14",1,"Season","International TV Shows, Reality TV","Gloria Groove and Alexia Twister make drag dreams come true as they help six artists find the confidence to own the stage in this makeover show.",2020,"Nov"
"s1721","Movie","What We Wanted","Ulrike Kofler","Lavinia Wilson, Elyas M'Barek, Anna Unterberger, Lukas Spisser, Iva Höpperger, Fedor Teyml, Marta Manduca, Maria Hofstätter, Tina Haller","Austria",2020-11-11,2020,"TV-MA",93,"min","Dramas, International Movies","A couple facing fertility issues finds their marriage tested on a vacation to a Sardinian resort — and the family next door only adds to the tension.",2020,"Nov"
"s1726","Movie","Citation","Kunle Afolayan","Temi Otedola, Jimmy Jean-Louis, Joke Silva, Gabriel Afolayan, Adjetey Anang, Ini Edo, Sadiq Daba, Wole Olowomojuore, Yomi Fash-Lanso, Bukunmi Oluwashina, Bienvenu Neba, Ray Reboul, Ibukun Awosika, Seun Kuti","Nigeria",2020-11-06,2020,"TV-MA",151,"min","Dramas, International Movies","A bright student in Nigeria takes on the academic establishment when she reports a popular professor who tried to rape her. Based on real events.",2020,"Nov"
"s1728","Movie","Girl's Revenge","Weica Wang","Wang Yu-ping, Yuri Chen, Shiny Yao, Pii Liu, Mike Lin, Edison Song, Xia Teng-hong, Moon Lee","Taiwan",2020-11-06,2020,"TV-MA",82,"min","Dramas, International Movies","After a sex video subjects her friend to mockery and bullying, a transfer student sets out to reveal the truth as campus secrets come to light.",2020,"Nov"
"s1729","Movie","The Endless Trench","Aitor Arregi, Jon Garaño, Jose Mari Goenaga","Antonio de la Torre, Belén Cuesta, Vicente Vergara, José Manuel Poga, Emilio Palacios","Spain, France, Canada",2020-11-06,2019,"TV-MA",148,"min","Dramas, Independent Movies, International Movies","Fearing retribution, a Republican from the Spanish Civil War hides in his home for more than 30 years with the help of his wife. Based on true events.",2020,"Nov"
"s1730","Movie","The Late Bloomer","Kevin Pollak","Johnny Simmons, Maria Bello, Brittany Snow, Kumail Nanjiani, Beck Bennett, Paul Wesley, Jane Lynch, J.K. Simmons, Lenora Crichlow","United States",2020-11-06,2016,"R",95,"min","Comedies","A sex therapist with pituitary issues finally gets to experience puberty in all its glory at age 30, when an operation unleashes his raging hormones.",2020,"Nov"
"s1732","Movie","A New York Christmas Wedding","Otoja Abit","Nia Fairweather, Chris Noth, Cooper Koch, Tyra Ferrell, Denny Dillon, Adriana DeMeo, Otoja Abit, David Anzuelo, Camilla Harden, Natasha Goodman, Avery Whitted, Tony D. Head, Joe Perrino","United States",2020-11-05,2020,"TV-MA",90,"min","Dramas, LGBTQ Movies, Romantic Movies","As her wedding nears, a bride-to-be is visited by an angel who reveals what could have been if she'd followed feelings for her childhood best friend.",2020,"Nov"
"s1733","Movie","Alone/Together","Antoinette Jadaone","Liza Soberano, Enrique Gil, Adrian Alandy, Jasmine Curtis-Smith, Sylvia Sanchez, Nonie Buencamino, Xia Vigor, Richard Manabat","Philippines",2020-11-05,2019,"TV-14",103,"min","Dramas, International Movies, Romantic Movies","Eight years after their breakup, college sweethearts Christine and Raf reconnect at different points in their lives as feelings from the past resurface.",2020,"Nov"
"s1735","Movie","Midnight at the Magnolia","Maxwell McGuire","Natalie Hall, Evan Williams, Michael Gordon Shore, Steve Cumyn, Albert Brooks","Canada",2020-11-05,2020,"TV-G",87,"min","Comedies, Romantic Movies","Longtime friends and local radio hosts Maggie and Jack fake it as a couple for their families and listeners in hopes of getting their show syndicated.",2020,"Nov"
"s1736","Movie","One More Try","Ruel S. Bayani","Angel Locsin, Angelica Panganiban, Dingdong Dantes, Zanjoe Marudo, Miguel Vergara, Gina Pareño, Carmina Villarroel, Agot Isidro","Philippines",2020-11-05,2012,"TV-14",102,"min","Dramas, International Movies, Romantic Movies","When her son's condition becomes severe, a woman reconnects with the biological father. But the reunion puts a strain on their respective relationships.",2020,"Nov"
"s1737","Movie","Operation Christmas Drop","Martin Wood","Kat Graham, Alexander Ludwig, Virginia Madsen, Janet Kidder, Jeff Joseph, Bethany Brown, Trezzo Mahoro, Rohan Campbell, Aliza Vellani, Aaron Douglas, Xavier de Guzman, Bruce Best","United States",2020-11-05,2020,"TV-G",96,"min","Children & Family Movies, Comedies, Romantic Movies","A by-the-book political aide falls for a big-hearted Air Force pilot while looking to shut down his tropical base and its airborne Christmas tradition.",2020,"Nov"
"s1740","Movie","Christmas with a Prince","Justin G. Dyck","Kaitlyn Leeb, Nick Hounslow, Josh Dean, Melinda Shankar, Liam MacDonald, Ilamaria Ebrahim, Charles Shaughnessy, Julia Baldwin","Canada",2020-11-04,2018,"TV-PG",86,"min","Comedies, Dramas, Romantic Movies","A dedicated pediatrician reconsiders her feelings for a carefree prince as he secretly recovers from a ski accident alongside her young patients.",2020,"Nov"
"s1742","Movie","Miss India","Narendra Nath","Keerthy Suresh, Dr. Rajendra Prasad, Jagapathi Babu, V. K. Naresh, Nadhiya, Naveen Chandra, Sumanth Shailendra, Kamal Kamaraju, Praveen, Pujitha Ponnada, Divya Sripada","India",2020-11-04,2020,"TV-PG",136,"min","Dramas, International Movies","Uprooted to America, an aspiring Indian entrepreneur confronts disapproval, sexism and rivalry as she draws from her culture to start a tea business.",2020,"Nov"
"s1743","Movie","Felix Lobrecht: Hype","Jan-Peter Horns","Felix Lobrecht","Germany",2020-11-03,2020,"TV-MA",60,"min","Stand-Up Comedy","Felix Lobrecht aims his dark humor at overly polite culture, weird laughter, the sheer awkwardness of a walking baby and more in this stand-up special.",2020,"Nov"
"s1744","Movie","MOTHER","Tatsushi Omori","Masami Nagasawa, Sadao Abe, Daiken Okudaira","Japan",2020-11-03,2020,"TV-14",127,"min","Dramas, International Movies","Shuhei’s erratic mother feels threatened when he starts to awaken to a world beyond her distorted control, sending the family hurtling towards tragedy.",2020,"Nov"
"s1748","Movie","Prospect","Zeek Earl, Christopher Caldwell","Sophie Thatcher, Pedro Pascal, Jay Duplass, Andre Royo, Sheila Vand, Anwan Glover","Canada, United States",2020-11-02,2018,"R",100,"min","Sci-Fi & Fantasy, Thrillers","A father and daughter travel to an alien moon in search of a valuable gem but are forced to alter their plans when a nefarious outlaw gets involved.",2020,"Nov"
"s1750","Movie","Christmas Break-In","Michael Kampa","Danny Glover, Denise Richards, Cameron Seely, Sean O'Bryan, Katrina Begin, Jake Van Wagoner, Douglas Spain, Dawson Ehlke","United States",2020-11-01,2019,"TV-PG",87,"min","Children & Family Movies, Comedies","Stranded at school before holiday break, a precocious girl gets into the spirit of saving when a trio of robbers trespass and hold the janitor hostage.",2020,"Nov"
"s1752","Movie","Elf Pets: A Fox Cub’s Christmas Tale","Chanda Bell","Leslie Bellair, Brad Hyland, Brody Rose, Carol Aebersold","United States",2020-11-01,2020,"TV-Y",28,"min","Children & Family Movies","An elite team of elves – and their furry fox cub friends – help bring the Christmas spirit to a boy whose mom may not make it home for the holidays.",2020,"Nov"
"s1753","Movie","Elf Pets: Santa’s Reindeer Rescue","Chanda Bell","Brad Hyland, Drew Barber, Ashley Roberts, Lowrey Brown, Kristyl Tift, Manny Mahen, Olivia Berkeley, Eleanor Rocha","United States",2020-11-01,2020,"TV-Y",27,"min","Children & Family Movies","Determined to help Santa get ready for his merry rounds of gift-giving, a team of special elves wrangles in more reindeer and much-needed holiday magic.",2020,"Nov"
"s1754","Movie","Elliot the Littlest Reindeer","Jennifer Westcott","Josh Hutcherson, Samantha Bee, Martin Short, Morena Baccarin, Jeff Dunham, John Cleese","Canada",2020-11-01,2018,"PG",90,"min","Children & Family Movies","When Blitzen suddenly retires, a miniature horse determined to join Santa's reindeer team faces fierce competition in the North Pole tryouts.",2020,"Nov"
"s1762","Movie","Little Monsters","Richard Greenberg","Fred Savage, Howie Mandel, Daniel Stern, Margaret Whitton, Rick Ducommun, Frank Whaley, Ben Savage, William Murray Weiss, Devin Ratray, Amber Barretto","United States",2020-11-01,1989,"PG",102,"min","Children & Family Movies, Comedies","Brian knows there are creatures under his bed. When he faces his fears and confronts them, however, he makes some hilariously weird new friends.",2020,"Nov"
"s1763","Movie","Mile 22","Peter Berg","Mark Wahlberg, Lauren Cohan, Iko Uwais, John Malkovich, Ronda Rousey, Carlo Alban, Sam Medina, Terry Kinney, Nikolai Nikolaeff, Natasha Goubskaya","United States, China, Colombia",2020-11-01,2018,"R",94,"min","Action & Adventure","An officer in a top-secret CIA unit leads his team in escorting a prized intelligence asset to safety, with enemy forces hot on their trail.",2020,"Nov"
"s1764","Movie","Piercing","Nicolas Pesce","Christopher Abbott, Mia Wasikowska, Laia Costa, Marin Ireland, Maria Dizzia, Wendell Pierce, Olivia Bond, Dakota Lustick","United States",2020-11-01,2018,"R",81,"min","Dramas, Independent Movies, Thrillers","A family man plots to kill a spellbinding sex worker but ends up in a psychosexual exercise to outwit his twisted target.",2020,"Nov"
"s1765","Movie","Snowden","Oliver Stone","Joseph Gordon-Levitt, Shailene Woodley, Zachary Quinto, Melissa Leo, Tom Wilkinson, Timothy Olyphant, Nicolas Cage, Rhys Ifans, Joely Richardson, Scott Eastwood, Ben Schnetzer, Logan Marshall-Green","United Kingdom, France, Germany, United States",2020-11-01,2016,"R",134,"min","Dramas, Thrillers","This thriller traces Edward Snowden's journey from Army recruit to disillusioned government analyst bent on exposing vast U.S. surveillance programs.",2020,"Nov"
"s1768","Movie","The Impossible","J.A. Bayona","Naomi Watts, Ewan McGregor, Tom Holland, Samuel Joslin, Oaklee Pendergast, Marta Etura, Sönke Möhring, Geraldine Chaplin, Ploy Jindachote, Jomjaoi Sae-Limh","Spain, Thailand, United States",2020-11-01,2012,"PG-13",114,"min","Dramas","Tracking one family's harrowing experiences, this gripping drama depicts the chaos generated by the massive 2004 tsunami in Southeast Asia.",2020,"Nov"
"s1769","Movie","The Next Karate Kid","Christopher Cain","Pat Morita, Hilary Swank, Michael Ironside, Constance Towers, Chris Conrad, Arsenio ""Sonny"" Trinidad, Michael Cavalieri, Walton Goggins","United States",2020-11-01,1994,"PG",107,"min","Action & Adventure, Dramas, Sports Movies","In Boston, karate master Mr. Miyagi finds a new pupil in troubled teen Julie Pierce when she gets bullied by a group of relentless classmates.",2020,"Nov"
"s1771","Movie","Wheels of Fortune","Shaun Paul Piccinino","Matt Jones, Noureen DeWulf, John Ducey, Matty Cardarople, Jeff Fahey, Christina Moore, Gabriel Tigerman, Ali Afshar, Tyler Jacob Moore, Jessica Serfaty","United States",2020-11-01,2020,"R",107,"min","Comedies, Sports Movies","To claim a big inheritance, a down-on-his-luck mechanic must win a series of competitions as outlined in his birth father's will.",2020,"Nov"
"s1772","Tv Show","Afronta! Facing It!","Juliana Vicente","Loo Nascimento, Ingrid Silva, Rincon Sapiência, Batekoo, Gabriel Martins, Benjamin Abras, Daniele DaMata, Tasha & Tracie Okereke, Mariana de Matos, André Novais, Mahal Pita, Grace Passô, Thamyra Thâmara, Xenia França, Criola, Dani Ornellas, Anelis Assumpção, Magá Moura, Tássia Reis, Liniker, Yasmin Thayná, Raquel Virgínia, Juliana Luna, Erica Malunguinho, Diane Lima, Karol Conká","Brazil",2020-10-31,2017,"TV-PG",1,"Season","Docuseries, International TV Shows","This docuseries spotlights Afro-Brazilian thinkers sharing their individual journeys and discussing representation, entrepreneurship and community.",2020,"Oct"
"s1773","Movie","The 12th Man","Harald Zwart","Thomas Gullestad, Jonathan Rhys Meyers, Marie Blokhus, Mads Sjøgård Pettersen, Vegar Hoel, Håkon T. Nielsen, Eirik Risholm Velle, Daniel Frikstad, Eric Dirnes, Alexander Zwart","Norway",2020-10-31,2018,"TV-MA",130,"min","Action & Adventure, Dramas, International Movies","Based on true events, this story follows a Norwegian saboteur’s harrowing struggle to reach safety after escaping a Nazi attack during World War II.",2020,"Oct"
"s1775","Movie","Hidden in Plain Sight","Stacia Crawford","Victoria Barabas, Gino Anthony Pesi, Jake Allyn, Deborah Van Valkenburgh, Jessica Meraz, Jack Fisher, Eve Sigall, Jerod Meagher","United States",2020-10-30,2019,"TV-14",87,"min","Dramas, Independent Movies, Thrillers","A woman stages her own suicide but still lives in fear of her abusive ex-boyfriend tracking her down and stealing the son he never knew he had.",2020,"Oct"
"s1776","Movie","His House","Remi Weekes","Ṣọpẹ́ Dìrísù, Wunmi Mosaku, Matt Smith, Malaika Wakoli-Abigaba","United Kingdom",2020-10-30,2020,"TV-14",93,"min","Horror Movies, Independent Movies","As a young couple from war-torn South Sudan seeks asylum and a fresh start in England, they’re tormented by a sinister force living in their new home.",2020,"Oct"
"s1777","Movie","In Line","Tope Oshin","Chris Attoh, Adesua Etomi, Uzor Arukwe, Sika Osei, Leonora Okien, Shawn Faqua, Tina Mba","Nigeria",2020-10-30,2017,"TV-14",114,"min","Dramas, International Movies","A convicted murderer gets out of prison and reunites with his wife, who is plotting revenge against him after years of physical and emotional abuse.",2020,"Oct"
"s1778","Movie","Kaali Khuhi","Terrie Samundra","Shabana Azmi, Leela Samson, Sanjeeda Sheikh, Satyadeep Misra, Riva Arora, Hetvi Bhanushali, Rose Rathod","India",2020-10-30,2020,"TV-14",91,"min","Horror Movies, International Movies","When a restless spirit curses a village that has a history of female infanticide, the town's fate lies in the hands of a 10-year-old girl.",2020,"Oct"
"s1781","Movie","Rogue City","Olivier Marchal","Lannick Gautry, Stanislas Merhar, Kaaris, David Belle, Jean Reno, Claudia Cardinale, Gérard Lanvin, Patrick Catalifo, Moussa Maaskri, Catherine Marchal","France",2020-10-30,2020,"TV-MA",116,"min","Dramas, International Movies, Thrillers","Caught in the crosshairs of police corruption and Marseille’s warring gangs, a loyal cop must protect his squad by taking matters into his own hands.",2020,"Oct"
"s1784","Movie","The Day of the Lord","Santiago Alvarado Ilarri","Juli Fàbregas, Ximena Romo, Héctor Illanes, Dolores Heredia","Mexico, Spain",2020-10-30,2020,"TV-MA",93,"min","Horror Movies, International Movies","In this horror movie, a retired priest haunted by his sins is pulled back into the darkness when a friend begs him to help his possessed daughter.",2020,"Oct"
"s1785","Movie","Pagpag: Nine Lives","Frasco Mortiz","Daniel Padilla, Kathryn Bernardo, Shaina Magdayao, Paulo Avelino, Matet De Leon, Janus del Prado, Miles Ocampo, Clarence Delgado, CJ Navato, Michelle Vito","Philippines",2020-10-29,2013,"TV-14",106,"min","Horror Movies, International Movies","After ignoring superstitions, a group of teenagers find themselves in a fight for their lives when they are haunted — and hunted — by an evil spirit.",2020,"Oct"
"s1786","Movie","Holidate","John Whitesell","Emma Roberts, Luke Bracey, Kristin Chenoweth, Frances Fisher, Jessica Capshaw, Andrew Bachelor, Cynthy Wu, Alex Moffat, Manish Dayal","United States",2020-10-28,2020,"TV-MA",105,"min","Comedies, Romantic Movies","Fed up with being single on holidays, two strangers agree to be each other's platonic plus-ones all year long, only to catch real feelings along the way.",2020,"Oct"
"s1788","Movie","Metallica Through The Never","Nimród Antal","Dane DeHaan, James Hetfield, Lars Ulrich, Kirk Hammett, Robert Trujillo","United States",2020-10-28,2013,"R",93,"min","Music & Musicals","As heavy metal band Metallica tears up the stage, a young roadie is sent on an urgent errand. But his mission soon takes a surreal turn.",2020,"Oct"
"s1789","Movie","Nobody Sleeps in the Woods Tonight","Bartosz M. Kowalski","Julia Wieniawa-Narkiewicz, Michał Lupa, Wiktoria Gąsiewska, Stanisław Cywka, Sebastian Dela, Gabriela Muskała, Michał Zbroja, Mirosław Zbrojewicz, Piotr Cyrwus, Olaf Lubaszenko, Wojciech Mecwaldowski","Poland",2020-10-28,2020,"TV-MA",103,"min","Horror Movies, International Movies","Addicted to technology, a group of teens attends a rehabilitation camp in the forest, but a sinister force there intends to take them offline forever.",2020,"Oct"
"s1794","Movie","Sarah Cooper: Everything's Fine","Natasha Lyonne","Sarah Cooper, Fred Armisen, Maya Rudolph, Ben Stiller, Megan Thee Stallion, Jane Lynch, Jon Hamm, Aubrey Plaza, Connie Chung, Jordan Black, Tommy Davidson, Helen Mirren, Jonathan Van Ness, Danielle Brooks, Winona Ryder, Marcella Arguello, Eddie Pepitone, Marisa Tomei, Whoopi Goldberg, Tom Kane","United States",2020-10-27,2020,"TV-MA",50,"min","Comedies","Comedian and Trump lip-synching sensation Sarah Cooper tackles politics, race and other light topics in a sketch special packed with celebrity guests.",2020,"Oct"
"s1795","Tv Show","The Devil Punisher","Chang Chin-jung, Chen Rong-hui","Mike He, Ivy Shao, Anson Chen, Jane Chang, Roy Chang, Amanda Chou, Johnny Yang, Yin Chao-te, Tan Ai-Chen, Chen Bor-jeng, Dewi Chien","Taiwan",2020-10-26,2020,"TV-14",1,"Season","International TV Shows, Romantic TV Shows, TV Mysteries","A baker by day and demon fighter by night, a reincarnated deity must jog his amnesiac lover's memory of their millennium-long romance.",2020,"Oct"
"s1796","Movie","Ajab Prem Ki Ghazab Kahani","Rajkumar Santoshi","Ranbir Kapoor, Katrina Kaif, Govind Namdeo, Darshan Jariwala, Zakir Hussain, Smita Jaykar, Navneet Nishan, Dolly Bindra, Upen Patel","India",2020-10-25,2009,"TV-14",150,"min","Comedies, International Movies, Music & Musicals","A young man's obsession with making others happy drives him to help the girl he loves marry someone else, then try to win her heart.",2020,"Oct"
"s1797","Movie","Black '47","Lance Daly","Hugo Weaving, James Frecheville, Stephen Rea, Freddie Fox, Barry Keoghan, Moe Dunford, Sarah Greene, Jim Broadbent","Ireland, Luxembourg, Belgium",2020-10-24,2018,"R",100,"min","Action & Adventure, Dramas, Independent Movies","When the Great Famine ravages his beloved country, a battle-hardened Irishman deserts the British Empire and exacts revenge on the tyrants responsible.",2020,"Oct"
"s1798","Movie","I Am Woman","Unjoo Moon","Tilda Cobham-Hervey, Danielle Macdonald, Evan Peters, Chris Parnell, David Lyons, Matty Cardarople, Dusty Sorg","Australia",2020-10-24,2019,"TV-MA",117,"min","Dramas, Music & Musicals","In the 1960s, Australian singer Helen Reddy struggles with misogyny in the music business — until she records an anthem for the women's movement.",2020,"Oct"
"s1799","Movie","Alice Junior","Gil Baroni","Anne Celestino Mota, Emmanuel Rosset, Matheus Moura, Surya Amitrano, Thaís Schier, Cida Rolim, Katia Horn, Igor Augustho, Marcel Szymanski","Brazil",2020-10-23,2019,"TV-MA",87,"min","Comedies, International Movies, LGBTQ Movies","In a small town, a trans teen with a vibrant personality shakes up her high school's conservative ways while trying to secure her first kiss.",2020,"Oct"
"s1802","Movie","Over the Moon","Glen Keane","Cathy Ang, Phillipa Soo, Ken Jeong, Robert G. Chiu, John Cho, Sandra Oh, Ruthie Ann Miles, Margaret Cho, Kimiko Glenn, Artt Butler, Irene Tsu, Clem Cheung, Conrad Ricamora","China, United States",2020-10-23,2020,"PG",100,"min","Children & Family Movies, Music & Musicals","Fueled by memories of her mother, resourceful Fei Fei builds a rocket to the moon on a mission to prove the existence of a legendary moon goddess.",2020,"Oct"
"s1803","Movie","Shattered Memories","Chris Sivertson","Elizabeth Bogush, Brad Schmidt, Sarah Lind, Eddie Kaye Thomas, Phillip Boyd, Victoria Barabas, Mark Famiglietti, Walker Borba, Meg DeLacy","United States",2020-10-23,2018,"TV-14",86,"min","Dramas, Thrillers","When her former lover's mysteriously murdered, a woman must clear her name – and avoid the killer.",2020,"Oct"
"s1807","Movie","Cadaver","Jarand Herdal","Gitte Witt, Thomas Gullestad, Thorbjørn Harr, Tuva Olivia Remman, Trine Wiggen, Maria Grazia Di Meo, Kingsford Siayor, Jonatan Rodriguez","Norway",2020-10-22,2020,"TV-MA",87,"min","Horror Movies, International Movies","When a peculiar hotel dinner show draws crowds during a postapocalyptic famine, one family discovers they'll pay much more than the price of admission.",2020,"Oct"
"s1808","Movie","Exes Baggage","Dan Villegas","Angelica Panganiban, Carlo Aquino, Dionne Monsanto","Philippines",2020-10-22,2018,"TV-MA",103,"min","Dramas, International Movies, Romantic Movies","After years apart, a former couple reunites and gets reacquainted with the pains of love as they work to heal wounds from the past.",2020,"Oct"
"s1809","Movie","Fisherman's Friends","Chris Foggin","Daniel Mays, James Purefoy, David Hayman, Dave Johns, Sam Swainsbury, Tuppence Middleton, Noel Clarke, Maggie Steed, Vahid Gold, Christian Brassington","United Kingdom",2020-10-22,2019,"PG-13",112,"min","Comedies, Dramas, Music & Musicals","Sea shanties have long united 10 Cornish fishermen, but when their chants sail to the music charts, their friendship is kept at bay.",2020,"Oct"
"s1810","Movie","The Hows of Us","Cathy Garcia-Molina","Kathryn Bernardo, Daniel Padilla, Darren Espanto, Jean Garcia, Susan Africa, Ria Atayde, Kit Thompson, Odette Khan, Alwyn Uytingco, Juan Miguel Severo","Philippines",2020-10-22,2018,"TV-14",120,"min","Dramas, International Movies, Romantic Movies","A young couple's house was once a happy home. But with one as the breadwinner and the other looking for a big break, can love still live here?",2020,"Oct"
"s1811","Movie","The Hummingbird Project","Kim Nguyen","Jesse Eisenberg, Alexander Skarsgård, Salma Hayek, Michael Mando, Sarah Goldberg, Anna Maguire, Frank Schorpion, Johan Heldenbergh, Kwasi Songui, Ayisha Issa","Canada, Belgium",2020-10-22,2018,"R",111,"min","Dramas, Independent Movies","After discovering a shortcut that gives them a technological advantage, two cousins look to earn their big score by outracing a massive corporation.",2020,"Oct"
"s1812","Movie","Yes, God, Yes","Karen Maine","Natalia Dyer, Timothy Simons, Wolfgang Novogratz, Francesca Reale, Susan Blackwell, Alisha Boe, Donna Lynne Champlin, Parker Wierling","United States",2020-10-22,2020,"R",78,"min","Comedies, Dramas, Independent Movies","A devoutly religious teen grapples with her own sexual awakening, and attends a Catholic school retreat in the hopes of suppressing her newfound urges.",2020,"Oct"
"s1813","Movie","Brave Blue World: Racing to Solve Our Water Crisis","Tim Neeves","Liam Neeson, Matt Damon, Jaden Smith","Canada, United Kingdom",2020-10-21,2020,"TV-PG",51,"min","Documentaries, International Movies","From reuse to energy generation, new innovations across five continents are explored in this documentary about building a future for sustainable water.",2020,"Oct"
"s1815","Movie","Rebecca","Ben Wheatley","Lily James, Armie Hammer, Kristin Scott Thomas, Keeley Hawes, Ann Dowd, Sam Riley, Tom Goodman-Hill, Mark Lewis Jones, John Hollingworth, Bill Paterson","United Kingdom",2020-10-21,2020,"PG-13",123,"min","Dramas, Romantic Movies, Thrillers","A young newlywed moves to her husband's imposing estate, where she must contend with his sinister housekeeper and the haunting shadow of his late wife.",2020,"Oct"
"s1816","Movie","The Magic School Bus Rides Again The Frizz Connection","Richard Weston","Kate McKinnon, Roman Lutterotti, Mikaela Blake, Gabby Clarke, Leke Maceda-Rustecki, Matthew Mucci, Birva Pandya, Lynsey Pham, Kaden Stephen","Canada",2020-10-20,2020,"TV-Y",46,"min","Children & Family Movies","Lightning splits the Magic School Bus into three pieces, scattering the class across the globe with different versions of Ms. Frizzle aboard each bus!",2020,"Oct"
"s1817","Movie","Tremors: Shrieker Island","Don Michael Paul","Michael Gross, Jon Heder, Caroline Langrishe, Cassie Clare, Matthew Douglas, Sahajak Boonthanakit, David Asavanond, Jackie Cruz, Richard Brake","United States",2020-10-20,2020,"PG-13",102,"min","Action & Adventure, Horror Movies","When massive mutant creatures infiltrate an island nature preserve, scientists recruit a legendary monster hunter to battle the beasts.",2020,"Oct"
"s1818","Movie","Beirut Oh Beirut","Maroun Baghdadi","Ezzat El Alaily, Mireille Maalouf, Joseph Bou Nassar, Elie Adabachi, Philippe Akiki, Ahmed Al Zein","Lebanon",2020-10-19,1975,"TV-14",106,"min","Classic Movies, Dramas, International Movies","In the aftermath of the 1967 Arab-Israeli War, four young Lebanese navigate their existence along rapidly transforming political lines.",2020,"Oct"
"s1819","Movie","Bosta","Philippe Aractingi","Rodney El Haddad, Nadine Labaky, Nada Abou Farhat, Liliane Nemri, Omar Rajeh, Mounir Malaeb, Bshara Atallah, Rana Alamuddin, Joelle Rizk, Mahfouz Barakat, Mahmoud Mabsout, Bader Haddad, Youssef Emalhoub","Lebanon",2020-10-19,2005,"TV-14",112,"min","Dramas, International Movies, Music & Musicals","After 15 years in France, Kamal returns to his native Beirut and reassembles his dance crew, striving to modernize traditional Dabke routines.",2020,"Oct"
"s1820","Movie","Ghadi","Amin Dora","Georges Khabbaz, Lara Rain, Emmanuel Khairallah, Samir Youssef, Camille Salameh, Rodrigue Sleiman, Caroline Labaki, Giselle Boueiz, Christine Choueiri","Lebanon",2020-10-19,2013,"TV-MA",101,"min","Comedies, Dramas, International Movies","When the father of a boy with Down syndrome resists his neighbors' efforts to have the child institutionalized, miraculous events begin to occur.",2020,"Oct"
"s1821","Movie","Heritages","Philippe Aractingi","Philippe Aractingi, Diane Aractingi","Lebanon, United Arab Emirates, France, Switzerland, Germany",2020-10-19,2014,"TV-14",96,"min","Documentaries, International Movies","After being forced to leave his country three times, a Lebanese film director traces his roots and analyzes key moments of the nation's history.",2020,"Oct"
"s1822","Movie","Listen","Philippe Aractingi","Hadi Bou Ayash, Ruba Zarour, Yara Bou Nassar, Rafik Ali Ahmad, Joseph Bou Nassar, Lama Lawand","Lebanon",2020-10-19,2017,"TV-MA",103,"min","Dramas, Independent Movies, International Movies","A sound engineer falls for a model but after an unfortunate accident, he fights to save their love by triggering her senses.",2020,"Oct"
"s1823","Movie","Out of Life","Maroun Baghdadi","Hippolyte Girardot, Rafik Ali Ahmad, Hussein Sbeity, Habib Hammoud, Majdi Machmouchi, Hassan Farhat, Hassan Zbib, Nabila Zeitouni, Hamza Nasrallah, Sami Hawat, Sabrina Leurquin, Roger Assaf, Nidal El Askhar","France, Belgium, Italy",2020-10-19,1991,"TV-MA",94,"min","Classic Movies, Dramas, Independent Movies","Kidnapped by guerrillas in Beirut, a French photojournalist refuses to yield his dignity despite being tortured and brainwashed by his captors.",2020,"Oct"
"s1824","Movie","Panoptic","Rana Eid","Rana Eid","Lebanon",2020-10-19,2017,"TV-MA",69,"min","Documentaries, International Movies","This documentary dissects Lebanon's present-day paradoxes stemming from years of conflict as the director attempts to reconcile with her nation's past.",2020,"Oct"
"s1825","Movie","Taxi Ballad","Daniel Joseph","Talal El-Jordi, Karina Logue, Badih Abou Chakra, Tariq Tamim, Omar Mikati, Hiam Abou Chedid, Mahmoud Mabsout, Aida Sabra","Lebanon, United States, United Arab Emirates",2020-10-19,2012,"TV-MA",81,"min","Dramas, International Movies","A taxi driver new to Beirut forms an unlikely bond with a bored American Pilates instructor who loves hearing him tell stories about his past.",2020,"Oct"
"s1826","Movie","The Kite","Randa Chahal Sabbag","Flavia Bechara, Maher Bsaibes, Randa Asmar, Renée Dick, Julia Kassar, Liliane Nemri, Ziad Rahbani, Nayef Naji, Edmond Haddad, Alia Nemry","Lebanon, France",2020-10-19,2003,"TV-MA",76,"min","Dramas, International Movies, Romantic Movies","In an occupied village, a teen girl is set to wed a stranger. But when she crosses over to meet her betrothed, her heart gets entangled at the border.",2020,"Oct"
"s1827","Movie","The Little Wars","Maroun Baghdadi","Soraya Khoury, Nabil Ismaïl, Roger Hawa, Reda Khoury, Youcef Hosni, Rifaat Tarabay","France, Lebanon",2020-10-19,1982,"TV-14",108,"min","Dramas, Independent Movies, International Movies","Beirut resident Soraya is drawn to two men: daredevil photographer Nabil and Talal, who must embrace his feudal heritage when his father is kidnapped.",2020,"Oct"
"s1828","Movie","Under the Bombs","Philippe Aractingi","Nada Abou Farhat, Georges Khabbaz, Bshara Atallah, Rawia Elchab, Elham Abbas, Iman Affara, Zahra Ali, Ali Maerouf Amer, Ali Azour, Najat Darwish","France, Lebanon, United Kingdom",2020-10-19,2007,"TV-MA",94,"min","Dramas, Independent Movies, International Movies","A mother arrives in war-torn Lebanon looking for her missing son in the South as a cab driver agrees to escort her on her dangerous trip.",2020,"Oct"
"s1830","Movie","West Beirut","Ziad Doueiri","Rami Doueiri, Mohamad Chamas, Rola Al Amin, Carmen Lebbos, Joseph Bou Nassar, Liliane Nemri","France, Norway, Lebanon, Belgium",2020-10-19,1999,"TV-MA",106,"min","Dramas, International Movies","Three intrepid teens roam the streets of Beirut in the midst of civil war, filming on a Super 8 camera and reckoning with the pains of growing up.",2020,"Oct"
"s1831","Movie","What Did I Mess","Shady Hanna","Rola Beksmati, Junaid Zeineldine, Abboudy Mallah, Tanya Nasr, Matteo El Khodr, Rita El Khoury, Tony Benn","Lebanon",2020-10-19,2018,"TV-14",98,"min","Comedies, International Movies, Romantic Movies","In an attempt to get her ex to propose, Nayla hosts a gathering to introduce him to her new suitor — only for the party to turn into a hellish occasion.",2020,"Oct"
"s1832","Movie","Whispers","Maroun Baghdadi","Nadia Tueni, Ziad Rahbani","Lebanon, Canada, France",2020-10-19,1980,"TV-14",93,"min","Documentaries, International Movies","With her home devastated by war, a Lebanese poet takes a cross-country road trip, looking for glimmers of hope through nostalgic memories and verse.",2020,"Oct"
"s1833","Movie","Zozo","Josef Fares","Imad Creidi, Antoinette Turk, Elias Gergi, Carmen Lebbos, Viktor Axelsson, Charbel Iskandar, Yasmine Awad","Sweden, Czech Republic, United Kingdom, Denmark, Netherlands",2020-10-19,2005,"TV-MA",99,"min","Dramas, International Movies","When Lebanon's Civil War deprives Zozo of his family, he's left with grief and little means as he escapes to Sweden in search of his grandparents.",2020,"Oct"
"s1834","Movie","ParaNorman","Sam Fell, Chris Butler","Kodi Smit-McPhee, Tucker Albrizzi, Anna Kendrick, Casey Affleck, Christopher Mintz-Plasse, Leslie Mann, Jeff Garlin, Elaine Stritch, Bernard Hill, Jodelle Ferland, Tempestt Bledsoe, Alex Borstein, John Goodman","United States",2020-10-18,2012,"PG",93,"min","Children & Family Movies, Comedies","When an army of zombies invades a small town, it's up to an odd local boy with a knack for communicating with the dead to save the day.",2020,"Oct"
"s1836","Movie","I Am Vengeance: Retaliation","Ross Boyask","Stu Bennett, Vinnie Jones, Mark Griffin, Katrina Durden, Phoebe Robinson-Galvin, Sam Benjamin, David Schaal, Jessica-Jane Stafford, Bentley Kalu, Jean-Paul Ly","United Kingdom",2020-10-17,2020,"R",82,"min","Action & Adventure","To clear his criminal record, an ex-special forces soldier agrees to lead a team to retrieve a double-crossing mercenary and deliver him to justice.",2020,"Oct"
"s1837","Movie","Disconnect","David 'Tosh' Gitonga, Michael Jones","Brenda Wairimu, Nick Mutuma, Catherine Kamau, Pascal Tokodi, Patricia Kihoro, Pierra Makena, Bridget Shighadi, Brian Ogola, Illya Frank, Aseem Sharma, Arthur Sanya, Justin Mirichii, Maqbul Mohammed","Kenya",2020-10-16,2018,"TV-MA",107,"min","Comedies, International Movies, Romantic Movies","A group of singletons stumbles through the wild dating scene in Nairobi as two friends wonder if their relationship is more than platonic.",2020,"Oct"
"s1839","Movie","In a Valley of Violence","Ti West","Ethan Hawke, John Travolta, Taissa Farmiga, James Ransone, Karen Gillan, Toby Huss, Tommy Nohilly, Larry Fessenden, Michael Davis, Burn Gorman","United States",2020-10-16,2016,"R",104,"min","Action & Adventure","After a quiet drifter is met with violence and bullying in a small town, he finds himself enmeshed in a vengeful struggle with the local marshal.",2020,"Oct"
"s1841","Tv Show","Someone Has to Die","Manolo Caro","Carmen Maura, Cecilia Suárez, Ester Expósito, Ernesto Alterio, Alejandro Speitzer, Isaac Hernández, Carlos Cuevas, Mariola Fuentes, Pilar Castro, Juan Carlos Vellido, Eduardo Casanova, Manuel Morón, Javier Pereira","Mexico, Spain",2020-10-16,2020,"TV-MA",1,"Season","Crime TV Shows, International TV Shows, Spanish-Language TV Shows","In conservative 1950s Spain, the alleged relationship between a young man and a Mexican ballerino creates an uproar of harrowing consequences.",2020,"Oct"
"s1843","Movie","The Trial of the Chicago 7","Aaron Sorkin","Sacha Baron Cohen, Eddie Redmayne, Yahya Abdul-Mateen II, Jeremy Strong, Mark Rylance, Joseph Gordon-Levitt, Michael Keaton, Frank Langella, John Carroll Lynch, Alex Sharp, John Doman, Ben Shenkman","United States, United Kingdom, India",2020-10-16,2020,"R",130,"min","Dramas","What was supposed to be a peaceful protest turned into a violent clash with the police. What followed was one of the most notorious trials in history.",2020,"Oct"
"s1844","Movie","Unfriended","Levan Gabriadze","Shelley Hennig, Moses Storm, Renee Olstead, Will Peltz, Jacob Wysocki, Courtney Halverson, Heather Sossaman, Matthew Bohrer, Mickey River, Cal Barnes","United States, Russia",2020-10-16,2014,"R",83,"min","Horror Movies, Thrillers","Six teens whose cyberbullying drove their classmate to kill herself become the target of an online stalker with a lethal agenda.",2020,"Oct"
"s1845","Movie","A Babysitter's Guide to Monster Hunting","Rachel Talalay","Tamara Smart, Oona Laurence, Tom Felton, Troy Leigh-Anne Johnson, Lynn Masako Cheng, Ty Consiglio, Ian Ho, Indya Moore, Alessio Scalzotto, Tamsen McDonough","United States",2020-10-15,2020,"TV-PG",99,"min","Children & Family Movies","Recruited by a secret society of babysitters, a high schooler battles the Boogeyman and his monsters when they nab the boy she's watching on Halloween.",2020,"Oct"
"s1846","Movie","Batman: The Killing Joke","Sam Liu","Kevin Conroy, Mark Hamill, Tara Strong, Ray Wise, John DiMaggio, Robin Atkin Downes, Brian George, JP Karliak, Andrew Kishino, Nolan North","United States",2020-10-15,2016,"R",77,"min","Action & Adventure","The Joker makes life hell for the Gordon family in a monstrous attempt to prove to Batman that one bad day can drive a good man to madness.",2020,"Oct"
"s1847","Movie","El-Khawaga's Dilemma","Peter Mimi","Hassan El Raddad, Mohamed Lotfy, Hana El Zahed, Hassan Hosny, Majed El Masry, Mohamed Ezz, Samia Trabelsi, Yasser Al Zankalouni, Ahmed El Sobky, Bayoumi Fouad","Egypt",2020-10-15,2018,"TV-14",94,"min","Action & Adventure, Comedies, International Movies","After a car crash, sparks fly for a financially struggling man and the daughter of a business tycoon, unraveling dark secrets and loose ends.",2020,"Oct"
"s1850","Movie","Kartini: Princess of Java","Hanung Bramantyo","Dian Sastrowardoyo, Ayushita, Acha Septriasa, Deddy Sutomo, Christine Hakim, Djenar Maesa Ayu, Denny Sumargo, Adinia Wirasti, Reza Rahadian","Indonesia, Netherlands",2020-10-15,2017,"TV-PG",118,"min","Dramas, International Movies","A woman of nobility battles patriarchal norms in order to improve educational access for women in early 1900s Indonesian society.",2020,"Oct"
"s1851","Movie","Love Like the Falling Rain","Lasja Fauzia Susatyo","Jefri Nichol, Aurora Ribero, Axel Matthew, Nadya Arina, Karina Suwandhi, Rebecca Klopper","Indonesia",2020-10-15,2020,"TV-14",87,"min","Dramas, International Movies, Romantic Movies","Fearing rejection, a young man struggles to declare his feelings for his best friend, who soon falls for another man — until a fateful incident.",2020,"Oct"
"s1856","Movie","A Choo","Kevin Ko, Peter Tsi","Kai Ko, Ariel Lin, Darren Wang, Zhang Xiaolong, Louis Koo, Vanness Wu, Kate Tsui","Taiwan",2020-10-14,2020,"TV-14",101,"min","Action & Adventure, International Movies, Romantic Movies","Determined to win the heart of his childhood crush from orphanage, EJ becomes a boxer with superpowers and soon confronts a formidable villain.",2020,"Oct"
"s1857","Movie","BLACKPINK: Light Up the Sky","Caroline Suh","Blackpink","United States",2020-10-14,2020,"TV-14",80,"min","Documentaries, Music & Musicals","Record-shattering Korean girl band BLACKPINK tell their story — and detail the hard-fought journey of the dreams and trials behind their meteoric rise.",2020,"Oct"
"s1859","Movie","Fida","Ken Ghosh","Fardeen Khan, Kareena Kapoor, Shahid Kapoor, Kim Sharma, Akhilendra Mishra","India",2020-10-13,2004,"TV-14",117,"min","International Movies, Romantic Movies, Thrillers","An all-around nice guy finds himself in a dangerous situation after he makes the ultimate sacrifice for the woman he loves in this drama.",2020,"Oct"
"s1860","Movie","Octonauts & the Great Barrier Reef","Blair Simmons","Simon Greenall, Rob Rackstraw, Jo Wyatt, Paul Buckley, Simon Foster, Teresa Gallagher, Richard Grieve, Michael Murphy, Paul Panting, Keith Wickham","United Kingdom",2020-10-13,2020,"TV-Y",47,"min","Children & Family Movies","In this musical special, the Octonauts must find a way to hold back hungry swarms of coral-eating starfish to save a new friend’s fragile reef home.",2020,"Oct"
"s1862","Movie","Dil","Indra Kumar","Aamir Khan, Madhuri Dixit, Saeed Jaffrey, Deven Verma, Anupam Kher, Shammi, Padma Rani, Rajesh Puri, Satyendra Kapoor","India",2020-10-12,1990,"TV-14",165,"min","Comedies, Dramas, International Movies","A miser’s scheme to set his son up with a millionaire’s daughter backfires when the two actually fall in love — just as his sly charade is revealed.",2020,"Oct"
"s1863","Movie","Disco Dancer","B. Subhash","Mithun Chakraborty, Kim, Kalpana Iyer, Om Puri, Gita Siddharth, Yusuf Khan, Bob Christo, Om Shivpuri, Karan Razdan","India",2020-10-12,1982,"TV-14",134,"min","Cult Movies, Dramas, International Movies","A poor boy grows up to be a famous disco dancer, hoping to use his art to exact revenge on the millionaire who once framed him and his mother for theft.",2020,"Oct"
"s1864","Movie","Hunterrr","Harshavardhan Kulkarni","Gulshan Devaiah, Radhika Apte, Sai Tamhankar, Veera Saxena, Sagar Deshmukh","India",2020-10-12,2015,"TV-MA",140,"min","Comedies, International Movies, Romantic Movies","A sex-obsessed young man tries to put his past behind him when he falls for an extraordinary woman who makes him want to change his lifestyle.",2020,"Oct"
"s1866","Movie","Phir Hera Pheri","Neeraj Vora","Akshay Kumar, Sunil Shetty, Paresh Rawal, Bipasha Basu, Rimi Sen, Johny Lever, Manoj Joshi, Rajpal Yadav, Sharat Saxena, Suresh Menon","India",2020-10-12,2006,"TV-14",150,"min","Comedies, International Movies","Driven by greed, three rich friends seek to double their wealth and find themselves indebted to a ruthless gangster.",2020,"Oct"
"s1867","Movie","The Legend of Bhagat Singh","Rajkumar Santoshi","Ajay Devgn, Sushant Singh, D. Santosh, Akhilendra Mishra, Raj Babbar, Farida Jalal, Amrita Rao, Mukesh Tiwari","India",2020-10-12,2002,"TV-14",156,"min","Dramas, International Movies","This biopic chronicles the life and times of iconic Indian revolutionary Bhagat Singh, who led an armed resistance against the British in the 1920.",2020,"Oct"
"s1868","Movie","House of the Witch","Alex Merkin","Emily Bader, Darren Mann, Michelle Randolph, Coy Stewart, Jesse Pepe, Arden Belle, Joel Nagle, Nolan Bateman","United States",2020-10-11,2017,"TV-MA",86,"min","Horror Movies","A group of daring teens finds themselves in a fight for their lives inside a haunted house when a sinister spirit crashes their Halloween party.",2020,"Oct"
"s1870","Movie","Ginny Weds Sunny","Puneet Khanna","Yami Gautam, Vikrant Massey, Suhail Nayyar, Ayesha Raza Mishra, Isha Talwar, Rajeev Gupta","India",2020-10-09,2020,"TV-MA",126,"min","Comedies, International Movies, Romantic Movies","Eager to marry but constantly rejected by women, a bachelor hopes to win over a former crush by accepting help from an unlikely source: her mother.",2020,"Oct"
"s1871","Movie","My Step Dad: The Hippie","Meltem Bozoflu","Onur Buldu, Mahir İpek, Derya Karadaş, Onur Attila, Meltem Yılmazkaya, Yasemin Conka, Burak Topaloglu, Sefik Taylan, Orkun Karagöz, Erdogan Aydin","Turkey, South Korea",2020-10-09,2018,"TV-MA",100,"min","Comedies, International Movies","When three adult siblings meet the offbeat man who their widowed mom fawns over, they take drastic actions to stop them from ever getting married.",2020,"Oct"
"s1873","Movie","The Forty-Year-Old Version","Radha Blank","Radha Blank, Peter Kim, Oswin Benjamin, Imani Lewis, Haskiri Velazquez, Antonio Ortiz, T.J. Atoms, Reed Birney","United States",2020-10-09,2020,"R",124,"min","Comedies, Dramas, Independent Movies","Desperate for a breakthrough as she nears the big 4-0, struggling New York City playwright Radha finds inspiration by reinventing herself as a rapper.",2020,"Oct"
"s1875","Movie","Bigflo & Oli: Hip Hop Frenzy","Bigflo & Oli, Jérémie Levypon","Bigflo & Oli","France",2020-10-08,2020,"TV-MA",100,"min","Documentaries, International Movies, Music & Musicals","Go backstage with French rap duo Bigflo & Oli in this intimate music documentary, then join the superstar siblings as they embark on a major tour.",2020,"Oct"
"s1877","Movie","Palermo Hollywood","Eduardo Pinto","Brian Maya, Matías Desiderio, Manuela Pal, Azul Lombardía","Argentina",2020-10-08,2004,"TV-MA",106,"min","Dramas, International Movies","A pair of petty criminals from different backgrounds get tangled up in a gangster's kidnapping scheme that goes awry.",2020,"Oct"
"s1880","Movie","Hubie Halloween","Steve Brill","Adam Sandler, Kevin James, Julie Bowen, Ray Liotta, Steve Buscemi, Maya Rudolph, Rob Schneider, June Squibb, Kenan Thompson, Tim Meadows, Michael Chiklis, Karan Brar, George Wallace, Paris Berelc, Noah Schnapp, China Anne McClain, Colin Quinn, Kym Whitley, Lavell Crawford, Mikey Day, Jackie Sandler, Sadie Sandler, Sunny Sandler","United States",2020-10-07,2020,"PG-13",104,"min","Comedies, Horror Movies","Hubie's not the most popular guy in Salem, Mass., but when Halloween turns truly spooky, this good-hearted scaredy-cat sets out to keep his town safe.",2020,"Oct"
"s1881","Tv Show","To the Lake","Pavel Kostomarov","Viktoriya Isakova, Kirill Käro, Aleksandr Robak, Natalya Zemtsova, Maryana Spivak, Yuri Kuznetsov, Eldar Kalimulin, Viktoriya Agalakova, Alexander Yatsenko, Saveliy Kudryashov","Russia",2020-10-07,2020,"TV-MA",1,"Season","International TV Shows, TV Dramas, TV Mysteries","Facing the end of civilization when a terrifying plague strikes, a group risks their lives, loves — and humanity — in a brutal struggle to survive.",2020,"Oct"
"s1882","Movie","American Pie 9: Girls' Rules","Mike Elliott","Madison Pettis, Lizze Broadway, Piper Curda, Natasha Behnam, Darren Barnet, Sara Rue, Zachary Gordon, Camaron Engels, Christian Valderrama, Zayne Emory","United States",2020-10-06,2020,"R",96,"min","Comedies","Four tight-knit high school seniors vow to turn their love lives around by homecoming when the arrival of a new student muddles their plans.",2020,"Oct"
"s1883","Movie","Dolly Parton: Here I Am","Francis Whately","Dolly Parton","United Kingdom",2020-10-06,2019,"TV-14",90,"min","Documentaries, Music & Musicals","Dolly Parton leads a moving, musical journey in this documentary that details the people and places who have helped shape her iconic career.",2020,"Oct"
"s1884","Movie","StarBeam: Halloween Hero","Jon Izen","Nahanni Mitchell, Dean Petriw, Terry Klassen, Sam Vincent, Rhona Rees, Laara Sadiq","Canada",2020-10-06,2020,"TV-Y",33,"min","Children & Family Movies","Greedy Captain Fishbeard is stealing everybody's Halloween treats for himself, but StarBeam and Boost have some tricks up their sleeves to save the day!",2020,"Oct"
"s1885","Movie","Walk Away from Love","Christopher Nolen","Noree Victoria, Brad James, Robert Christopher Riley, Brely Evans, Sabrina Revelle","United States",2020-10-06,2017,"TV-14",81,"min","Dramas, Romantic Movies","Heartbroken from her last relationship, an attorney is wary of falling in love again. But crossing paths with an ex upends her plans to finally move on.",2020,"Oct"
"s1887","Movie","David Attenborough: A Life on Our Planet","Alastair Fothergill, Jonnie Hughes, Keith Scholey","David Attenborough","United States, United Kingdom",2020-10-04,2020,"PG",84,"min","Documentaries","A broadcaster recounts his life, and the evolutionary history of life on Earth, to grieve the loss of wild places and offer a vision for the future.",2020,"Oct"
"s1888","Movie","Best Wishes, Warmest Regards: A Schitt's Creek Farewell","Amy Segal","Daniel Levy, Eugene Levy, Catherine O'Hara, Annie Murphy, Chris Elliott, Emily Hampshire, Sarah Levy, Jennifer Robertson, Noah Reid, Dustin Milligan, Karen Robinson, Rizwan Manji","Canada",2020-10-03,2020,"TV-MA",44,"min","Documentaries, LGBTQ Movies","From unseen footage to the last table read, this documentary takes an inside look at the final season of the acclaimed comedy series ""Schitt's Creek.""",2020,"Oct"
"s1889","Movie","Good Game: The Beginning","Umut Aral","Mert Yazıcıoğlu, Afra Saraçoğlu, Yiğit Kirazcı, Orkun Işıtmak, Bahar Şahin, Tolga Canbeyli, Bada Oh Deniz, Hakan Kurtaş, Doğaç Yildiz","Turkey",2020-10-03,2018,"TV-14",115,"min","Dramas, International Movies, Sports Movies","New high school grad and avid gamer Cenk is recruited to an intense esports team that trains for a tournament with a life-changing prize.",2020,"Oct"
"s1892","Movie","A Chaster Marriage","Umut Kirca","Emre Karayel, Ceren Moray, Begüm Kütük, Ececan Gümeci, Ümit Erdim, Cem Kiliç, Haldun Boysan, Ferdi Akarnur, Mine Teber, Güneş Hayat","Turkey",2020-10-02,2016,"TV-14",94,"min","Comedies, International Movies, Romantic Movies","Forced to wed his childhood friend, a man obsessed with football attempts to get rid of his wife in order to keep the woman he truly loves.",2020,"Oct"
"s1897","Movie","Òlòtūré","Kenneth Gyang","Beverly Osu, Sharon Ooja, Omowunmi Dada, Pearl Okorie, Wofai Samuel, Ikechukwu Onunaku, Kemi Lala Akindoju, Blossom Chukwujekwu, Adebukola Oladipupo, Omoni Oboli, Segun Arinze, Ada Ameh, Sambasa Nzeribe, Patrick Doyle, Gregory Ojefua","Nigeria",2020-10-02,2020,"TV-MA",107,"min","Dramas, International Movies","In Lagos, a journalist goes undercover as a prostitute to expose human trafficking. What she finds is a world of exploited women and ruthless violence.",2020,"Oct"
"s1898","Movie","Serious Men","Sudhir Mishra","Nawazuddin Siddiqui, Nasser, Aakshath Das, Indira Tiwari, Sanjay Narvekar, Shweta Basu Prasad","India",2020-10-02,2020,"TV-MA",115,"min","Comedies, Dramas, International Movies","When a slum dweller spins a web of lies in pursuit of the upward mobility he has long craved, his ruse could be especially dangerous for his young son.",2020,"Oct"
"s1899","Movie","The Binding","Domenico de Feudis","Riccardo Scamarcio, Mía Maestro","Italy",2020-10-02,2020,"TV-MA",93,"min","Horror Movies, International Movies, Thrillers","While visiting her fiancé's mother in southern Italy, a woman must fight the mysterious and malevolent curse intent on claiming her daughter.",2020,"Oct"
"s1900","Movie","Turkish Dance School","Burak Aksak","Binnur Kaya, Demet Özdemir, Uraz Kaygılaroğlu, Okan Çabalar, Bora Cengiz, Nergis Öztürk, Berat Yenilmez, Meltem Gülenç, Hakan Salınmış","Turkey",2020-10-02,2017,"TV-MA",107,"min","Comedies, International Movies, Romantic Movies","A woman recovering from an attempted suicide meets an aspiring doctor who takes a keen interest in her efforts to move forward in life through dance.",2020,"Oct"
"s1901","Movie","Vampires vs. the Bronx","Oz Rodriguez","Jaden Michael, Gerald W. Jones III, Gregory Diaz IV, Sarah Gadon, Method Man, Shea Whigham, Coco Jones, The Kid Mero, Chris Redd, Vladimir Caamaño, Jeremie Harris, Adam David Thompson, Zoe Saldana","United States",2020-10-02,2020,"PG-13",86,"min","Comedies, Horror Movies","Three gutsy kids from a rapidly gentrifying Bronx neighborhood stumble upon a sinister plot to suck all the life from their beloved community.",2020,"Oct"
"s1902","Movie","You've Got This","Salvador Espinosa","Mauricio Ochmann, Esmeralda Pimentel, Matteo Giannini, Regina Reynoso, Juan Martín Jauregui, Tato Alexander, Verónica Bravo, Fernando Becerril, Moisés Arizmendi, Tiaré Scanda, Mariana Cabrera, Montserrat Marañón, Verónica Langer","Mexico",2020-10-02,2020,"TV-MA",112,"min","Comedies, International Movies, Romantic Movies","An ad creative and a successful exec have a great marriage — until he wants to be a dad just as her star is rising. Then he brings someone new home.",2020,"Oct"
"s1903","Movie","All Because of You","Adrian Teh","Hairul Azreen, Janna Nick, Amerul Affendi, Henley Hii, Nam Ron, Theebaan Govindasamy, Taufiq Hanafi, Hafizul Kamal, Josiah Hogan, Sophia Albarakbah, Sugeeta Chandran, Anna Jobling","Malaysia",2020-10-01,2020,"TV-PG",102,"min","Action & Adventure, Comedies, International Movies","After falling for a guest, an unsuspecting hotel staff becomes embroiled in a hostage scheme and discovers true love in an unlikely place.",2020,"Oct"
"s1904","Movie","An Ordinary Man","Brad Silberling","Ben Kingsley, Hera Hilmar, Peter Serafinowicz","Serbia, United States",2020-10-01,2017,"R",91,"min","Dramas, Thrillers","A war criminal in hiding begins to suspect that the maid, his only confidant and contact with the outside world, may be hiding something herself.",2020,"Oct"
"s1905","Movie","Carlos Almaraz: Playing with Fire","Elsa Flores Almaraz, Richard J Montoya","Edward James Olmos, Zach De La Rocha","United States",2020-10-01,2019,"TV-14",83,"min","Documentaries, LGBTQ Movies","Mixing archival footage with interviews, this film celebrates one of Los Angeles's most influential painters and Chicano art activists from the 1970s.",2020,"Oct"
"s1906","Movie","Cold Harbour","Carey McKenzie","Tony Kgoroge, Yu Nan, Thomas Gumede, Deon Lotz, Fana Mokoena, Zolani Mahola, Kenneth Fok, Nicole Bessick","South Africa",2020-10-01,2013,"TV-MA",73,"min","Action & Adventure, Dramas, International Movies","When a war breaks out between competing gangs of smugglers in Cape Town, South Africa, an honest cop is pressured to work for a powerful crime lord.",2020,"Oct"
"s1910","Movie","Free State of Jones","Gary Ross","Matthew McConaughey, Gugu Mbatha-Raw, Mahershala Ali, Keri Russell, Christopher Berry, Sean Bridgers, Jacob Lofland, Thomas Francis Murphy, Bill Tangradi","United States",2020-10-01,2016,"R",139,"min","Action & Adventure, Dramas","A Mississippi farmer turns outlaw as he leads a ragtag band of fellow Civil War deserters and escaped slaves in a rebellion against the Confederacy.",2020,"Oct"
"s1913","Movie","Hunt for the Wilderpeople","Taika Waititi","Sam Neill, Julian Dennison, Rima Te Wiata, Rachel House, Tioreore Ngatai-Melbourne, Oscar Kightley, Stan Walker, Mike Minogue, Cohen Holloway, Rhys Darby","New Zealand",2020-10-01,2016,"PG-13",101,"min","Action & Adventure, Comedies, Dramas","A misadventure in the wilderness leads to life-changing discoveries for a troubled orphan teen from the city and his belligerent foster father.",2020,"Oct"
"s1917","Movie","Rize","David LaChapelle","Tommy the Clown, Tight Eyez","United States, United Kingdom",2020-10-01,2005,"PG-13",87,"min","Documentaries, Music & Musicals","This documentary explores ""krumping,"" a fast-paced urban dance, and follows the man that originated the phenomenon in South Central Los Angeles.",2020,"Oct"
"s1921","Movie","The Book of Sun","Faris Godus","Baraa Alem, Ismail Alhassan, Ahmed Saddam, Sohayb Godus, Nawaf Alshubaili, Eyad Ayman Kaifi","Saudi Arabia",2020-10-01,2020,"TV-14",120,"min","Comedies, Independent Movies, International Movies","A high school senior sets out to make a no-budget horror film with his friend, one-time rival and teacher, but the project soon jeopardizes their future.",2020,"Oct"
"s1922","Movie","The Outpost","Rod Lurie","Scott Eastwood, Caleb Landry Jones, Orlando Bloom, Jack Kesy, Cory Hardrict, Milo Gibson, Jacob Scipio, Taylor John Smith, Jonathan Yunger, Alexander Arnold","United States, Bulgaria",2020-10-01,2020,"R",123,"min","Action & Adventure, Dramas","A group of vastly outnumbered U.S. soldiers at a remote Afghanistan base must fend off a brutal offensive by Taliban fighters in the Battle of Kamdesh.",2020,"Oct"
"s1925","Movie","We Have Always Lived in the Castle","Stacie Passon","Taissa Farmiga, Alexandra Daddario, Crispin Glover, Sebastian Stan, Paula Malcomson, Peter Coonan, Ian Toner, Joanne Crawford","United States",2020-10-01,2018,"TV-14",95,"min","Dramas, Thrillers","The fragile and secretive world of two sisters and their uncle crumbles when their charming cousin arrives with eyes toward the family fortune.",2020,"Oct"
"s1928","Movie","Baxu and the Giants","Florian Schott","Camilla Jo-Ann Daries, Wafeeq Narimab, Anna Louw, Steven Afrikaner, Ashwyn Mberi, Robert Hara Gaeb","Namibia",2020-09-30,2019,"TV-PG",29,"min","Dramas, International Movies","A young girl grows increasingly concerned about the rhino poaching in her village when it begins to directly impact her impoverished family.",2020,"Sep"
"s1931","Movie","Poacher","Tom Whitworth","Brian Ogola, Davina Leonard, Shiviske Shivisi, Lenny Juma, Olwenya Maina, Peter King, Alfred Munyua, Mwajuma Belle","United Kingdom, Kenya",2020-09-30,2018,"TV-MA",28,"min","Dramas, International Movies, Thrillers","A daring farmer steals illicit ivory from a group of international terrorists and must elude their dangerous and deadly games.",2020,"Sep"
